gdal	help	h		boolean	req=0	pos=0	in=1	out=0	cnt=0..1	def=	choices=	min=	max=	ds=	dsin=0	dsout=0	mx=	md=	deps=	hid=0/0/1	cat=Common	meta=	desc=Display help message and exit
gdal	help-doc			boolean	req=0	pos=0	in=1	out=0	cnt=0..1	def=	choices=	min=	max=	ds=	dsin=0	dsout=0	mx=	md=	deps=	hid=1/1/1	cat=Base	meta=	desc=Display help message for use by documentation
gdal	json-usage			boolean	req=0	pos=0	in=1	out=0	cnt=0..1	def=	choices=	min=	max=	ds=	dsin=0	dsout=0	mx=	md=	deps=	hid=0/0/1	cat=Common	meta=	desc=Display usage as JSON document and exit
gdal	config			string_list	req=0	pos=0	in=1	out=0	cnt=0..-1	def=	choices=	min=	max=	ds=	dsin=0	dsout=0	mx=	md=	deps=	hid=0/0/1	cat=Common	meta=	desc=Configuration option
gdal	version			boolean	req=0	pos=0	in=1	out=0	cnt=0..1	def=	choices=	min=	max=	ds=	dsin=0	dsout=0	mx=	md=	deps=	hid=0/0/1	cat=Base	meta=	desc=Display GDAL version and exit
gdal	drivers			boolean	req=0	pos=0	in=1	out=0	cnt=0..1	def=	choices=	min=	max=	ds=	dsin=0	dsout=0	mx=	md=	deps=	hid=0/0/0	cat=Base	meta=	desc=Display driver list as JSON document
gdal	output-string			string	req=0	pos=0	in=0	out=1	cnt=0..1	def=	choices=	min=	max=	ds=	dsin=0	dsout=0	mx=	md=	deps=	hid=0/1/0	cat=Base	meta=	desc=Output string, in which the result is placed
gdal convert	help	h		boolean	req=0	pos=0	in=1	out=0	cnt=0..1	def=	choices=	min=	max=	ds=	dsin=0	dsout=0	mx=	md=	deps=	hid=0/0/1	cat=Common	meta=	desc=Display help message and exit
gdal convert	help-doc			boolean	req=0	pos=0	in=1	out=0	cnt=0..1	def=	choices=	min=	max=	ds=	dsin=0	dsout=0	mx=	md=	deps=	hid=1/1/1	cat=Base	meta=	desc=Display help message for use by documentation
gdal convert	json-usage			boolean	req=0	pos=0	in=1	out=0	cnt=0..1	def=	choices=	min=	max=	ds=	dsin=0	dsout=0	mx=	md=	deps=	hid=0/0/1	cat=Common	meta=	desc=Display usage as JSON document and exit
gdal convert	config			string_list	req=0	pos=0	in=1	out=0	cnt=0..-1	def=	choices=	min=	max=	ds=	dsin=0	dsout=0	mx=	md=	deps=	hid=0/0/1	cat=Common	meta=	desc=Configuration option
gdal convert	quiet	q		boolean	req=0	pos=0	in=1	out=0	cnt=0..1	def=	choices=	min=	max=	ds=	dsin=0	dsout=0	mx=	md=	deps=	hid=0/0/0	cat=Common	meta=	desc=Quiet mode (no progress bar or warning message)
gdal convert	progress			boolean	req=0	pos=0	in=1	out=0	cnt=0..1	def=	choices=	min=	max=	ds=	dsin=0	dsout=0	mx=	md=	deps=	hid=1/1/1	cat=Base	meta=	desc=Display progress bar
gdal convert	output-format	f	of|format	string	req=0	pos=0	in=1	out=0	cnt=0..1	def=	choices=	min=	max=	ds=	dsin=0	dsout=0	mx=	md=	deps=	hid=0/0/0	cat=Base	meta=	desc=Output format
gdal convert	input	i		dataset	req=1	pos=1	in=1	out=0	cnt=0..1	def=	choices=	min=	max=	ds=raster,vector,multidim	dsin=3	dsout=2	mx=	md=	deps=	hid=0/0/0	cat=Base	meta=	desc=Input raster, vector or multidimensional raster dataset
gdal convert	output	o		dataset	req=1	pos=1	in=1	out=1	cnt=0..1	def=	choices=	min=	max=	ds=raster,vector,multidim	dsin=1	dsout=2	mx=	md=	deps=	hid=0/0/0	cat=Base	meta=	desc=Output raster, vector or multidimensional raster dataset
gdal dataset	help	h		boolean	req=0	pos=0	in=1	out=0	cnt=0..1	def=	choices=	min=	max=	ds=	dsin=0	dsout=0	mx=	md=	deps=	hid=0/0/1	cat=Common	meta=	desc=Display help message and exit
gdal dataset	help-doc			boolean	req=0	pos=0	in=1	out=0	cnt=0..1	def=	choices=	min=	max=	ds=	dsin=0	dsout=0	mx=	md=	deps=	hid=1/1/1	cat=Base	meta=	desc=Display help message for use by documentation
gdal dataset	json-usage			boolean	req=0	pos=0	in=1	out=0	cnt=0..1	def=	choices=	min=	max=	ds=	dsin=0	dsout=0	mx=	md=	deps=	hid=0/0/1	cat=Common	meta=	desc=Display usage as JSON document and exit
gdal dataset	config			string_list	req=0	pos=0	in=1	out=0	cnt=0..-1	def=	choices=	min=	max=	ds=	dsin=0	dsout=0	mx=	md=	deps=	hid=0/0/1	cat=Common	meta=	desc=Configuration option
gdal dataset check	help	h		boolean	req=0	pos=0	in=1	out=0	cnt=0..1	def=	choices=	min=	max=	ds=	dsin=0	dsout=0	mx=	md=	deps=	hid=0/0/1	cat=Common	meta=	desc=Display help message and exit
gdal dataset check	help-doc			boolean	req=0	pos=0	in=1	out=0	cnt=0..1	def=	choices=	min=	max=	ds=	dsin=0	dsout=0	mx=	md=	deps=	hid=1/1/1	cat=Base	meta=	desc=Display help message for use by documentation
gdal dataset check	json-usage			boolean	req=0	pos=0	in=1	out=0	cnt=0..1	def=	choices=	min=	max=	ds=	dsin=0	dsout=0	mx=	md=	deps=	hid=0/0/1	cat=Common	meta=	desc=Display usage as JSON document and exit
gdal dataset check	config			string_list	req=0	pos=0	in=1	out=0	cnt=0..-1	def=	choices=	min=	max=	ds=	dsin=0	dsout=0	mx=	md=	deps=	hid=0/0/1	cat=Common	meta=	desc=Configuration option
gdal dataset check	quiet	q		boolean	req=0	pos=0	in=1	out=0	cnt=0..1	def=	choices=	min=	max=	ds=	dsin=0	dsout=0	mx=	md=	deps=	hid=0/0/0	cat=Common	meta=	desc=Quiet mode (no progress bar or warning message)
gdal dataset check	progress			boolean	req=0	pos=0	in=1	out=0	cnt=0..1	def=	choices=	min=	max=	ds=	dsin=0	dsout=0	mx=	md=	deps=	hid=1/1/1	cat=Base	meta=	desc=Display progress bar
gdal dataset check	input	i		dataset	req=1	pos=1	in=1	out=0	cnt=0..1	def=	choices=	min=	max=	ds=raster,vector,multidim	dsin=3	dsout=2	mx=	md=	deps=	hid=0/0/0	cat=Base	meta=	desc=Input raster, vector or multidimensional raster dataset
gdal dataset check	open-option		oo	string_list	req=0	pos=0	in=1	out=0	cnt=0..-1	def=	choices=	min=	max=	ds=	dsin=0	dsout=0	mx=	md=	deps=	hid=0/0/0	cat=Advanced	meta=	desc=Open options
gdal dataset check	input-format		if	string_list	req=0	pos=0	in=1	out=0	cnt=0..-1	def=	choices=	min=	max=	ds=	dsin=0	dsout=0	mx=	md=	deps=	hid=0/0/0	cat=Advanced	meta=	desc=Input formats
gdal dataset check	return-code			integer	req=0	pos=0	in=0	out=1	cnt=0..1	def=	choices=	min=	max=	ds=	dsin=0	dsout=0	mx=	md=	deps=	hid=0/1/0	cat=Base	meta=	desc=Return code
gdal dataset copy	help	h		boolean	req=0	pos=0	in=1	out=0	cnt=0..1	def=	choices=	min=	max=	ds=	dsin=0	dsout=0	mx=	md=	deps=	hid=0/0/1	cat=Common	meta=	desc=Display help message and exit
gdal dataset copy	help-doc			boolean	req=0	pos=0	in=1	out=0	cnt=0..1	def=	choices=	min=	max=	ds=	dsin=0	dsout=0	mx=	md=	deps=	hid=1/1/1	cat=Base	meta=	desc=Display help message for use by documentation
gdal dataset copy	json-usage			boolean	req=0	pos=0	in=1	out=0	cnt=0..1	def=	choices=	min=	max=	ds=	dsin=0	dsout=0	mx=	md=	deps=	hid=0/0/1	cat=Common	meta=	desc=Display usage as JSON document and exit
gdal dataset copy	config			string_list	req=0	pos=0	in=1	out=0	cnt=0..-1	def=	choices=	min=	max=	ds=	dsin=0	dsout=0	mx=	md=	deps=	hid=0/0/1	cat=Common	meta=	desc=Configuration option
gdal dataset copy	source			string	req=1	pos=1	in=1	out=0	cnt=0..1	def=	choices=	min=	max=	ds=	dsin=0	dsout=0	mx=	md=	deps=	hid=0/0/0	cat=Base	meta=	desc=Source dataset name
gdal dataset copy	destination			string	req=1	pos=1	in=1	out=0	cnt=0..1	def=	choices=	min=	max=	ds=	dsin=0	dsout=0	mx=	md=	deps=	hid=0/0/0	cat=Base	meta=	desc=Destination dataset name
gdal dataset copy	overwrite			boolean	req=0	pos=0	in=1	out=0	cnt=0..1	def=false	choices=	min=	max=	ds=	dsin=0	dsout=0	mx=	md=	deps=	hid=0/0/0	cat=Base	meta=	desc=Whether overwriting existing output dataset is allowed
gdal dataset copy	format	f		string	req=0	pos=0	in=1	out=0	cnt=0..1	def=	choices=	min=	max=	ds=	dsin=0	dsout=0	mx=	md=	deps=	hid=0/0/0	cat=Advanced	meta=required_capabilities=DCAP_OPEN;	desc=Dataset format
gdal dataset delete	help	h		boolean	req=0	pos=0	in=1	out=0	cnt=0..1	def=	choices=	min=	max=	ds=	dsin=0	dsout=0	mx=	md=	deps=	hid=0/0/1	cat=Common	meta=	desc=Display help message and exit
gdal dataset delete	help-doc			boolean	req=0	pos=0	in=1	out=0	cnt=0..1	def=	choices=	min=	max=	ds=	dsin=0	dsout=0	mx=	md=	deps=	hid=1/1/1	cat=Base	meta=	desc=Display help message for use by documentation
gdal dataset delete	json-usage			boolean	req=0	pos=0	in=1	out=0	cnt=0..1	def=	choices=	min=	max=	ds=	dsin=0	dsout=0	mx=	md=	deps=	hid=0/0/1	cat=Common	meta=	desc=Display usage as JSON document and exit
gdal dataset delete	config			string_list	req=0	pos=0	in=1	out=0	cnt=0..-1	def=	choices=	min=	max=	ds=	dsin=0	dsout=0	mx=	md=	deps=	hid=0/0/1	cat=Common	meta=	desc=Configuration option
gdal dataset delete	filename			string_list	req=1	pos=1	in=1	out=0	cnt=0..-1	def=	choices=	min=	max=	ds=	dsin=0	dsout=0	mx=	md=	deps=	hid=0/0/0	cat=Base	meta=	desc=File or directory name
gdal dataset delete	format	f		string	req=0	pos=0	in=1	out=0	cnt=0..1	def=	choices=	min=	max=	ds=	dsin=0	dsout=0	mx=	md=	deps=	hid=0/0/0	cat=Advanced	meta=required_capabilities=DCAP_OPEN;	desc=Dataset format
gdal dataset identify	help	h		boolean	req=0	pos=0	in=1	out=0	cnt=0..1	def=	choices=	min=	max=	ds=	dsin=0	dsout=0	mx=	md=	deps=	hid=0/0/1	cat=Common	meta=	desc=Display help message and exit
gdal dataset identify	help-doc			boolean	req=0	pos=0	in=1	out=0	cnt=0..1	def=	choices=	min=	max=	ds=	dsin=0	dsout=0	mx=	md=	deps=	hid=1/1/1	cat=Base	meta=	desc=Display help message for use by documentation
gdal dataset identify	json-usage			boolean	req=0	pos=0	in=1	out=0	cnt=0..1	def=	choices=	min=	max=	ds=	dsin=0	dsout=0	mx=	md=	deps=	hid=0/0/1	cat=Common	meta=	desc=Display usage as JSON document and exit
gdal dataset identify	config			string_list	req=0	pos=0	in=1	out=0	cnt=0..-1	def=	choices=	min=	max=	ds=	dsin=0	dsout=0	mx=	md=	deps=	hid=0/0/1	cat=Common	meta=	desc=Configuration option
gdal dataset identify	quiet	q		boolean	req=0	pos=0	in=1	out=0	cnt=0..1	def=	choices=	min=	max=	ds=	dsin=0	dsout=0	mx=	md=	deps=	hid=0/0/0	cat=Common	meta=	desc=Quiet mode (no progress bar or warning message)
gdal dataset identify	progress			boolean	req=0	pos=0	in=1	out=0	cnt=0..1	def=	choices=	min=	max=	ds=	dsin=0	dsout=0	mx=	md=	deps=	hid=1/1/1	cat=Base	meta=	desc=Display progress bar
gdal dataset identify	filename		input	string_list	req=1	pos=1	in=1	out=0	cnt=0..-1	def=	choices=	min=	max=	ds=	dsin=0	dsout=0	mx=	md=	deps=	hid=0/0/0	cat=Base	meta=	desc=File or directory name
gdal dataset identify	output	o		dataset	req=0	pos=0	in=1	out=1	cnt=0..1	def=	choices=	min=	max=	ds=vector	dsin=1	dsout=2	mx=	md=	deps=	hid=0/0/0	cat=Base	meta=	desc=Output vector dataset
gdal dataset identify	output-format	f	of|format	string	req=0	pos=0	in=1	out=0	cnt=0..1	def=	choices=	min=	max=	ds=	dsin=0	dsout=0	mx=	md=	deps=	hid=0/0/0	cat=Base	meta=extra_formats=json,text;required_capabilities=DCAP_VECTOR,DCAP_CREATE;	desc=Output format
gdal dataset identify	creation-option		co	string_list	req=0	pos=0	in=1	out=0	cnt=0..-1	def=	choices=	min=	max=	ds=	dsin=0	dsout=0	mx=	md=	deps=	hid=0/0/0	cat=Base	meta=	desc=Creation option
gdal dataset identify	layer-creation-option		lco	string_list	req=0	pos=0	in=1	out=0	cnt=0..-1	def=	choices=	min=	max=	ds=	dsin=0	dsout=0	mx=	md=	deps=	hid=0/0/0	cat=Base	meta=	desc=Layer creation option
gdal dataset identify	output-layer	l		string	req=0	pos=0	in=1	out=0	cnt=0..1	def=	choices=	min=	max=	ds=	dsin=0	dsout=0	mx=	md=	deps=	hid=0/0/0	cat=Base	meta=	desc=Output layer name
gdal dataset identify	overwrite			boolean	req=0	pos=0	in=1	out=0	cnt=0..1	def=false	choices=	min=	max=	ds=	dsin=0	dsout=0	mx=	md=	deps=	hid=0/0/0	cat=Base	meta=	desc=Whether overwriting existing output dataset is allowed
gdal dataset identify	recursive	r		boolean	req=0	pos=0	in=1	out=0	cnt=0..1	def=	choices=	min=	max=	ds=	dsin=0	dsout=0	mx=	md=	deps=	hid=0/0/0	cat=Base	meta=	desc=Recursively scan files/folders for datasets
gdal dataset identify	force-recursive			boolean	req=0	pos=0	in=1	out=0	cnt=0..1	def=	choices=	min=	max=	ds=	dsin=0	dsout=0	mx=	md=	deps=	hid=0/0/0	cat=Base	meta=	desc=Recursively scan folders for datasets, forcing recursion in folders recognized as valid formats
gdal dataset identify	detailed			boolean	req=0	pos=0	in=1	out=0	cnt=0..1	def=	choices=	min=	max=	ds=	dsin=0	dsout=0	mx=	md=	deps=	hid=0/0/0	cat=Base	meta=	desc=Most detailed output. Reports the presence of georeferencing, if a GeoTIFF file is cloud optimized, etc.
gdal dataset identify	report-failures			boolean	req=0	pos=0	in=1	out=0	cnt=0..1	def=	choices=	min=	max=	ds=	dsin=0	dsout=0	mx=	md=	deps=	hid=0/0/0	cat=Base	meta=	desc=Report failures if file type is unidentified
gdal dataset identify	output-string			string	req=0	pos=0	in=0	out=1	cnt=0..1	def=	choices=	min=	max=	ds=	dsin=0	dsout=0	mx=	md=	deps=	hid=0/1/0	cat=Base	meta=	desc=Output string, in which the result is placed
gdal dataset identify	stdout			boolean	req=0	pos=0	in=1	out=0	cnt=0..1	def=	choices=	min=	max=	ds=	dsin=0	dsout=0	mx=	md=	deps=	hid=1/1/1	cat=Base	meta=	desc=Directly output on stdout. If enabled, output-string will be empty
gdal dataset rename	help	h		boolean	req=0	pos=0	in=1	out=0	cnt=0..1	def=	choices=	min=	max=	ds=	dsin=0	dsout=0	mx=	md=	deps=	hid=0/0/1	cat=Common	meta=	desc=Display help message and exit
gdal dataset rename	help-doc			boolean	req=0	pos=0	in=1	out=0	cnt=0..1	def=	choices=	min=	max=	ds=	dsin=0	dsout=0	mx=	md=	deps=	hid=1/1/1	cat=Base	meta=	desc=Display help message for use by documentation
gdal dataset rename	json-usage			boolean	req=0	pos=0	in=1	out=0	cnt=0..1	def=	choices=	min=	max=	ds=	dsin=0	dsout=0	mx=	md=	deps=	hid=0/0/1	cat=Common	meta=	desc=Display usage as JSON document and exit
gdal dataset rename	config			string_list	req=0	pos=0	in=1	out=0	cnt=0..-1	def=	choices=	min=	max=	ds=	dsin=0	dsout=0	mx=	md=	deps=	hid=0/0/1	cat=Common	meta=	desc=Configuration option
gdal dataset rename	source			string	req=1	pos=1	in=1	out=0	cnt=0..1	def=	choices=	min=	max=	ds=	dsin=0	dsout=0	mx=	md=	deps=	hid=0/0/0	cat=Base	meta=	desc=Source dataset name
gdal dataset rename	destination			string	req=1	pos=1	in=1	out=0	cnt=0..1	def=	choices=	min=	max=	ds=	dsin=0	dsout=0	mx=	md=	deps=	hid=0/0/0	cat=Base	meta=	desc=Destination dataset name
gdal dataset rename	overwrite			boolean	req=0	pos=0	in=1	out=0	cnt=0..1	def=false	choices=	min=	max=	ds=	dsin=0	dsout=0	mx=	md=	deps=	hid=0/0/0	cat=Base	meta=	desc=Whether overwriting existing output dataset is allowed
gdal dataset rename	format	f		string	req=0	pos=0	in=1	out=0	cnt=0..1	def=	choices=	min=	max=	ds=	dsin=0	dsout=0	mx=	md=	deps=	hid=0/0/0	cat=Advanced	meta=required_capabilities=DCAP_OPEN;	desc=Dataset format
gdal driver	help	h		boolean	req=0	pos=0	in=1	out=0	cnt=0..1	def=	choices=	min=	max=	ds=	dsin=0	dsout=0	mx=	md=	deps=	hid=0/0/1	cat=Common	meta=	desc=Display help message and exit
gdal driver	help-doc			boolean	req=0	pos=0	in=1	out=0	cnt=0..1	def=	choices=	min=	max=	ds=	dsin=0	dsout=0	mx=	md=	deps=	hid=1/1/1	cat=Base	meta=	desc=Display help message for use by documentation
gdal driver	json-usage			boolean	req=0	pos=0	in=1	out=0	cnt=0..1	def=	choices=	min=	max=	ds=	dsin=0	dsout=0	mx=	md=	deps=	hid=0/0/1	cat=Common	meta=	desc=Display usage as JSON document and exit
gdal driver	config			string_list	req=0	pos=0	in=1	out=0	cnt=0..-1	def=	choices=	min=	max=	ds=	dsin=0	dsout=0	mx=	md=	deps=	hid=0/0/1	cat=Common	meta=	desc=Configuration option
gdal driver cog	help	h		boolean	req=0	pos=0	in=1	out=0	cnt=0..1	def=	choices=	min=	max=	ds=	dsin=0	dsout=0	mx=	md=	deps=	hid=0/0/1	cat=Common	meta=	desc=Display help message and exit
gdal driver cog	help-doc			boolean	req=0	pos=0	in=1	out=0	cnt=0..1	def=	choices=	min=	max=	ds=	dsin=0	dsout=0	mx=	md=	deps=	hid=1/1/1	cat=Base	meta=	desc=Display help message for use by documentation
gdal driver cog	json-usage			boolean	req=0	pos=0	in=1	out=0	cnt=0..1	def=	choices=	min=	max=	ds=	dsin=0	dsout=0	mx=	md=	deps=	hid=0/0/1	cat=Common	meta=	desc=Display usage as JSON document and exit
gdal driver cog	config			string_list	req=0	pos=0	in=1	out=0	cnt=0..-1	def=	choices=	min=	max=	ds=	dsin=0	dsout=0	mx=	md=	deps=	hid=0/0/1	cat=Common	meta=	desc=Configuration option
gdal driver cog validate	help	h		boolean	req=0	pos=0	in=1	out=0	cnt=0..1	def=	choices=	min=	max=	ds=	dsin=0	dsout=0	mx=	md=	deps=	hid=0/0/1	cat=Common	meta=	desc=Display help message and exit
gdal driver cog validate	help-doc			boolean	req=0	pos=0	in=1	out=0	cnt=0..1	def=	choices=	min=	max=	ds=	dsin=0	dsout=0	mx=	md=	deps=	hid=1/1/1	cat=Base	meta=	desc=Display help message for use by documentation
gdal driver cog validate	json-usage			boolean	req=0	pos=0	in=1	out=0	cnt=0..1	def=	choices=	min=	max=	ds=	dsin=0	dsout=0	mx=	md=	deps=	hid=0/0/1	cat=Common	meta=	desc=Display usage as JSON document and exit
gdal driver cog validate	config			string_list	req=0	pos=0	in=1	out=0	cnt=0..-1	def=	choices=	min=	max=	ds=	dsin=0	dsout=0	mx=	md=	deps=	hid=0/0/1	cat=Common	meta=	desc=Configuration option
gdal driver cog validate	dataset		input	dataset	req=1	pos=1	in=1	out=0	cnt=0..1	def=	choices=	min=	max=	ds=raster	dsin=3	dsout=2	mx=	md=	deps=	hid=0/0/0	cat=Base	meta=	desc=COG dataset
gdal driver cog validate	full-check			string	req=0	pos=0	in=1	out=0	cnt=0..1	def=auto	choices=auto|yes|no	min=	max=	ds=	dsin=0	dsout=0	mx=	md=	deps=	hid=0/0/0	cat=Base	meta=	desc=Whether to perform full check
gdal driver cog validate	output-string			string	req=0	pos=0	in=0	out=1	cnt=0..1	def=	choices=	min=	max=	ds=	dsin=0	dsout=0	mx=	md=	deps=	hid=0/1/0	cat=Base	meta=	desc=Output string, in which the result is placed
gdal driver cog validate	quiet	q		boolean	req=0	pos=0	in=1	out=0	cnt=0..1	def=	choices=	min=	max=	ds=	dsin=0	dsout=0	mx=	md=	deps=	hid=0/0/0	cat=Common	meta=	desc=Quiet mode (no progress bar or warning message)
gdal driver cog validate	progress			boolean	req=0	pos=0	in=1	out=0	cnt=0..1	def=	choices=	min=	max=	ds=	dsin=0	dsout=0	mx=	md=	deps=	hid=1/1/1	cat=Base	meta=	desc=Display progress bar
gdal driver gpkg	help	h		boolean	req=0	pos=0	in=1	out=0	cnt=0..1	def=	choices=	min=	max=	ds=	dsin=0	dsout=0	mx=	md=	deps=	hid=0/0/1	cat=Common	meta=	desc=Display help message and exit
gdal driver gpkg	help-doc			boolean	req=0	pos=0	in=1	out=0	cnt=0..1	def=	choices=	min=	max=	ds=	dsin=0	dsout=0	mx=	md=	deps=	hid=1/1/1	cat=Base	meta=	desc=Display help message for use by documentation
gdal driver gpkg	json-usage			boolean	req=0	pos=0	in=1	out=0	cnt=0..1	def=	choices=	min=	max=	ds=	dsin=0	dsout=0	mx=	md=	deps=	hid=0/0/1	cat=Common	meta=	desc=Display usage as JSON document and exit
gdal driver gpkg	config			string_list	req=0	pos=0	in=1	out=0	cnt=0..-1	def=	choices=	min=	max=	ds=	dsin=0	dsout=0	mx=	md=	deps=	hid=0/0/1	cat=Common	meta=	desc=Configuration option
gdal driver gpkg repack	help	h		boolean	req=0	pos=0	in=1	out=0	cnt=0..1	def=	choices=	min=	max=	ds=	dsin=0	dsout=0	mx=	md=	deps=	hid=0/0/1	cat=Common	meta=	desc=Display help message and exit
gdal driver gpkg repack	help-doc			boolean	req=0	pos=0	in=1	out=0	cnt=0..1	def=	choices=	min=	max=	ds=	dsin=0	dsout=0	mx=	md=	deps=	hid=1/1/1	cat=Base	meta=	desc=Display help message for use by documentation
gdal driver gpkg repack	json-usage			boolean	req=0	pos=0	in=1	out=0	cnt=0..1	def=	choices=	min=	max=	ds=	dsin=0	dsout=0	mx=	md=	deps=	hid=0/0/1	cat=Common	meta=	desc=Display usage as JSON document and exit
gdal driver gpkg repack	config			string_list	req=0	pos=0	in=1	out=0	cnt=0..-1	def=	choices=	min=	max=	ds=	dsin=0	dsout=0	mx=	md=	deps=	hid=0/0/1	cat=Common	meta=	desc=Configuration option
gdal driver gpkg repack	dataset			dataset	req=1	pos=1	in=1	out=0	cnt=0..1	def=	choices=	min=	max=	ds=raster,vector,update	dsin=3	dsout=2	mx=	md=	deps=	hid=0/0/0	cat=Base	meta=	desc=GeoPackage dataset
gdal driver gpkg validate	help	h		boolean	req=0	pos=0	in=1	out=0	cnt=0..1	def=	choices=	min=	max=	ds=	dsin=0	dsout=0	mx=	md=	deps=	hid=0/0/1	cat=Common	meta=	desc=Display help message and exit
gdal driver gpkg validate	help-doc			boolean	req=0	pos=0	in=1	out=0	cnt=0..1	def=	choices=	min=	max=	ds=	dsin=0	dsout=0	mx=	md=	deps=	hid=1/1/1	cat=Base	meta=	desc=Display help message for use by documentation
gdal driver gpkg validate	json-usage			boolean	req=0	pos=0	in=1	out=0	cnt=0..1	def=	choices=	min=	max=	ds=	dsin=0	dsout=0	mx=	md=	deps=	hid=0/0/1	cat=Common	meta=	desc=Display usage as JSON document and exit
gdal driver gpkg validate	config			string_list	req=0	pos=0	in=1	out=0	cnt=0..-1	def=	choices=	min=	max=	ds=	dsin=0	dsout=0	mx=	md=	deps=	hid=0/0/1	cat=Common	meta=	desc=Configuration option
gdal driver gpkg validate	dataset			dataset	req=1	pos=1	in=1	out=0	cnt=0..1	def=	choices=	min=	max=	ds=raster,vector	dsin=3	dsout=2	mx=	md=	deps=	hid=0/0/0	cat=Base	meta=	desc=GeoPackage dataset
gdal driver gpkg validate	full-check			boolean	req=0	pos=0	in=1	out=0	cnt=0..1	def=false	choices=	min=	max=	ds=	dsin=0	dsout=0	mx=	md=	deps=	hid=0/0/0	cat=Base	meta=	desc=Whether to perform full check
gdal driver gpkg validate	output-string			string	req=0	pos=0	in=0	out=1	cnt=0..1	def=	choices=	min=	max=	ds=	dsin=0	dsout=0	mx=	md=	deps=	hid=0/1/0	cat=Base	meta=	desc=Output string, in which the result is placed
gdal driver gpkg validate	verbose	v		boolean	req=0	pos=0	in=1	out=0	cnt=0..1	def=	choices=	min=	max=	ds=	dsin=0	dsout=0	mx=	md=	deps=	hid=0/0/0	cat=Base	meta=	desc=Turn on verbose mode
gdal driver gpkg validate	quiet	q		boolean	req=0	pos=0	in=1	out=0	cnt=0..1	def=	choices=	min=	max=	ds=	dsin=0	dsout=0	mx=	md=	deps=	hid=0/0/0	cat=Common	meta=	desc=Quiet mode (no progress bar or warning message)
gdal driver gpkg validate	progress			boolean	req=0	pos=0	in=1	out=0	cnt=0..1	def=	choices=	min=	max=	ds=	dsin=0	dsout=0	mx=	md=	deps=	hid=1/1/1	cat=Base	meta=	desc=Display progress bar
gdal driver gti	help	h		boolean	req=0	pos=0	in=1	out=0	cnt=0..1	def=	choices=	min=	max=	ds=	dsin=0	dsout=0	mx=	md=	deps=	hid=0/0/1	cat=Common	meta=	desc=Display help message and exit
gdal driver gti	help-doc			boolean	req=0	pos=0	in=1	out=0	cnt=0..1	def=	choices=	min=	max=	ds=	dsin=0	dsout=0	mx=	md=	deps=	hid=1/1/1	cat=Base	meta=	desc=Display help message for use by documentation
gdal driver gti	json-usage			boolean	req=0	pos=0	in=1	out=0	cnt=0..1	def=	choices=	min=	max=	ds=	dsin=0	dsout=0	mx=	md=	deps=	hid=0/0/1	cat=Common	meta=	desc=Display usage as JSON document and exit
gdal driver gti	config			string_list	req=0	pos=0	in=1	out=0	cnt=0..-1	def=	choices=	min=	max=	ds=	dsin=0	dsout=0	mx=	md=	deps=	hid=0/0/1	cat=Common	meta=	desc=Configuration option
gdal driver gti create	help	h		boolean	req=0	pos=0	in=1	out=0	cnt=0..1	def=	choices=	min=	max=	ds=	dsin=0	dsout=0	mx=	md=	deps=	hid=0/0/1	cat=Common	meta=	desc=Display help message and exit
gdal driver gti create	help-doc			boolean	req=0	pos=0	in=1	out=0	cnt=0..1	def=	choices=	min=	max=	ds=	dsin=0	dsout=0	mx=	md=	deps=	hid=1/1/1	cat=Base	meta=	desc=Display help message for use by documentation
gdal driver gti create	json-usage			boolean	req=0	pos=0	in=1	out=0	cnt=0..1	def=	choices=	min=	max=	ds=	dsin=0	dsout=0	mx=	md=	deps=	hid=0/0/1	cat=Common	meta=	desc=Display usage as JSON document and exit
gdal driver gti create	config			string_list	req=0	pos=0	in=1	out=0	cnt=0..-1	def=	choices=	min=	max=	ds=	dsin=0	dsout=0	mx=	md=	deps=	hid=0/0/1	cat=Common	meta=	desc=Configuration option
gdal driver gti create	quiet	q		boolean	req=0	pos=0	in=1	out=0	cnt=0..1	def=	choices=	min=	max=	ds=	dsin=0	dsout=0	mx=	md=	deps=	hid=0/0/0	cat=Common	meta=	desc=Quiet mode (no progress bar or warning message)
gdal driver gti create	progress			boolean	req=0	pos=0	in=1	out=0	cnt=0..1	def=	choices=	min=	max=	ds=	dsin=0	dsout=0	mx=	md=	deps=	hid=1/1/1	cat=Base	meta=	desc=Display progress bar
gdal driver gti create	input	i		dataset_list	req=1	pos=1	in=1	out=0	cnt=0..-1	def=	choices=	min=	max=	ds=raster	dsin=3	dsout=2	mx=	md=	deps=	hid=0/0/0	cat=Base	meta=	desc=Input raster datasets
gdal driver gti create	output-format	f	of|format	string	req=0	pos=0	in=1	out=0	cnt=0..1	def=	choices=	min=	max=	ds=	dsin=0	dsout=0	mx=	md=	deps=	hid=0/0/0	cat=Base	meta=required_capabilities=DCAP_VECTOR,DCAP_CREATE;	desc=Output format
gdal driver gti create	output	o		dataset	req=1	pos=1	in=1	out=1	cnt=0..1	def=	choices=	min=	max=	ds=vector	dsin=3	dsout=2	mx=	md=	deps=	hid=0/0/0	cat=Base	meta=	desc=Output vector dataset
gdal driver gti create	creation-option		co	string_list	req=0	pos=0	in=1	out=0	cnt=0..-1	def=	choices=	min=	max=	ds=	dsin=0	dsout=0	mx=	md=	deps=	hid=0/0/0	cat=Base	meta=	desc=Creation option
gdal driver gti create	layer-creation-option		lco	string_list	req=0	pos=0	in=1	out=0	cnt=0..-1	def=	choices=	min=	max=	ds=	dsin=0	dsout=0	mx=	md=	deps=	hid=0/0/0	cat=Base	meta=	desc=Layer creation option
gdal driver gti create	overwrite			boolean	req=0	pos=0	in=1	out=0	cnt=0..1	def=false	choices=	min=	max=	ds=	dsin=0	dsout=0	mx=overwrite-update	md=	deps=	hid=0/0/0	cat=Base	meta=	desc=Whether overwriting existing output dataset is allowed
gdal driver gti create	update			boolean	req=0	pos=0	in=1	out=0	cnt=0..1	def=false	choices=	min=	max=	ds=	dsin=0	dsout=0	mx=overwrite-update	md=	deps=	hid=0/0/0	cat=Base	meta=	desc=Whether to open existing dataset in update mode
gdal driver gti create	overwrite-layer			boolean	req=0	pos=0	in=1	out=0	cnt=0..1	def=false	choices=	min=	max=	ds=	dsin=0	dsout=0	mx=	md=	deps=	hid=0/0/0	cat=Base	meta=	desc=Whether overwriting existing output layer is allowed
gdal driver gti create	append			boolean	req=0	pos=0	in=1	out=0	cnt=0..1	def=false	choices=	min=	max=	ds=	dsin=0	dsout=0	mx=	md=	deps=	hid=0/0/0	cat=Base	meta=	desc=Whether appending to existing layer is allowed
gdal driver gti create	output-layer		nln	string	req=0	pos=0	in=1	out=0	cnt=0..1	def=	choices=	min=	max=	ds=	dsin=0	dsout=0	mx=	md=	deps=	hid=0/0/0	cat=Base	meta=	desc=Output layer name
gdal driver gti create	recursive			boolean	req=0	pos=0	in=1	out=0	cnt=0..1	def=	choices=	min=	max=	ds=	dsin=0	dsout=0	mx=	md=	deps=	hid=0/0/0	cat=Base	meta=	desc=Whether input directories should be explored recursively.
gdal driver gti create	filename-filter			string_list	req=0	pos=0	in=1	out=0	cnt=0..-1	def=	choices=	min=	max=	ds=	dsin=0	dsout=0	mx=	md=	deps=	hid=0/0/0	cat=Base	meta=	desc=Pattern that the filenames in input directories should follow ('*' and '?' wildcard)
gdal driver gti create	min-pixel-size			real	req=0	pos=0	in=1	out=0	cnt=0..1	def=	choices=	min=(0	max=	ds=	dsin=0	dsout=0	mx=	md=	deps=	hid=0/0/0	cat=Base	meta=	desc=Minimum pixel size in term of geospatial extent per pixel (resolution) that a raster should have to be selected.
gdal driver gti create	max-pixel-size			real	req=0	pos=0	in=1	out=0	cnt=0..1	def=	choices=	min=(0	max=	ds=	dsin=0	dsout=0	mx=	md=	deps=	hid=0/0/0	cat=Base	meta=	desc=Maximum pixel size in term of geospatial extent per pixel (resolution) that a raster should have to be selected.
gdal driver gti create	location-name			string	req=0	pos=0	in=1	out=0	cnt=0..1	def=location	choices=	min=	max=	ds=	dsin=0	dsout=0	mx=	md=	deps=	hid=0/0/0	cat=Base	meta=	desc=Name of the field with the raster path
gdal driver gti create	absolute-path			boolean	req=0	pos=0	in=1	out=0	cnt=0..1	def=	choices=	min=	max=	ds=	dsin=0	dsout=0	mx=	md=	deps=	hid=0/0/0	cat=Base	meta=	desc=Whether the path to the input datasets should be stored as an absolute path
gdal driver gti create	output-crs			string	req=0	pos=0	in=1	out=0	cnt=0..1	def=	choices=	min=	max=	ds=	dsin=0	dsout=0	mx=	md=	deps=	hid=0/0/0	cat=Base	meta=	desc=Output CRS
gdal driver gti create	metadata			string_list	req=0	pos=0	in=1	out=0	cnt=0..-1	def=	choices=	min=	max=	ds=	dsin=0	dsout=0	mx=	md=	deps=	hid=0/0/0	cat=Base	meta=	desc=Add dataset metadata item
gdal driver gti create	skip-errors			boolean	req=0	pos=0	in=1	out=0	cnt=0..1	def=	choices=	min=	max=	ds=	dsin=0	dsout=0	mx=	md=	deps=	hid=0/0/0	cat=Base	meta=	desc=Skip errors related to input datasets
gdal driver gti create	profile			string	req=0	pos=0	in=1	out=0	cnt=0..1	def=none	choices=none|STAC-GeoParquet	min=	max=	ds=	dsin=0	dsout=0	mx=	md=	deps=	hid=0/0/0	cat=Base	meta=	desc=Profile of output dataset
gdal driver gti create	base-url			string	req=0	pos=0	in=1	out=0	cnt=0..1	def=	choices=	min=	max=	ds=	dsin=0	dsout=0	mx=	md=	deps=	hid=0/0/0	cat=Base	meta=	desc=Base URL for STAC-GeoParquet href
gdal driver gti create	id-method			string	req=0	pos=0	in=1	out=0	cnt=0..1	def=filename	choices=filename|md5|metadata-item	min=	max=	ds=	dsin=0	dsout=0	mx=	md=	deps=	hid=0/0/0	cat=Base	meta=	desc=How to derive STAC-GeoParquet 'id'
gdal driver gti create	id-metadata-item			string	req=0	pos=0	in=1	out=0	cnt=0..1	def=id	choices=	min=	max=	ds=	dsin=0	dsout=0	mx=	md=	deps=	hid=0/0/0	cat=Base	meta=	desc=Name of metadata item used to set STAC-GeoParquet 'id'
gdal driver gti create	xml-filename			string	req=0	pos=0	in=1	out=0	cnt=0..1	def=	choices=	min=	max=	ds=	dsin=0	dsout=0	mx=	md=	deps=	hid=0/0/0	cat=Base	meta=	desc=Filename of the XML Virtual Tile Index file to generate, that can be used as an input for the GDAL GTI / Virtual Raster Tile Index driver
gdal driver gti create	resolution			real_list	req=0	pos=0	in=1	out=0	cnt=2..2	def=	choices=	min=(0	max=	ds=	dsin=0	dsout=0	mx=	md=	deps=	hid=0/0/0	cat=Base	meta=	desc=Resolution (in destination CRS units) of the virtual mosaic
gdal driver gti create	bbox			real_list	req=0	pos=0	in=1	out=0	cnt=4..4	def=	choices=	min=	max=	ds=	dsin=0	dsout=0	mx=	md=	deps=	hid=0/0/0	cat=Base	meta=	desc=Bounding box (in destination CRS units) of the virtual mosaic
gdal driver gti create	output-data-type		ot|datatype	string	req=0	pos=0	in=1	out=0	cnt=0..1	def=	choices=UInt8|Int8|UInt16|Int16|UInt32|Int32|UInt64|Int64|CInt16|CInt32|Float16|Float32|Float64|CFloat32|CFloat64	min=	max=	ds=	dsin=0	dsout=0	mx=	md=	deps=	hid=0/0/0	cat=Base	meta=type=GDALDataType;	desc=Datatype of the virtual mosaic
gdal driver gti create	band-count			integer	req=0	pos=0	in=1	out=0	cnt=0..1	def=	choices=	min=[1	max=	ds=	dsin=0	dsout=0	mx=	md=	deps=	hid=0/0/0	cat=Base	meta=	desc=Number of bands of the virtual mosaic
gdal driver gti create	nodata			real_list	req=0	pos=0	in=1	out=0	cnt=0..-1	def=	choices=	min=	max=	ds=	dsin=0	dsout=0	mx=	md=	deps=	hid=0/0/0	cat=Base	meta=	desc=Nodata value(s) of the bands of the virtual mosaic
gdal driver gti create	color-interpretation			string_list	req=0	pos=0	in=1	out=0	cnt=0..-1	def=	choices=red|green|blue|alpha|gray|undefined	min=	max=	ds=	dsin=0	dsout=0	mx=	md=	deps=	hid=0/0/0	cat=Base	meta=	desc=Color interpretation(s) of the bands of the virtual mosaic
gdal driver gti create	mask			boolean	req=0	pos=0	in=1	out=0	cnt=0..1	def=	choices=	min=	max=	ds=	dsin=0	dsout=0	mx=	md=	deps=	hid=0/0/0	cat=Base	meta=	desc=Defines that the virtual mosaic has a mask band
gdal driver gti create	fetch-metadata			string_list	req=0	pos=0	in=1	out=0	cnt=0..-1	def=	choices=	min=	max=	ds=	dsin=0	dsout=0	mx=	md=	deps=	hid=0/0/0	cat=Base	meta=	desc=Fetch a metadata item from source rasters and write it as a field in the index.
gdal driver openfilegdb	help	h		boolean	req=0	pos=0	in=1	out=0	cnt=0..1	def=	choices=	min=	max=	ds=	dsin=0	dsout=0	mx=	md=	deps=	hid=0/0/1	cat=Common	meta=	desc=Display help message and exit
gdal driver openfilegdb	help-doc			boolean	req=0	pos=0	in=1	out=0	cnt=0..1	def=	choices=	min=	max=	ds=	dsin=0	dsout=0	mx=	md=	deps=	hid=1/1/1	cat=Base	meta=	desc=Display help message for use by documentation
gdal driver openfilegdb	json-usage			boolean	req=0	pos=0	in=1	out=0	cnt=0..1	def=	choices=	min=	max=	ds=	dsin=0	dsout=0	mx=	md=	deps=	hid=0/0/1	cat=Common	meta=	desc=Display usage as JSON document and exit
gdal driver openfilegdb	config			string_list	req=0	pos=0	in=1	out=0	cnt=0..-1	def=	choices=	min=	max=	ds=	dsin=0	dsout=0	mx=	md=	deps=	hid=0/0/1	cat=Common	meta=	desc=Configuration option
gdal driver openfilegdb repack	help	h		boolean	req=0	pos=0	in=1	out=0	cnt=0..1	def=	choices=	min=	max=	ds=	dsin=0	dsout=0	mx=	md=	deps=	hid=0/0/1	cat=Common	meta=	desc=Display help message and exit
gdal driver openfilegdb repack	help-doc			boolean	req=0	pos=0	in=1	out=0	cnt=0..1	def=	choices=	min=	max=	ds=	dsin=0	dsout=0	mx=	md=	deps=	hid=1/1/1	cat=Base	meta=	desc=Display help message for use by documentation
gdal driver openfilegdb repack	json-usage			boolean	req=0	pos=0	in=1	out=0	cnt=0..1	def=	choices=	min=	max=	ds=	dsin=0	dsout=0	mx=	md=	deps=	hid=0/0/1	cat=Common	meta=	desc=Display usage as JSON document and exit
gdal driver openfilegdb repack	config			string_list	req=0	pos=0	in=1	out=0	cnt=0..-1	def=	choices=	min=	max=	ds=	dsin=0	dsout=0	mx=	md=	deps=	hid=0/0/1	cat=Common	meta=	desc=Configuration option
gdal driver openfilegdb repack	quiet	q		boolean	req=0	pos=0	in=1	out=0	cnt=0..1	def=	choices=	min=	max=	ds=	dsin=0	dsout=0	mx=	md=	deps=	hid=0/0/0	cat=Common	meta=	desc=Quiet mode (no progress bar or warning message)
gdal driver openfilegdb repack	progress			boolean	req=0	pos=0	in=1	out=0	cnt=0..1	def=	choices=	min=	max=	ds=	dsin=0	dsout=0	mx=	md=	deps=	hid=1/1/1	cat=Base	meta=	desc=Display progress bar
gdal driver openfilegdb repack	dataset			dataset	req=1	pos=1	in=1	out=0	cnt=0..1	def=	choices=	min=	max=	ds=raster,vector,update	dsin=3	dsout=2	mx=	md=	deps=	hid=0/0/0	cat=Base	meta=	desc=FileGeoDatabase dataset
gdal driver parquet	help	h		boolean	req=0	pos=0	in=1	out=0	cnt=0..1	def=	choices=	min=	max=	ds=	dsin=0	dsout=0	mx=	md=	deps=	hid=0/0/1	cat=Common	meta=	desc=Display help message and exit
gdal driver parquet	help-doc			boolean	req=0	pos=0	in=1	out=0	cnt=0..1	def=	choices=	min=	max=	ds=	dsin=0	dsout=0	mx=	md=	deps=	hid=1/1/1	cat=Base	meta=	desc=Display help message for use by documentation
gdal driver parquet	json-usage			boolean	req=0	pos=0	in=1	out=0	cnt=0..1	def=	choices=	min=	max=	ds=	dsin=0	dsout=0	mx=	md=	deps=	hid=0/0/1	cat=Common	meta=	desc=Display usage as JSON document and exit
gdal driver parquet	config			string_list	req=0	pos=0	in=1	out=0	cnt=0..-1	def=	choices=	min=	max=	ds=	dsin=0	dsout=0	mx=	md=	deps=	hid=0/0/1	cat=Common	meta=	desc=Configuration option
gdal driver parquet create-metadata-file	help	h		boolean	req=0	pos=0	in=1	out=0	cnt=0..1	def=	choices=	min=	max=	ds=	dsin=0	dsout=0	mx=	md=	deps=	hid=0/0/1	cat=Common	meta=	desc=Display help message and exit
gdal driver parquet create-metadata-file	help-doc			boolean	req=0	pos=0	in=1	out=0	cnt=0..1	def=	choices=	min=	max=	ds=	dsin=0	dsout=0	mx=	md=	deps=	hid=1/1/1	cat=Base	meta=	desc=Display help message for use by documentation
gdal driver parquet create-metadata-file	json-usage			boolean	req=0	pos=0	in=1	out=0	cnt=0..1	def=	choices=	min=	max=	ds=	dsin=0	dsout=0	mx=	md=	deps=	hid=0/0/1	cat=Common	meta=	desc=Display usage as JSON document and exit
gdal driver parquet create-metadata-file	config			string_list	req=0	pos=0	in=1	out=0	cnt=0..-1	def=	choices=	min=	max=	ds=	dsin=0	dsout=0	mx=	md=	deps=	hid=0/0/1	cat=Common	meta=	desc=Configuration option
gdal driver parquet create-metadata-file	input			dataset_list	req=1	pos=1	in=1	out=0	cnt=0..-1	def=	choices=	min=	max=	ds=vector	dsin=1	dsout=2	mx=	md=	deps=	hid=0/0/0	cat=Base	meta=	desc=Input Parquet datasets
gdal driver parquet create-metadata-file	output			dataset	req=1	pos=1	in=1	out=1	cnt=0..1	def=	choices=	min=	max=	ds=vector	dsin=1	dsout=0	mx=	md=	deps=	hid=0/0/0	cat=Base	meta=	desc=Output Parquet dataset
gdal driver parquet create-metadata-file	overwrite			boolean	req=0	pos=0	in=1	out=0	cnt=0..1	def=false	choices=	min=	max=	ds=	dsin=0	dsout=0	mx=	md=	deps=	hid=0/0/0	cat=Base	meta=	desc=Whether overwriting existing output dataset is allowed
gdal driver pdf	help	h		boolean	req=0	pos=0	in=1	out=0	cnt=0..1	def=	choices=	min=	max=	ds=	dsin=0	dsout=0	mx=	md=	deps=	hid=0/0/1	cat=Common	meta=	desc=Display help message and exit
gdal driver pdf	help-doc			boolean	req=0	pos=0	in=1	out=0	cnt=0..1	def=	choices=	min=	max=	ds=	dsin=0	dsout=0	mx=	md=	deps=	hid=1/1/1	cat=Base	meta=	desc=Display help message for use by documentation
gdal driver pdf	json-usage			boolean	req=0	pos=0	in=1	out=0	cnt=0..1	def=	choices=	min=	max=	ds=	dsin=0	dsout=0	mx=	md=	deps=	hid=0/0/1	cat=Common	meta=	desc=Display usage as JSON document and exit
gdal driver pdf	config			string_list	req=0	pos=0	in=1	out=0	cnt=0..-1	def=	choices=	min=	max=	ds=	dsin=0	dsout=0	mx=	md=	deps=	hid=0/0/1	cat=Common	meta=	desc=Configuration option
gdal driver pdf list-layers	help	h		boolean	req=0	pos=0	in=1	out=0	cnt=0..1	def=	choices=	min=	max=	ds=	dsin=0	dsout=0	mx=	md=	deps=	hid=0/0/1	cat=Common	meta=	desc=Display help message and exit
gdal driver pdf list-layers	help-doc			boolean	req=0	pos=0	in=1	out=0	cnt=0..1	def=	choices=	min=	max=	ds=	dsin=0	dsout=0	mx=	md=	deps=	hid=1/1/1	cat=Base	meta=	desc=Display help message for use by documentation
gdal driver pdf list-layers	json-usage			boolean	req=0	pos=0	in=1	out=0	cnt=0..1	def=	choices=	min=	max=	ds=	dsin=0	dsout=0	mx=	md=	deps=	hid=0/0/1	cat=Common	meta=	desc=Display usage as JSON document and exit
gdal driver pdf list-layers	config			string_list	req=0	pos=0	in=1	out=0	cnt=0..-1	def=	choices=	min=	max=	ds=	dsin=0	dsout=0	mx=	md=	deps=	hid=0/0/1	cat=Common	meta=	desc=Configuration option
gdal driver pdf list-layers	input	i		dataset	req=1	pos=1	in=1	out=0	cnt=0..1	def=	choices=	min=	max=	ds=raster,vector	dsin=3	dsout=2	mx=	md=	deps=	hid=0/0/0	cat=Base	meta=	desc=Input raster or vector dataset
gdal driver pdf list-layers	output-format	f	of|format	string	req=0	pos=0	in=1	out=0	cnt=0..1	def=json	choices=json|text	min=	max=	ds=	dsin=0	dsout=0	mx=	md=	deps=	hid=0/0/0	cat=Base	meta=	desc=Output format
gdal driver pdf list-layers	output-string			string	req=0	pos=0	in=0	out=1	cnt=0..1	def=	choices=	min=	max=	ds=	dsin=0	dsout=0	mx=	md=	deps=	hid=0/1/0	cat=Base	meta=	desc=Output string, in which the result is placed
gdal driver rpftoc	help	h		boolean	req=0	pos=0	in=1	out=0	cnt=0..1	def=	choices=	min=	max=	ds=	dsin=0	dsout=0	mx=	md=	deps=	hid=0/0/1	cat=Common	meta=	desc=Display help message and exit
gdal driver rpftoc	help-doc			boolean	req=0	pos=0	in=1	out=0	cnt=0..1	def=	choices=	min=	max=	ds=	dsin=0	dsout=0	mx=	md=	deps=	hid=1/1/1	cat=Base	meta=	desc=Display help message for use by documentation
gdal driver rpftoc	json-usage			boolean	req=0	pos=0	in=1	out=0	cnt=0..1	def=	choices=	min=	max=	ds=	dsin=0	dsout=0	mx=	md=	deps=	hid=0/0/1	cat=Common	meta=	desc=Display usage as JSON document and exit
gdal driver rpftoc	config			string_list	req=0	pos=0	in=1	out=0	cnt=0..-1	def=	choices=	min=	max=	ds=	dsin=0	dsout=0	mx=	md=	deps=	hid=0/0/1	cat=Common	meta=	desc=Configuration option
gdal driver rpftoc create	help	h		boolean	req=0	pos=0	in=1	out=0	cnt=0..1	def=	choices=	min=	max=	ds=	dsin=0	dsout=0	mx=	md=	deps=	hid=0/0/1	cat=Common	meta=	desc=Display help message and exit
gdal driver rpftoc create	help-doc			boolean	req=0	pos=0	in=1	out=0	cnt=0..1	def=	choices=	min=	max=	ds=	dsin=0	dsout=0	mx=	md=	deps=	hid=1/1/1	cat=Base	meta=	desc=Display help message for use by documentation
gdal driver rpftoc create	json-usage			boolean	req=0	pos=0	in=1	out=0	cnt=0..1	def=	choices=	min=	max=	ds=	dsin=0	dsout=0	mx=	md=	deps=	hid=0/0/1	cat=Common	meta=	desc=Display usage as JSON document and exit
gdal driver rpftoc create	config			string_list	req=0	pos=0	in=1	out=0	cnt=0..-1	def=	choices=	min=	max=	ds=	dsin=0	dsout=0	mx=	md=	deps=	hid=0/0/1	cat=Common	meta=	desc=Configuration option
gdal driver rpftoc create	input	i		string	req=1	pos=1	in=1	out=0	cnt=0..1	def=	choices=	min=	max=	ds=	dsin=0	dsout=0	mx=	md=	deps=	hid=0/0/0	cat=Base	meta=	desc=Input directory
gdal driver rpftoc create	output	o		string	req=0	pos=1	in=1	out=0	cnt=0..1	def=	choices=	min=	max=	ds=	dsin=0	dsout=0	mx=	md=	deps=	hid=0/0/0	cat=Base	meta=	desc=Output filename
gdal driver rpftoc create	scale			integer	req=0	pos=0	in=1	out=0	cnt=0..1	def=	choices=	min=(0	max=	ds=	dsin=0	dsout=0	mx=	md=	deps=	hid=0/0/0	cat=Base	meta=	desc=(Reciprocal) scale (e.g. 1000000)
gdal driver rpftoc create	producer-id			string	req=0	pos=0	in=1	out=0	cnt=0..1	def=	choices=	min=	max=	ds=	dsin=0	dsout=0	mx=	md=	deps=	hid=0/0/0	cat=Base	meta=	desc=Producer (short) identification
gdal driver rpftoc create	producer-name			string	req=0	pos=0	in=1	out=0	cnt=0..1	def=	choices=	min=	max=	ds=	dsin=0	dsout=0	mx=	md=	deps=	hid=0/0/0	cat=Base	meta=	desc=Producer name
gdal driver rpftoc create	country-code			string	req=0	pos=0	in=1	out=0	cnt=0..1	def=	choices=	min=	max=	ds=	dsin=0	dsout=0	mx=	md=	deps=	hid=0/0/0	cat=Base	meta=	desc=ISO country code for security
gdal driver rpftoc create	classification			string	req=0	pos=0	in=1	out=0	cnt=0..1	def=U	choices=U|R|C|S|T	min=	max=	ds=	dsin=0	dsout=0	mx=	md=	deps=	hid=0/0/0	cat=Base	meta=	desc=Index classification
gdal info	help	h		boolean	req=0	pos=0	in=1	out=0	cnt=0..1	def=	choices=	min=	max=	ds=	dsin=0	dsout=0	mx=	md=	deps=	hid=0/0/1	cat=Common	meta=	desc=Display help message and exit
gdal info	help-doc			boolean	req=0	pos=0	in=1	out=0	cnt=0..1	def=	choices=	min=	max=	ds=	dsin=0	dsout=0	mx=	md=	deps=	hid=1/1/1	cat=Base	meta=	desc=Display help message for use by documentation
gdal info	json-usage			boolean	req=0	pos=0	in=1	out=0	cnt=0..1	def=	choices=	min=	max=	ds=	dsin=0	dsout=0	mx=	md=	deps=	hid=0/0/1	cat=Common	meta=	desc=Display usage as JSON document and exit
gdal info	config			string_list	req=0	pos=0	in=1	out=0	cnt=0..-1	def=	choices=	min=	max=	ds=	dsin=0	dsout=0	mx=	md=	deps=	hid=0/0/1	cat=Common	meta=	desc=Configuration option
gdal info	output-format	f	of|format	string	req=0	pos=0	in=1	out=0	cnt=0..1	def=	choices=json|text	min=	max=	ds=	dsin=0	dsout=0	mx=	md=	deps=	hid=0/0/0	cat=Base	meta=	desc=Output format
gdal info	input	i	dataset	dataset	req=1	pos=1	in=1	out=0	cnt=0..1	def=	choices=	min=	max=	ds=raster,vector,multidim	dsin=3	dsout=2	mx=	md=	deps=	hid=0/0/0	cat=Base	meta=	desc=Input raster, vector or multidimensional raster dataset
gdal mdim	help	h		boolean	req=0	pos=0	in=1	out=0	cnt=0..1	def=	choices=	min=	max=	ds=	dsin=0	dsout=0	mx=	md=	deps=	hid=0/0/1	cat=Common	meta=	desc=Display help message and exit
gdal mdim	help-doc			boolean	req=0	pos=0	in=1	out=0	cnt=0..1	def=	choices=	min=	max=	ds=	dsin=0	dsout=0	mx=	md=	deps=	hid=1/1/1	cat=Base	meta=	desc=Display help message for use by documentation
gdal mdim	json-usage			boolean	req=0	pos=0	in=1	out=0	cnt=0..1	def=	choices=	min=	max=	ds=	dsin=0	dsout=0	mx=	md=	deps=	hid=0/0/1	cat=Common	meta=	desc=Display usage as JSON document and exit
gdal mdim	config			string_list	req=0	pos=0	in=1	out=0	cnt=0..-1	def=	choices=	min=	max=	ds=	dsin=0	dsout=0	mx=	md=	deps=	hid=0/0/1	cat=Common	meta=	desc=Configuration option
gdal mdim	drivers			boolean	req=0	pos=0	in=1	out=0	cnt=0..1	def=	choices=	min=	max=	ds=	dsin=0	dsout=0	mx=	md=	deps=	hid=0/0/0	cat=Base	meta=	desc=Display multidimensional driver list as JSON document
gdal mdim	output-string			string	req=0	pos=0	in=0	out=1	cnt=0..1	def=	choices=	min=	max=	ds=	dsin=0	dsout=0	mx=	md=	deps=	hid=0/1/0	cat=Base	meta=	desc=Output string, in which the result is placed
gdal mdim convert	help	h		boolean	req=0	pos=0	in=1	out=0	cnt=0..1	def=	choices=	min=	max=	ds=	dsin=0	dsout=0	mx=	md=	deps=	hid=0/0/1	cat=Common	meta=	desc=Display help message and exit
gdal mdim convert	help-doc			boolean	req=0	pos=0	in=1	out=0	cnt=0..1	def=	choices=	min=	max=	ds=	dsin=0	dsout=0	mx=	md=	deps=	hid=1/1/1	cat=Base	meta=	desc=Display help message for use by documentation
gdal mdim convert	json-usage			boolean	req=0	pos=0	in=1	out=0	cnt=0..1	def=	choices=	min=	max=	ds=	dsin=0	dsout=0	mx=	md=	deps=	hid=0/0/1	cat=Common	meta=	desc=Display usage as JSON document and exit
gdal mdim convert	config			string_list	req=0	pos=0	in=1	out=0	cnt=0..-1	def=	choices=	min=	max=	ds=	dsin=0	dsout=0	mx=	md=	deps=	hid=0/0/1	cat=Common	meta=	desc=Configuration option
gdal mdim convert	quiet	q		boolean	req=0	pos=0	in=1	out=0	cnt=0..1	def=	choices=	min=	max=	ds=	dsin=0	dsout=0	mx=	md=	deps=	hid=0/0/0	cat=Common	meta=	desc=Quiet mode (no progress bar or warning message)
gdal mdim convert	progress			boolean	req=0	pos=0	in=1	out=0	cnt=0..1	def=	choices=	min=	max=	ds=	dsin=0	dsout=0	mx=	md=	deps=	hid=1/1/1	cat=Base	meta=	desc=Display progress bar
gdal mdim convert	output-format	f	of|format	string	req=0	pos=0	in=1	out=0	cnt=0..1	def=	choices=	min=	max=	ds=	dsin=0	dsout=0	mx=	md=	deps=	hid=0/0/0	cat=Base	meta=required_capabilities=DCAP_CREATE_MULTIDIMENSIONAL;	desc=Output format
gdal mdim convert	open-option		oo	string_list	req=0	pos=0	in=1	out=0	cnt=0..-1	def=	choices=	min=	max=	ds=	dsin=0	dsout=0	mx=	md=	deps=	hid=0/0/0	cat=Advanced	meta=	desc=Open options
gdal mdim convert	input-format		if	string_list	req=0	pos=0	in=1	out=0	cnt=0..-1	def=	choices=	min=	max=	ds=	dsin=0	dsout=0	mx=	md=	deps=	hid=0/0/0	cat=Advanced	meta=required_capabilities=raster-or-multidim-raster;	desc=Input formats
gdal mdim convert	input	i		dataset	req=1	pos=1	in=1	out=0	cnt=0..1	def=	choices=	min=	max=	ds=raster,multidim	dsin=3	dsout=2	mx=	md=	deps=	hid=0/0/0	cat=Base	meta=	desc=Input raster or multidimensional raster dataset
gdal mdim convert	output	o		dataset	req=1	pos=1	in=1	out=1	cnt=0..1	def=	choices=	min=	max=	ds=multidim	dsin=1	dsout=2	mx=	md=	deps=	hid=0/0/0	cat=Base	meta=	desc=Output multidimensional raster dataset
gdal mdim convert	creation-option		co	string_list	req=0	pos=0	in=1	out=0	cnt=0..-1	def=	choices=	min=	max=	ds=	dsin=0	dsout=0	mx=	md=	deps=	hid=0/0/0	cat=Base	meta=	desc=Creation option
gdal mdim convert	overwrite			boolean	req=0	pos=0	in=1	out=0	cnt=0..1	def=false	choices=	min=	max=	ds=	dsin=0	dsout=0	mx=	md=	deps=	hid=0/0/0	cat=Base	meta=	desc=Whether overwriting existing output dataset is allowed
gdal mdim convert	array			string_list	req=0	pos=0	in=1	out=0	cnt=0..-1	def=	choices=	min=	max=	ds=	dsin=0	dsout=0	mx=	md=	deps=	hid=0/0/0	cat=Base	meta=	desc=Select a single array instead of converting the whole dataset.
gdal mdim convert	array-option			string_list	req=0	pos=0	in=1	out=0	cnt=0..-1	def=	choices=	min=	max=	ds=	dsin=0	dsout=0	mx=	md=	deps=	hid=0/0/0	cat=Base	meta=	desc=Option passed to GDALGroup::GetMDArrayNames() to filter arrays.
gdal mdim convert	group			string_list	req=0	pos=0	in=1	out=0	cnt=0..-1	def=	choices=	min=	max=	ds=	dsin=0	dsout=0	mx=	md=	deps=	hid=0/0/0	cat=Base	meta=	desc=Select a single group instead of converting the whole dataset.
gdal mdim convert	subset			string_list	req=0	pos=0	in=1	out=0	cnt=0..-1	def=	choices=	min=	max=	ds=	dsin=0	dsout=0	mx=	md=	deps=	hid=0/0/0	cat=Base	meta=	desc=Select a subset of the data.
gdal mdim convert	scale-axes			string_list	req=0	pos=0	in=1	out=0	cnt=0..-1	def=	choices=	min=	max=	ds=	dsin=0	dsout=0	mx=	md=	deps=	hid=0/0/0	cat=Base	meta=	desc=Applies a integral scale factor to one or several dimensions
gdal mdim convert	strict			boolean	req=0	pos=0	in=1	out=0	cnt=0..1	def=	choices=	min=	max=	ds=	dsin=0	dsout=0	mx=	md=	deps=	hid=0/0/0	cat=Base	meta=	desc=Turn warnings into failures.
gdal mdim info	help	h		boolean	req=0	pos=0	in=1	out=0	cnt=0..1	def=	choices=	min=	max=	ds=	dsin=0	dsout=0	mx=	md=	deps=	hid=0/0/1	cat=Common	meta=	desc=Display help message and exit
gdal mdim info	help-doc			boolean	req=0	pos=0	in=1	out=0	cnt=0..1	def=	choices=	min=	max=	ds=	dsin=0	dsout=0	mx=	md=	deps=	hid=1/1/1	cat=Base	meta=	desc=Display help message for use by documentation
gdal mdim info	json-usage			boolean	req=0	pos=0	in=1	out=0	cnt=0..1	def=	choices=	min=	max=	ds=	dsin=0	dsout=0	mx=	md=	deps=	hid=0/0/1	cat=Common	meta=	desc=Display usage as JSON document and exit
gdal mdim info	config			string_list	req=0	pos=0	in=1	out=0	cnt=0..-1	def=	choices=	min=	max=	ds=	dsin=0	dsout=0	mx=	md=	deps=	hid=0/0/1	cat=Common	meta=	desc=Configuration option
gdal mdim info	output-format	f	of|format	string	req=0	pos=0	in=1	out=0	cnt=0..1	def=json	choices=json|text	min=	max=	ds=	dsin=0	dsout=0	mx=	md=	deps=	hid=1/1/1	cat=Base	meta=	desc=Output format
gdal mdim info	open-option		oo	string_list	req=0	pos=0	in=1	out=0	cnt=0..-1	def=	choices=	min=	max=	ds=	dsin=0	dsout=0	mx=	md=	deps=	hid=0/0/0	cat=Advanced	meta=	desc=Open options
gdal mdim info	input-format		if	string_list	req=0	pos=0	in=1	out=0	cnt=0..-1	def=	choices=	min=	max=	ds=	dsin=0	dsout=0	mx=	md=	deps=	hid=0/0/0	cat=Advanced	meta=required_capabilities=DCAP_MULTIDIM_RASTER;	desc=Input formats
gdal mdim info	input	i	dataset	dataset	req=1	pos=1	in=1	out=0	cnt=0..1	def=	choices=	min=	max=	ds=multidim	dsin=3	dsout=2	mx=	md=	deps=	hid=0/0/0	cat=Base	meta=	desc=Input multidimensional raster dataset
gdal mdim info	output-string			string	req=0	pos=0	in=0	out=1	cnt=0..1	def=	choices=	min=	max=	ds=	dsin=0	dsout=0	mx=	md=	deps=	hid=0/1/0	cat=Base	meta=	desc=Output string, in which the result is placed
gdal mdim info	summary			boolean	req=0	pos=0	in=1	out=0	cnt=0..1	def=	choices=	min=	max=	ds=	dsin=0	dsout=0	mx=structure_detailed	md=	deps=	hid=0/0/0	cat=Base	meta=	desc=Report only group and array hierarchy, without detailed information on attributes or dimensions.
gdal mdim info	detailed			boolean	req=0	pos=0	in=1	out=0	cnt=0..1	def=	choices=	min=	max=	ds=	dsin=0	dsout=0	mx=structure_detailed	md=	deps=	hid=0/0/0	cat=Base	meta=	desc=Most verbose output. Report attribute data types and array values.
gdal mdim info	array			string	req=0	pos=0	in=1	out=0	cnt=0..1	def=	choices=	min=	max=	ds=	dsin=0	dsout=0	mx=	md=	deps=	hid=0/0/0	cat=Base	meta=	desc=Name of the array, used to restrict the output to the specified array.
gdal mdim info	limit			integer	req=0	pos=0	in=1	out=0	cnt=0..1	def=	choices=	min=	max=	ds=	dsin=0	dsout=0	mx=	md=	deps=	hid=0/0/0	cat=Base	meta=	desc=Number of values in each dimension that is used to limit the display of array values.
gdal mdim info	array-option			string_list	req=0	pos=0	in=1	out=0	cnt=0..-1	def=	choices=	min=	max=	ds=	dsin=0	dsout=0	mx=	md=	deps=	hid=0/0/0	cat=Base	meta=	desc=Option passed to GDALGroup::GetMDArrayNames() to filter reported arrays.
gdal mdim info	stats			boolean	req=0	pos=0	in=1	out=0	cnt=0..1	def=	choices=	min=	max=	ds=	dsin=0	dsout=0	mx=	md=	deps=	hid=0/0/0	cat=Base	meta=	desc=Read and display image statistics.
gdal mdim info	stdout			boolean	req=0	pos=0	in=1	out=0	cnt=0..1	def=	choices=	min=	max=	ds=	dsin=0	dsout=0	mx=	md=	deps=	hid=1/1/1	cat=Base	meta=	desc=Directly output on stdout. If enabled, output-string will be empty
gdal mdim mosaic	help	h		boolean	req=0	pos=0	in=1	out=0	cnt=0..1	def=	choices=	min=	max=	ds=	dsin=0	dsout=0	mx=	md=	deps=	hid=0/0/1	cat=Common	meta=	desc=Display help message and exit
gdal mdim mosaic	help-doc			boolean	req=0	pos=0	in=1	out=0	cnt=0..1	def=	choices=	min=	max=	ds=	dsin=0	dsout=0	mx=	md=	deps=	hid=1/1/1	cat=Base	meta=	desc=Display help message for use by documentation
gdal mdim mosaic	json-usage			boolean	req=0	pos=0	in=1	out=0	cnt=0..1	def=	choices=	min=	max=	ds=	dsin=0	dsout=0	mx=	md=	deps=	hid=0/0/1	cat=Common	meta=	desc=Display usage as JSON document and exit
gdal mdim mosaic	config			string_list	req=0	pos=0	in=1	out=0	cnt=0..-1	def=	choices=	min=	max=	ds=	dsin=0	dsout=0	mx=	md=	deps=	hid=0/0/1	cat=Common	meta=	desc=Configuration option
gdal mdim mosaic	quiet	q		boolean	req=0	pos=0	in=1	out=0	cnt=0..1	def=	choices=	min=	max=	ds=	dsin=0	dsout=0	mx=	md=	deps=	hid=0/0/0	cat=Common	meta=	desc=Quiet mode (no progress bar or warning message)
gdal mdim mosaic	progress			boolean	req=0	pos=0	in=1	out=0	cnt=0..1	def=	choices=	min=	max=	ds=	dsin=0	dsout=0	mx=	md=	deps=	hid=1/1/1	cat=Base	meta=	desc=Display progress bar
gdal mdim mosaic	output-format	f	of|format	string	req=0	pos=0	in=1	out=0	cnt=0..1	def=	choices=	min=	max=	ds=	dsin=0	dsout=0	mx=	md=	deps=	hid=0/0/0	cat=Base	meta=required_capabilities=DCAP_CREATE_MULTIDIMENSIONAL;	desc=Output format
gdal mdim mosaic	open-option		oo	string_list	req=0	pos=0	in=1	out=0	cnt=0..-1	def=	choices=	min=	max=	ds=	dsin=0	dsout=0	mx=	md=	deps=	hid=0/0/0	cat=Advanced	meta=	desc=Open options
gdal mdim mosaic	input-format		if	string_list	req=0	pos=0	in=1	out=0	cnt=0..-1	def=	choices=	min=	max=	ds=	dsin=0	dsout=0	mx=	md=	deps=	hid=0/0/0	cat=Advanced	meta=required_capabilities=raster-or-multidim-raster;	desc=Input formats
gdal mdim mosaic	input	i		dataset_list	req=1	pos=1	in=1	out=0	cnt=1..-1	def=	choices=	min=	max=	ds=multidim	dsin=1	dsout=0	mx=	md=	deps=	hid=0/0/0	cat=Base	meta=	desc=Input multidimensional raster datasets
gdal mdim mosaic	output	o		dataset	req=1	pos=1	in=1	out=1	cnt=0..1	def=	choices=	min=	max=	ds=multidim	dsin=1	dsout=2	mx=	md=	deps=	hid=0/0/0	cat=Base	meta=	desc=Output multidimensional raster dataset
gdal mdim mosaic	creation-option		co	string_list	req=0	pos=0	in=1	out=0	cnt=0..-1	def=	choices=	min=	max=	ds=	dsin=0	dsout=0	mx=	md=	deps=	hid=0/0/0	cat=Base	meta=	desc=Creation option
gdal mdim mosaic	overwrite			boolean	req=0	pos=0	in=1	out=0	cnt=0..1	def=false	choices=	min=	max=	ds=	dsin=0	dsout=0	mx=	md=	deps=	hid=0/0/0	cat=Base	meta=	desc=Whether overwriting existing output dataset is allowed
gdal mdim mosaic	array			string_list	req=0	pos=0	in=1	out=0	cnt=0..-1	def=	choices=	min=	max=	ds=	dsin=0	dsout=0	mx=	md=	deps=	hid=0/0/0	cat=Base	meta=	desc=Name of array(s) to mosaic.
gdal pipeline	help	h		boolean	req=0	pos=0	in=1	out=0	cnt=0..1	def=	choices=	min=	max=	ds=	dsin=0	dsout=0	mx=	md=	deps=	hid=0/0/1	cat=Common	meta=	desc=Display help message and exit
gdal pipeline	help-doc			boolean	req=0	pos=0	in=1	out=0	cnt=0..1	def=	choices=	min=	max=	ds=	dsin=0	dsout=0	mx=	md=	deps=	hid=1/1/1	cat=Base	meta=	desc=Display help message for use by documentation
gdal pipeline	json-usage			boolean	req=0	pos=0	in=1	out=0	cnt=0..1	def=	choices=	min=	max=	ds=	dsin=0	dsout=0	mx=	md=	deps=	hid=0/0/1	cat=Common	meta=	desc=Display usage as JSON document and exit
gdal pipeline	config			string_list	req=0	pos=0	in=1	out=0	cnt=0..-1	def=	choices=	min=	max=	ds=	dsin=0	dsout=0	mx=	md=	deps=	hid=0/0/1	cat=Common	meta=	desc=Configuration option
gdal pipeline	quiet	q		boolean	req=0	pos=0	in=1	out=0	cnt=0..1	def=	choices=	min=	max=	ds=	dsin=0	dsout=0	mx=	md=	deps=	hid=0/0/0	cat=Common	meta=	desc=Quiet mode (no progress bar or warning message)
gdal pipeline	progress			boolean	req=0	pos=0	in=1	out=0	cnt=0..1	def=	choices=	min=	max=	ds=	dsin=0	dsout=0	mx=	md=	deps=	hid=1/1/1	cat=Base	meta=	desc=Display progress bar
gdal pipeline	input	i		dataset_list	req=0	pos=0	in=1	out=0	cnt=1..-1	def=	choices=	min=	max=	ds=raster,vector	dsin=3	dsout=2	mx=	md=	deps=	hid=0/1/0	cat=Base	meta=	desc=Input raster or vector datasets
gdal pipeline	output	o		dataset	req=0	pos=0	in=1	out=1	cnt=0..1	def=	choices=	min=	max=	ds=raster,vector	dsin=3	dsout=2	mx=	md=	deps=	hid=0/1/0	cat=Base	meta=	desc=Output raster or vector dataset
gdal pipeline	output-format	f	of|format	string	req=0	pos=0	in=1	out=0	cnt=0..1	def=	choices=	min=	max=	ds=	dsin=0	dsout=0	mx=	md=	deps=	hid=0/1/0	cat=Base	meta=	desc=Output format ("GDALG" allowed)
gdal pipeline	pipeline			string	req=0	pos=1	in=1	out=0	cnt=0..1	def=	choices=	min=	max=	ds=	dsin=0	dsout=0	mx=	md=	deps=	hid=0/1/0	cat=Base	meta=	desc=Pipeline string or filename
gdal pipeline	output-string			string	req=0	pos=0	in=0	out=1	cnt=0..1	def=	choices=	min=	max=	ds=	dsin=0	dsout=0	mx=	md=	deps=	hid=0/1/0	cat=Base	meta=	desc=Output string, in which the result is placed
gdal pipeline	stdout			boolean	req=0	pos=0	in=1	out=0	cnt=0..1	def=	choices=	min=	max=	ds=	dsin=0	dsout=0	mx=	md=	deps=	hid=1/1/1	cat=Base	meta=	desc=Directly output on stdout. If enabled, output-string will be empty
gdal raster	help	h		boolean	req=0	pos=0	in=1	out=0	cnt=0..1	def=	choices=	min=	max=	ds=	dsin=0	dsout=0	mx=	md=	deps=	hid=0/0/1	cat=Common	meta=	desc=Display help message and exit
gdal raster	help-doc			boolean	req=0	pos=0	in=1	out=0	cnt=0..1	def=	choices=	min=	max=	ds=	dsin=0	dsout=0	mx=	md=	deps=	hid=1/1/1	cat=Base	meta=	desc=Display help message for use by documentation
gdal raster	json-usage			boolean	req=0	pos=0	in=1	out=0	cnt=0..1	def=	choices=	min=	max=	ds=	dsin=0	dsout=0	mx=	md=	deps=	hid=0/0/1	cat=Common	meta=	desc=Display usage as JSON document and exit
gdal raster	config			string_list	req=0	pos=0	in=1	out=0	cnt=0..-1	def=	choices=	min=	max=	ds=	dsin=0	dsout=0	mx=	md=	deps=	hid=0/0/1	cat=Common	meta=	desc=Configuration option
gdal raster	drivers			boolean	req=0	pos=0	in=1	out=0	cnt=0..1	def=	choices=	min=	max=	ds=	dsin=0	dsout=0	mx=	md=	deps=	hid=0/0/0	cat=Base	meta=	desc=Display raster driver list as JSON document
gdal raster	output-string			string	req=0	pos=0	in=0	out=1	cnt=0..1	def=	choices=	min=	max=	ds=	dsin=0	dsout=0	mx=	md=	deps=	hid=0/1/0	cat=Base	meta=	desc=Output string, in which the result is placed
gdal raster as-features	help	h		boolean	req=0	pos=0	in=1	out=0	cnt=0..1	def=	choices=	min=	max=	ds=	dsin=0	dsout=0	mx=	md=	deps=	hid=0/0/1	cat=Common	meta=	desc=Display help message and exit
gdal raster as-features	help-doc			boolean	req=0	pos=0	in=1	out=0	cnt=0..1	def=	choices=	min=	max=	ds=	dsin=0	dsout=0	mx=	md=	deps=	hid=1/1/1	cat=Base	meta=	desc=Display help message for use by documentation
gdal raster as-features	json-usage			boolean	req=0	pos=0	in=1	out=0	cnt=0..1	def=	choices=	min=	max=	ds=	dsin=0	dsout=0	mx=	md=	deps=	hid=0/0/1	cat=Common	meta=	desc=Display usage as JSON document and exit
gdal raster as-features	config			string_list	req=0	pos=0	in=1	out=0	cnt=0..-1	def=	choices=	min=	max=	ds=	dsin=0	dsout=0	mx=	md=	deps=	hid=0/0/1	cat=Common	meta=	desc=Configuration option
gdal raster as-features	input-format		if	string_list	req=0	pos=0	in=1	out=0	cnt=0..-1	def=	choices=	min=	max=	ds=	dsin=0	dsout=0	mx=	md=	deps=	hid=0/0/0	cat=Advanced	meta=required_capabilities=DCAP_RASTER;	desc=Input formats
gdal raster as-features	open-option		oo	string_list	req=0	pos=0	in=1	out=0	cnt=0..-1	def=	choices=	min=	max=	ds=	dsin=0	dsout=0	mx=	md=	deps=	hid=0/0/0	cat=Advanced	meta=	desc=Open options
gdal raster as-features	input	i		dataset_list	req=1	pos=1	in=1	out=0	cnt=1..1	def=	choices=	min=	max=	ds=raster	dsin=3	dsout=2	mx=	md=	deps=	hid=0/0/0	cat=Base	meta=	desc=Input raster datasets
gdal raster as-features	output-format	f	of|format	string	req=0	pos=0	in=1	out=0	cnt=0..1	def=	choices=	min=	max=	ds=	dsin=0	dsout=0	mx=	md=	deps=	hid=0/0/0	cat=Base	meta=required_capabilities=DCAP_VECTOR,DCAP_CREATE;	desc=Output format ("GDALG" allowed)
gdal raster as-features	output-open-option		output-oo	string_list	req=0	pos=0	in=1	out=0	cnt=0..-1	def=	choices=	min=	max=	ds=	dsin=0	dsout=0	mx=	md=	deps=	hid=0/0/0	cat=Advanced	meta=	desc=Output open options
gdal raster as-features	output	o		dataset	req=1	pos=1	in=1	out=1	cnt=0..1	def=	choices=	min=	max=	ds=vector	dsin=3	dsout=2	mx=	md=	deps=	hid=0/0/0	cat=Base	meta=	desc=Output vector dataset
gdal raster as-features	creation-option		co	string_list	req=0	pos=0	in=1	out=0	cnt=0..-1	def=	choices=	min=	max=	ds=	dsin=0	dsout=0	mx=	md=	deps=	hid=0/0/0	cat=Base	meta=	desc=Creation option
gdal raster as-features	layer-creation-option		lco	string_list	req=0	pos=0	in=1	out=0	cnt=0..-1	def=	choices=	min=	max=	ds=	dsin=0	dsout=0	mx=	md=	deps=	hid=0/0/0	cat=Base	meta=	desc=Layer creation option
gdal raster as-features	overwrite			boolean	req=0	pos=0	in=1	out=0	cnt=0..1	def=false	choices=	min=	max=	ds=	dsin=0	dsout=0	mx=	md=	deps=	hid=0/0/0	cat=Base	meta=	desc=Whether overwriting existing output dataset is allowed
gdal raster as-features	update			boolean	req=0	pos=0	in=1	out=0	cnt=0..1	def=false	choices=	min=	max=	ds=	dsin=0	dsout=0	mx=	md=	deps=	hid=0/0/0	cat=Base	meta=	desc=Whether to open existing dataset in update mode
gdal raster as-features	overwrite-layer			boolean	req=0	pos=0	in=1	out=0	cnt=0..1	def=false	choices=	min=	max=	ds=	dsin=0	dsout=0	mx=	md=	deps=	hid=0/0/0	cat=Base	meta=	desc=Whether overwriting existing output layer is allowed
gdal raster as-features	append			boolean	req=0	pos=0	in=1	out=0	cnt=0..1	def=false	choices=	min=	max=	ds=	dsin=0	dsout=0	mx=append-upsert	md=	deps=	hid=0/0/0	cat=Base	meta=	desc=Whether appending to existing layer is allowed
gdal raster as-features	output-layer			string	req=0	pos=0	in=1	out=0	cnt=0..1	def=	choices=	min=	max=	ds=	dsin=0	dsout=0	mx=	md=	deps=	hid=0/0/0	cat=Base	meta=	desc=Output layer name
gdal raster as-features	band	b		integer_list	req=0	pos=0	in=1	out=0	cnt=0..-1	def=	choices=	min=	max=	ds=	dsin=0	dsout=0	mx=	md=	deps=	hid=0/0/0	cat=Base	meta=	desc=Input band(s) (1-based index)
gdal raster as-features	geometry-type			string	req=0	pos=0	in=1	out=0	cnt=0..1	def=none	choices=none|point|polygon	min=	max=	ds=	dsin=0	dsout=0	mx=	md=	deps=	hid=0/0/0	cat=Base	meta=	desc=Geometry type
gdal raster as-features	skip-nodata			boolean	req=0	pos=0	in=1	out=0	cnt=0..1	def=	choices=	min=	max=	ds=	dsin=0	dsout=0	mx=	md=	deps=	hid=0/0/0	cat=Base	meta=	desc=Omit NoData pixels from the result
gdal raster as-features	include-xy			boolean	req=0	pos=0	in=1	out=0	cnt=0..1	def=	choices=	min=	max=	ds=	dsin=0	dsout=0	mx=	md=	deps=	hid=0/0/0	cat=Base	meta=	desc=Include fields for cell center coordinates
gdal raster as-features	include-row-col			boolean	req=0	pos=0	in=1	out=0	cnt=0..1	def=	choices=	min=	max=	ds=	dsin=0	dsout=0	mx=	md=	deps=	hid=0/0/0	cat=Base	meta=	desc=Include columns for row and column
gdal raster aspect	help	h		boolean	req=0	pos=0	in=1	out=0	cnt=0..1	def=	choices=	min=	max=	ds=	dsin=0	dsout=0	mx=	md=	deps=	hid=0/0/1	cat=Common	meta=	desc=Display help message and exit
gdal raster aspect	help-doc			boolean	req=0	pos=0	in=1	out=0	cnt=0..1	def=	choices=	min=	max=	ds=	dsin=0	dsout=0	mx=	md=	deps=	hid=1/1/1	cat=Base	meta=	desc=Display help message for use by documentation
gdal raster aspect	json-usage			boolean	req=0	pos=0	in=1	out=0	cnt=0..1	def=	choices=	min=	max=	ds=	dsin=0	dsout=0	mx=	md=	deps=	hid=0/0/1	cat=Common	meta=	desc=Display usage as JSON document and exit
gdal raster aspect	config			string_list	req=0	pos=0	in=1	out=0	cnt=0..-1	def=	choices=	min=	max=	ds=	dsin=0	dsout=0	mx=	md=	deps=	hid=0/0/1	cat=Common	meta=	desc=Configuration option
gdal raster aspect	input-format		if	string_list	req=0	pos=0	in=1	out=0	cnt=0..-1	def=	choices=	min=	max=	ds=	dsin=0	dsout=0	mx=	md=	deps=	hid=0/0/0	cat=Advanced	meta=required_capabilities=DCAP_RASTER;	desc=Input formats
gdal raster aspect	open-option		oo	string_list	req=0	pos=0	in=1	out=0	cnt=0..-1	def=	choices=	min=	max=	ds=	dsin=0	dsout=0	mx=	md=	deps=	hid=0/0/0	cat=Advanced	meta=	desc=Open options
gdal raster aspect	input	i		dataset_list	req=1	pos=1	in=1	out=0	cnt=1..1	def=	choices=	min=	max=	ds=raster	dsin=3	dsout=2	mx=	md=	deps=	hid=0/0/0	cat=Base	meta=	desc=Input raster datasets
gdal raster aspect	quiet	q		boolean	req=0	pos=0	in=1	out=0	cnt=0..1	def=	choices=	min=	max=	ds=	dsin=0	dsout=0	mx=	md=	deps=	hid=0/0/0	cat=Common	meta=	desc=Quiet mode (no progress bar or warning message)
gdal raster aspect	progress			boolean	req=0	pos=0	in=1	out=0	cnt=0..1	def=	choices=	min=	max=	ds=	dsin=0	dsout=0	mx=	md=	deps=	hid=1/1/1	cat=Base	meta=	desc=Display progress bar
gdal raster aspect	output-format	f	of|format	string	req=0	pos=0	in=1	out=0	cnt=0..1	def=	choices=	min=	max=	ds=	dsin=0	dsout=0	mx=	md=	deps=	hid=0/0/0	cat=Base	meta=required_capabilities=DCAP_RASTER,DCAP_CREATECOPY;vrt_compatible=false;	desc=Output format ("GDALG" allowed)
gdal raster aspect	output	o		dataset	req=1	pos=1	in=1	out=1	cnt=0..1	def=	choices=	min=	max=	ds=raster	dsin=3	dsout=2	mx=	md=	deps=	hid=0/0/0	cat=Base	meta=	desc=Output raster dataset
gdal raster aspect	creation-option		co	string_list	req=0	pos=0	in=1	out=0	cnt=0..-1	def=	choices=	min=	max=	ds=	dsin=0	dsout=0	mx=	md=	deps=	hid=0/0/0	cat=Base	meta=	desc=Creation option
gdal raster aspect	overwrite			boolean	req=0	pos=0	in=1	out=0	cnt=0..1	def=false	choices=	min=	max=	ds=	dsin=0	dsout=0	mx=overwrite-append	md=	deps=	hid=0/0/0	cat=Base	meta=	desc=Whether overwriting existing output dataset is allowed
gdal raster aspect	append			boolean	req=0	pos=0	in=1	out=0	cnt=0..1	def=false	choices=	min=	max=	ds=	dsin=0	dsout=0	mx=overwrite-append	md=	deps=	hid=0/0/0	cat=Base	meta=	desc=Append as a subdataset to existing output
gdal raster aspect	band	b		integer	req=0	pos=0	in=1	out=0	cnt=0..1	def=1	choices=	min=	max=	ds=	dsin=0	dsout=0	mx=	md=	deps=	hid=0/0/0	cat=Base	meta=	desc=Input band (1-based index)
gdal raster aspect	convention			string	req=0	pos=0	in=1	out=0	cnt=0..1	def=azimuth	choices=azimuth|trigonometric-angle	min=	max=	ds=	dsin=0	dsout=0	mx=	md=	deps=	hid=0/0/0	cat=Base	meta=	desc=Convention for output angles
gdal raster aspect	gradient-alg			string	req=0	pos=0	in=1	out=0	cnt=0..1	def=Horn	choices=Horn|ZevenbergenThorne	min=	max=	ds=	dsin=0	dsout=0	mx=	md=	deps=	hid=0/0/0	cat=Base	meta=	desc=Algorithm used to compute terrain gradient
gdal raster aspect	zero-for-flat			boolean	req=0	pos=0	in=1	out=0	cnt=0..1	def=	choices=	min=	max=	ds=	dsin=0	dsout=0	mx=	md=	deps=	hid=0/0/0	cat=Base	meta=	desc=Whether to output zero for flat areas
gdal raster aspect	no-edges			boolean	req=0	pos=0	in=1	out=0	cnt=0..1	def=	choices=	min=	max=	ds=	dsin=0	dsout=0	mx=	md=	deps=	hid=0/0/0	cat=Base	meta=	desc=Do not try to interpolate values at dataset edges or close to nodata values
gdal raster blend	help	h		boolean	req=0	pos=0	in=1	out=0	cnt=0..1	def=	choices=	min=	max=	ds=	dsin=0	dsout=0	mx=	md=	deps=	hid=0/0/1	cat=Common	meta=	desc=Display help message and exit
gdal raster blend	help-doc			boolean	req=0	pos=0	in=1	out=0	cnt=0..1	def=	choices=	min=	max=	ds=	dsin=0	dsout=0	mx=	md=	deps=	hid=1/1/1	cat=Base	meta=	desc=Display help message for use by documentation
gdal raster blend	json-usage			boolean	req=0	pos=0	in=1	out=0	cnt=0..1	def=	choices=	min=	max=	ds=	dsin=0	dsout=0	mx=	md=	deps=	hid=0/0/1	cat=Common	meta=	desc=Display usage as JSON document and exit
gdal raster blend	config			string_list	req=0	pos=0	in=1	out=0	cnt=0..-1	def=	choices=	min=	max=	ds=	dsin=0	dsout=0	mx=	md=	deps=	hid=0/0/1	cat=Common	meta=	desc=Configuration option
gdal raster blend	input-format		if	string_list	req=0	pos=0	in=1	out=0	cnt=0..-1	def=	choices=	min=	max=	ds=	dsin=0	dsout=0	mx=	md=	deps=	hid=0/0/0	cat=Advanced	meta=required_capabilities=DCAP_RASTER;	desc=Input formats
gdal raster blend	open-option		oo	string_list	req=0	pos=0	in=1	out=0	cnt=0..-1	def=	choices=	min=	max=	ds=	dsin=0	dsout=0	mx=	md=	deps=	hid=0/0/0	cat=Advanced	meta=	desc=Open options
gdal raster blend	input	i	color-input	dataset_list	req=1	pos=1	in=1	out=0	cnt=1..1	def=	choices=	min=	max=	ds=raster	dsin=3	dsout=2	mx=	md=	deps=	hid=0/0/0	cat=Base	meta=	desc=Input raster dataset
gdal raster blend	overlay			dataset	req=1	pos=1	in=1	out=0	cnt=0..1	def=	choices=	min=	max=	ds=raster	dsin=3	dsout=2	mx=	md=	deps=	hid=0/0/0	cat=Base	meta=	desc=Overlay dataset
gdal raster blend	quiet	q		boolean	req=0	pos=0	in=1	out=0	cnt=0..1	def=	choices=	min=	max=	ds=	dsin=0	dsout=0	mx=	md=	deps=	hid=0/0/0	cat=Common	meta=	desc=Quiet mode (no progress bar or warning message)
gdal raster blend	progress			boolean	req=0	pos=0	in=1	out=0	cnt=0..1	def=	choices=	min=	max=	ds=	dsin=0	dsout=0	mx=	md=	deps=	hid=1/1/1	cat=Base	meta=	desc=Display progress bar
gdal raster blend	output-format	f	of|format	string	req=0	pos=0	in=1	out=0	cnt=0..1	def=	choices=	min=	max=	ds=	dsin=0	dsout=0	mx=	md=	deps=	hid=0/0/0	cat=Base	meta=required_capabilities=DCAP_RASTER,DCAP_CREATECOPY;	desc=Output format ("GDALG" allowed)
gdal raster blend	output	o		dataset	req=1	pos=1	in=1	out=1	cnt=0..1	def=	choices=	min=	max=	ds=raster	dsin=3	dsout=2	mx=	md=	deps=	hid=0/0/0	cat=Base	meta=	desc=Output raster dataset
gdal raster blend	creation-option		co	string_list	req=0	pos=0	in=1	out=0	cnt=0..-1	def=	choices=	min=	max=	ds=	dsin=0	dsout=0	mx=	md=	deps=	hid=0/0/0	cat=Base	meta=	desc=Creation option
gdal raster blend	overwrite			boolean	req=0	pos=0	in=1	out=0	cnt=0..1	def=false	choices=	min=	max=	ds=	dsin=0	dsout=0	mx=overwrite-append	md=	deps=	hid=0/0/0	cat=Base	meta=	desc=Whether overwriting existing output dataset is allowed
gdal raster blend	append			boolean	req=0	pos=0	in=1	out=0	cnt=0..1	def=false	choices=	min=	max=	ds=	dsin=0	dsout=0	mx=overwrite-append	md=	deps=	hid=0/0/0	cat=Base	meta=	desc=Append as a subdataset to existing output
gdal raster blend	operator			string	req=0	pos=0	in=1	out=0	cnt=0..1	def=src-over	choices=src-over|hsv-value|multiply|screen|overlay|hard-light|darken|lighten|color-dodge|color-burn	min=	max=	ds=	dsin=0	dsout=0	mx=	md=	deps=	hid=0/0/0	cat=Base	meta=	desc=Composition operator
gdal raster blend	opacity			integer	req=0	pos=0	in=1	out=0	cnt=0..1	def=100	choices=	min=[0	max=100]	ds=	dsin=0	dsout=0	mx=	md=	deps=	hid=0/0/0	cat=Base	meta=	desc=Opacity percentage to apply to the overlay dataset (0=fully transparent, 100=full use of overlay opacity)
gdal raster calc	help	h		boolean	req=0	pos=0	in=1	out=0	cnt=0..1	def=	choices=	min=	max=	ds=	dsin=0	dsout=0	mx=	md=	deps=	hid=0/0/1	cat=Common	meta=	desc=Display help message and exit
gdal raster calc	help-doc			boolean	req=0	pos=0	in=1	out=0	cnt=0..1	def=	choices=	min=	max=	ds=	dsin=0	dsout=0	mx=	md=	deps=	hid=1/1/1	cat=Base	meta=	desc=Display help message for use by documentation
gdal raster calc	json-usage			boolean	req=0	pos=0	in=1	out=0	cnt=0..1	def=	choices=	min=	max=	ds=	dsin=0	dsout=0	mx=	md=	deps=	hid=0/0/1	cat=Common	meta=	desc=Display usage as JSON document and exit
gdal raster calc	config			string_list	req=0	pos=0	in=1	out=0	cnt=0..-1	def=	choices=	min=	max=	ds=	dsin=0	dsout=0	mx=	md=	deps=	hid=0/0/1	cat=Common	meta=	desc=Configuration option
gdal raster calc	input-format		if	string_list	req=0	pos=0	in=1	out=0	cnt=0..-1	def=	choices=	min=	max=	ds=	dsin=0	dsout=0	mx=	md=	deps=	hid=0/0/0	cat=Advanced	meta=required_capabilities=DCAP_RASTER;	desc=Input formats
gdal raster calc	open-option		oo	string_list	req=0	pos=0	in=1	out=0	cnt=0..-1	def=	choices=	min=	max=	ds=	dsin=0	dsout=0	mx=	md=	deps=	hid=0/0/0	cat=Advanced	meta=	desc=Open options
gdal raster calc	input	i		dataset_list	req=1	pos=1	in=1	out=0	cnt=1..-1	def=	choices=	min=	max=	ds=raster	dsin=1	dsout=2	mx=	md=	deps=	hid=0/0/0	cat=Base	meta=	desc=Input raster datasets
gdal raster calc	quiet	q		boolean	req=0	pos=0	in=1	out=0	cnt=0..1	def=	choices=	min=	max=	ds=	dsin=0	dsout=0	mx=	md=	deps=	hid=0/0/0	cat=Common	meta=	desc=Quiet mode (no progress bar or warning message)
gdal raster calc	progress			boolean	req=0	pos=0	in=1	out=0	cnt=0..1	def=	choices=	min=	max=	ds=	dsin=0	dsout=0	mx=	md=	deps=	hid=1/1/1	cat=Base	meta=	desc=Display progress bar
gdal raster calc	output-format	f	of|format	string	req=0	pos=0	in=1	out=0	cnt=0..1	def=	choices=	min=	max=	ds=	dsin=0	dsout=0	mx=	md=	deps=	hid=0/0/0	cat=Base	meta=required_capabilities=DCAP_RASTER,DCAP_CREATECOPY;	desc=Output format ("GDALG" allowed)
gdal raster calc	output	o		dataset	req=1	pos=1	in=1	out=1	cnt=0..1	def=	choices=	min=	max=	ds=raster	dsin=3	dsout=2	mx=	md=	deps=	hid=0/0/0	cat=Base	meta=	desc=Output raster dataset
gdal raster calc	creation-option		co	string_list	req=0	pos=0	in=1	out=0	cnt=0..-1	def=	choices=	min=	max=	ds=	dsin=0	dsout=0	mx=	md=	deps=	hid=0/0/0	cat=Base	meta=	desc=Creation option
gdal raster calc	overwrite			boolean	req=0	pos=0	in=1	out=0	cnt=0..1	def=false	choices=	min=	max=	ds=	dsin=0	dsout=0	mx=overwrite-append	md=	deps=	hid=0/0/0	cat=Base	meta=	desc=Whether overwriting existing output dataset is allowed
gdal raster calc	append			boolean	req=0	pos=0	in=1	out=0	cnt=0..1	def=false	choices=	min=	max=	ds=	dsin=0	dsout=0	mx=overwrite-append	md=	deps=	hid=0/0/0	cat=Base	meta=	desc=Append as a subdataset to existing output
gdal raster calc	output-data-type		ot|datatype	string	req=0	pos=0	in=1	out=0	cnt=0..1	def=	choices=UInt8|Int8|UInt16|Int16|UInt32|Int32|UInt64|Int64|CInt16|CInt32|Float16|Float32|Float64|CFloat32|CFloat64	min=	max=	ds=	dsin=0	dsout=0	mx=	md=	deps=	hid=0/0/0	cat=Base	meta=type=GDALDataType;	desc=Output data type
gdal raster calc	no-check-crs			boolean	req=0	pos=0	in=1	out=0	cnt=0..1	def=	choices=	min=	max=	ds=	dsin=0	dsout=0	mx=	md=	deps=	hid=0/0/0	cat=Base	meta=	desc=Do not check consistency of input coordinate reference systems
gdal raster calc	no-check-extent			boolean	req=0	pos=0	in=1	out=0	cnt=0..1	def=	choices=	min=	max=	ds=	dsin=0	dsout=0	mx=	md=	deps=	hid=0/0/0	cat=Base	meta=	desc=Do not check consistency of input extents
gdal raster calc	propagate-nodata			boolean	req=0	pos=0	in=1	out=0	cnt=0..1	def=	choices=	min=	max=	ds=	dsin=0	dsout=0	mx=	md=	deps=	hid=0/0/0	cat=Base	meta=	desc=Whether to set pixels to the output NoData value if any of the input pixels is NoData
gdal raster calc	calc			string_list	req=1	pos=0	in=1	out=0	cnt=1..-1	def=	choices=	min=	max=	ds=	dsin=0	dsout=0	mx=	md=	deps=	hid=0/0/0	cat=Base	meta=	desc=Expression(s) to evaluate
gdal raster calc	dialect			string	req=0	pos=0	in=1	out=0	cnt=0..1	def=muparser	choices=muparser|builtin	min=	max=	ds=	dsin=0	dsout=0	mx=	md=	deps=	hid=0/0/0	cat=Base	meta=	desc=Expression dialect
gdal raster calc	flatten			boolean	req=0	pos=0	in=1	out=0	cnt=0..1	def=	choices=	min=	max=	ds=	dsin=0	dsout=0	mx=	md=	deps=	hid=0/0/0	cat=Base	meta=	desc=Generate a single band output raster per expression, even if input datasets are multiband
gdal raster calc	nodata			string	req=0	pos=0	in=1	out=0	cnt=0..1	def=	choices=	min=	max=	ds=	dsin=0	dsout=0	mx=	md=	deps=	hid=0/0/0	cat=Base	meta=	desc=Assign a specified nodata value to output bands ('none', numeric value, 'nan', 'inf', '-inf')
gdal raster calc	no-check-expression			boolean	req=0	pos=0	in=1	out=0	cnt=0..1	def=	choices=	min=	max=	ds=	dsin=0	dsout=0	mx=	md=	deps=	hid=1/1/1	cat=Base	meta=	desc=Whether to skip expression validity checks for virtual format output
gdal raster clean-collar	help	h		boolean	req=0	pos=0	in=1	out=0	cnt=0..1	def=	choices=	min=	max=	ds=	dsin=0	dsout=0	mx=	md=	deps=	hid=0/0/1	cat=Common	meta=	desc=Display help message and exit
gdal raster clean-collar	help-doc			boolean	req=0	pos=0	in=1	out=0	cnt=0..1	def=	choices=	min=	max=	ds=	dsin=0	dsout=0	mx=	md=	deps=	hid=1/1/1	cat=Base	meta=	desc=Display help message for use by documentation
gdal raster clean-collar	json-usage			boolean	req=0	pos=0	in=1	out=0	cnt=0..1	def=	choices=	min=	max=	ds=	dsin=0	dsout=0	mx=	md=	deps=	hid=0/0/1	cat=Common	meta=	desc=Display usage as JSON document and exit
gdal raster clean-collar	config			string_list	req=0	pos=0	in=1	out=0	cnt=0..-1	def=	choices=	min=	max=	ds=	dsin=0	dsout=0	mx=	md=	deps=	hid=0/0/1	cat=Common	meta=	desc=Configuration option
gdal raster clean-collar	quiet	q		boolean	req=0	pos=0	in=1	out=0	cnt=0..1	def=	choices=	min=	max=	ds=	dsin=0	dsout=0	mx=	md=	deps=	hid=0/0/0	cat=Common	meta=	desc=Quiet mode (no progress bar or warning message)
gdal raster clean-collar	progress			boolean	req=0	pos=0	in=1	out=0	cnt=0..1	def=	choices=	min=	max=	ds=	dsin=0	dsout=0	mx=	md=	deps=	hid=1/1/1	cat=Base	meta=	desc=Display progress bar
gdal raster clean-collar	open-option		oo	string_list	req=0	pos=0	in=1	out=0	cnt=0..-1	def=	choices=	min=	max=	ds=	dsin=0	dsout=0	mx=	md=	deps=	hid=0/0/0	cat=Advanced	meta=	desc=Open options
gdal raster clean-collar	input-format		if	string_list	req=0	pos=0	in=1	out=0	cnt=0..-1	def=	choices=	min=	max=	ds=	dsin=0	dsout=0	mx=	md=	deps=	hid=0/0/0	cat=Advanced	meta=required_capabilities=DCAP_RASTER;	desc=Input formats
gdal raster clean-collar	input	i		dataset	req=1	pos=1	in=1	out=0	cnt=0..1	def=	choices=	min=	max=	ds=raster	dsin=3	dsout=2	mx=	md=	deps=	hid=0/0/0	cat=Base	meta=	desc=Input raster dataset
gdal raster clean-collar	output	o		dataset	req=0	pos=1	in=1	out=1	cnt=0..1	def=	choices=	min=	max=	ds=raster	dsin=3	dsout=2	mx=	md=	deps=	hid=0/0/0	cat=Base	meta=	desc=Output raster dataset
gdal raster clean-collar	output-format	f	of|format	string	req=0	pos=0	in=1	out=0	cnt=0..1	def=	choices=	min=	max=	ds=	dsin=0	dsout=0	mx=	md=	deps=	hid=0/0/0	cat=Base	meta=required_capabilities=DCAP_CREATE,DCAP_RASTER;	desc=Output format
gdal raster clean-collar	creation-option		co	string_list	req=0	pos=0	in=1	out=0	cnt=0..-1	def=	choices=	min=	max=	ds=	dsin=0	dsout=0	mx=	md=	deps=	hid=0/0/0	cat=Base	meta=	desc=Creation option
gdal raster clean-collar	overwrite			boolean	req=0	pos=0	in=1	out=0	cnt=0..1	def=false	choices=	min=	max=	ds=	dsin=0	dsout=0	mx=	md=	deps=	hid=0/0/0	cat=Base	meta=	desc=Whether overwriting existing output dataset is allowed
gdal raster clean-collar	update			boolean	req=0	pos=0	in=1	out=0	cnt=0..1	def=false	choices=	min=	max=	ds=	dsin=0	dsout=0	mx=	md=	deps=	hid=0/0/0	cat=Base	meta=	desc=Whether to open existing dataset in update mode
gdal raster clean-collar	color			string_list	req=0	pos=0	in=1	out=0	cnt=0..-1	def=black	choices=	min=	max=	ds=	dsin=0	dsout=0	mx=	md=	deps=	hid=0/0/0	cat=Base	meta=	desc=Transparent color(s): tuple of integer (like 'r,g,b'), 'black', 'white'
gdal raster clean-collar	color-threshold			integer	req=0	pos=0	in=1	out=0	cnt=0..1	def=15	choices=	min=[0	max=	ds=	dsin=0	dsout=0	mx=	md=	deps=	hid=0/0/0	cat=Base	meta=	desc=Select how far from specified transparent colors the pixel values are considered transparent.
gdal raster clean-collar	pixel-distance			integer	req=0	pos=0	in=1	out=0	cnt=0..1	def=2	choices=	min=[0	max=	ds=	dsin=0	dsout=0	mx=	md=	deps=	hid=0/0/0	cat=Base	meta=	desc=Number of consecutive transparent pixels that can be encountered before the giving up search inwards.
gdal raster clean-collar	add-alpha			boolean	req=0	pos=0	in=1	out=0	cnt=0..1	def=	choices=	min=	max=	ds=	dsin=0	dsout=0	mx=addalpha-addmask	md=	deps=	hid=0/0/0	cat=Base	meta=	desc=Adds an alpha band to the output dataset.
gdal raster clean-collar	add-mask			boolean	req=0	pos=0	in=1	out=0	cnt=0..1	def=	choices=	min=	max=	ds=	dsin=0	dsout=0	mx=addalpha-addmask	md=	deps=	hid=0/0/0	cat=Base	meta=	desc=Adds a mask band to the output dataset.
gdal raster clean-collar	algorithm			string	req=0	pos=0	in=1	out=0	cnt=0..1	def=floodfill	choices=floodfill|twopasses	min=	max=	ds=	dsin=0	dsout=0	mx=	md=	deps=	hid=0/0/0	cat=Base	meta=	desc=Algorithm to apply
gdal raster clip	help	h		boolean	req=0	pos=0	in=1	out=0	cnt=0..1	def=	choices=	min=	max=	ds=	dsin=0	dsout=0	mx=	md=	deps=	hid=0/0/1	cat=Common	meta=	desc=Display help message and exit
gdal raster clip	help-doc			boolean	req=0	pos=0	in=1	out=0	cnt=0..1	def=	choices=	min=	max=	ds=	dsin=0	dsout=0	mx=	md=	deps=	hid=1/1/1	cat=Base	meta=	desc=Display help message for use by documentation
gdal raster clip	json-usage			boolean	req=0	pos=0	in=1	out=0	cnt=0..1	def=	choices=	min=	max=	ds=	dsin=0	dsout=0	mx=	md=	deps=	hid=0/0/1	cat=Common	meta=	desc=Display usage as JSON document and exit
gdal raster clip	config			string_list	req=0	pos=0	in=1	out=0	cnt=0..-1	def=	choices=	min=	max=	ds=	dsin=0	dsout=0	mx=	md=	deps=	hid=0/0/1	cat=Common	meta=	desc=Configuration option
gdal raster clip	input-format		if	string_list	req=0	pos=0	in=1	out=0	cnt=0..-1	def=	choices=	min=	max=	ds=	dsin=0	dsout=0	mx=	md=	deps=	hid=0/0/0	cat=Advanced	meta=required_capabilities=DCAP_RASTER;	desc=Input formats
gdal raster clip	open-option		oo	string_list	req=0	pos=0	in=1	out=0	cnt=0..-1	def=	choices=	min=	max=	ds=	dsin=0	dsout=0	mx=	md=	deps=	hid=0/0/0	cat=Advanced	meta=	desc=Open options
gdal raster clip	input	i		dataset_list	req=1	pos=1	in=1	out=0	cnt=1..1	def=	choices=	min=	max=	ds=raster	dsin=3	dsout=2	mx=	md=	deps=	hid=0/0/0	cat=Base	meta=	desc=Input raster datasets
gdal raster clip	quiet	q		boolean	req=0	pos=0	in=1	out=0	cnt=0..1	def=	choices=	min=	max=	ds=	dsin=0	dsout=0	mx=	md=	deps=	hid=0/0/0	cat=Common	meta=	desc=Quiet mode (no progress bar or warning message)
gdal raster clip	progress			boolean	req=0	pos=0	in=1	out=0	cnt=0..1	def=	choices=	min=	max=	ds=	dsin=0	dsout=0	mx=	md=	deps=	hid=1/1/1	cat=Base	meta=	desc=Display progress bar
gdal raster clip	output-format	f	of|format	string	req=0	pos=0	in=1	out=0	cnt=0..1	def=	choices=	min=	max=	ds=	dsin=0	dsout=0	mx=	md=	deps=	hid=0/0/0	cat=Base	meta=required_capabilities=DCAP_RASTER,DCAP_CREATECOPY;	desc=Output format ("GDALG" allowed)
gdal raster clip	output	o		dataset	req=1	pos=1	in=1	out=1	cnt=0..1	def=	choices=	min=	max=	ds=raster	dsin=3	dsout=2	mx=	md=	deps=	hid=0/0/0	cat=Base	meta=	desc=Output raster dataset
gdal raster clip	creation-option		co	string_list	req=0	pos=0	in=1	out=0	cnt=0..-1	def=	choices=	min=	max=	ds=	dsin=0	dsout=0	mx=	md=	deps=	hid=0/0/0	cat=Base	meta=	desc=Creation option
gdal raster clip	overwrite			boolean	req=0	pos=0	in=1	out=0	cnt=0..1	def=false	choices=	min=	max=	ds=	dsin=0	dsout=0	mx=overwrite-append	md=	deps=	hid=0/0/0	cat=Base	meta=	desc=Whether overwriting existing output dataset is allowed
gdal raster clip	append			boolean	req=0	pos=0	in=1	out=0	cnt=0..1	def=false	choices=	min=	max=	ds=	dsin=0	dsout=0	mx=overwrite-append	md=	deps=	hid=0/0/0	cat=Base	meta=	desc=Append as a subdataset to existing output
gdal raster clip	bbox			real_list	req=0	pos=0	in=1	out=0	cnt=4..4	def=	choices=	min=	max=	ds=	dsin=0	dsout=0	mx=bbox-window-geometry-like	md=	deps=	hid=0/0/0	cat=Base	meta=	desc=Clipping bounding box as xmin,ymin,xmax,ymax
gdal raster clip	bbox-crs			string	req=0	pos=0	in=1	out=0	cnt=0..1	def=	choices=	min=	max=	ds=	dsin=0	dsout=0	mx=	md=	deps=	hid=0/0/0	cat=Base	meta=	desc=CRS of clipping bounding box
gdal raster clip	window			integer_list	req=0	pos=0	in=1	out=0	cnt=4..4	def=	choices=	min=	max=	ds=	dsin=0	dsout=0	mx=bbox-window-geometry-like	md=	deps=	hid=0/0/0	cat=Base	meta=	desc=Raster window as col,line,width,height in pixels
gdal raster clip	geometry			string	req=0	pos=0	in=1	out=0	cnt=0..1	def=	choices=	min=	max=	ds=	dsin=0	dsout=0	mx=bbox-window-geometry-like	md=	deps=	hid=0/0/0	cat=Base	meta=	desc=Clipping geometry (WKT or GeoJSON)
gdal raster clip	geometry-crs			string	req=0	pos=0	in=1	out=0	cnt=0..1	def=	choices=	min=	max=	ds=	dsin=0	dsout=0	mx=	md=	deps=	hid=0/0/0	cat=Base	meta=	desc=CRS of clipping geometry
gdal raster clip	like			dataset	req=0	pos=0	in=1	out=0	cnt=0..1	def=	choices=	min=	max=	ds=raster,vector	dsin=3	dsout=2	mx=bbox-window-geometry-like	md=	deps=	hid=0/0/0	cat=Base	meta=	desc=Dataset to use as a template for bounds
gdal raster clip	like-sql			string	req=0	pos=0	in=1	out=0	cnt=0..1	def=	choices=	min=	max=	ds=	dsin=0	dsout=0	mx=sql-where	md=	deps=	hid=0/0/0	cat=Base	meta=	desc=SELECT statement to run on the 'like' dataset
gdal raster clip	like-layer			string	req=0	pos=0	in=1	out=0	cnt=0..1	def=	choices=	min=	max=	ds=	dsin=0	dsout=0	mx=	md=	deps=	hid=0/0/0	cat=Base	meta=	desc=Name of the layer of the 'like' dataset
gdal raster clip	like-where			string	req=0	pos=0	in=1	out=0	cnt=0..1	def=	choices=	min=	max=	ds=	dsin=0	dsout=0	mx=sql-where	md=	deps=	hid=0/0/0	cat=Base	meta=	desc=WHERE SQL clause to run on the 'like' dataset
gdal raster clip	only-bbox			boolean	req=0	pos=0	in=1	out=0	cnt=0..1	def=	choices=	min=	max=	ds=	dsin=0	dsout=0	mx=	md=	deps=	hid=0/0/0	cat=Base	meta=	desc=For 'geometry' and 'like', only consider their bounding box
gdal raster clip	allow-bbox-outside-source			boolean	req=0	pos=0	in=1	out=0	cnt=0..1	def=	choices=	min=	max=	ds=	dsin=0	dsout=0	mx=	md=	deps=	hid=0/0/0	cat=Base	meta=	desc=Allow clipping box to include pixels outside input dataset
gdal raster clip	add-alpha			boolean	req=0	pos=0	in=1	out=0	cnt=0..1	def=	choices=	min=	max=	ds=	dsin=0	dsout=0	mx=	md=	deps=	hid=0/0/0	cat=Base	meta=	desc=Adds an alpha mask band to the destination when the source raster have none.
gdal raster color-map	help	h		boolean	req=0	pos=0	in=1	out=0	cnt=0..1	def=	choices=	min=	max=	ds=	dsin=0	dsout=0	mx=	md=	deps=	hid=0/0/1	cat=Common	meta=	desc=Display help message and exit
gdal raster color-map	help-doc			boolean	req=0	pos=0	in=1	out=0	cnt=0..1	def=	choices=	min=	max=	ds=	dsin=0	dsout=0	mx=	md=	deps=	hid=1/1/1	cat=Base	meta=	desc=Display help message for use by documentation
gdal raster color-map	json-usage			boolean	req=0	pos=0	in=1	out=0	cnt=0..1	def=	choices=	min=	max=	ds=	dsin=0	dsout=0	mx=	md=	deps=	hid=0/0/1	cat=Common	meta=	desc=Display usage as JSON document and exit
gdal raster color-map	config			string_list	req=0	pos=0	in=1	out=0	cnt=0..-1	def=	choices=	min=	max=	ds=	dsin=0	dsout=0	mx=	md=	deps=	hid=0/0/1	cat=Common	meta=	desc=Configuration option
gdal raster color-map	input-format		if	string_list	req=0	pos=0	in=1	out=0	cnt=0..-1	def=	choices=	min=	max=	ds=	dsin=0	dsout=0	mx=	md=	deps=	hid=0/0/0	cat=Advanced	meta=required_capabilities=DCAP_RASTER;	desc=Input formats
gdal raster color-map	open-option		oo	string_list	req=0	pos=0	in=1	out=0	cnt=0..-1	def=	choices=	min=	max=	ds=	dsin=0	dsout=0	mx=	md=	deps=	hid=0/0/0	cat=Advanced	meta=	desc=Open options
gdal raster color-map	input	i		dataset_list	req=1	pos=1	in=1	out=0	cnt=1..1	def=	choices=	min=	max=	ds=raster	dsin=3	dsout=2	mx=	md=	deps=	hid=0/0/0	cat=Base	meta=	desc=Input raster datasets
gdal raster color-map	quiet	q		boolean	req=0	pos=0	in=1	out=0	cnt=0..1	def=	choices=	min=	max=	ds=	dsin=0	dsout=0	mx=	md=	deps=	hid=0/0/0	cat=Common	meta=	desc=Quiet mode (no progress bar or warning message)
gdal raster color-map	progress			boolean	req=0	pos=0	in=1	out=0	cnt=0..1	def=	choices=	min=	max=	ds=	dsin=0	dsout=0	mx=	md=	deps=	hid=1/1/1	cat=Base	meta=	desc=Display progress bar
gdal raster color-map	output-format	f	of|format	string	req=0	pos=0	in=1	out=0	cnt=0..1	def=	choices=	min=	max=	ds=	dsin=0	dsout=0	mx=	md=	deps=	hid=0/0/0	cat=Base	meta=required_capabilities=DCAP_RASTER,DCAP_CREATECOPY;	desc=Output format ("GDALG" allowed)
gdal raster color-map	output	o		dataset	req=1	pos=1	in=1	out=1	cnt=0..1	def=	choices=	min=	max=	ds=raster	dsin=3	dsout=2	mx=	md=	deps=	hid=0/0/0	cat=Base	meta=	desc=Output raster dataset
gdal raster color-map	creation-option		co	string_list	req=0	pos=0	in=1	out=0	cnt=0..-1	def=	choices=	min=	max=	ds=	dsin=0	dsout=0	mx=	md=	deps=	hid=0/0/0	cat=Base	meta=	desc=Creation option
gdal raster color-map	overwrite			boolean	req=0	pos=0	in=1	out=0	cnt=0..1	def=false	choices=	min=	max=	ds=	dsin=0	dsout=0	mx=overwrite-append	md=	deps=	hid=0/0/0	cat=Base	meta=	desc=Whether overwriting existing output dataset is allowed
gdal raster color-map	append			boolean	req=0	pos=0	in=1	out=0	cnt=0..1	def=false	choices=	min=	max=	ds=	dsin=0	dsout=0	mx=overwrite-append	md=	deps=	hid=0/0/0	cat=Base	meta=	desc=Append as a subdataset to existing output
gdal raster color-map	band	b		integer	req=0	pos=0	in=1	out=0	cnt=0..1	def=1	choices=	min=	max=	ds=	dsin=0	dsout=0	mx=	md=	deps=	hid=0/0/0	cat=Base	meta=	desc=Input band (1-based index)
gdal raster color-map	color-map			string	req=0	pos=0	in=1	out=0	cnt=0..1	def=	choices=	min=	max=	ds=	dsin=0	dsout=0	mx=	md=	deps=	hid=0/0/0	cat=Base	meta=	desc=Color map filename
gdal raster color-map	add-alpha			boolean	req=0	pos=0	in=1	out=0	cnt=0..1	def=	choices=	min=	max=	ds=	dsin=0	dsout=0	mx=	md=	deps=	hid=0/0/0	cat=Base	meta=	desc=Adds an alpha mask band to the destination.
gdal raster color-map	color-selection			string	req=0	pos=0	in=1	out=0	cnt=0..1	def=interpolate	choices=interpolate|exact|nearest	min=	max=	ds=	dsin=0	dsout=0	mx=	md=	deps=	hid=0/0/0	cat=Base	meta=	desc=How to compute output colors from input values
gdal raster compare	help	h		boolean	req=0	pos=0	in=1	out=0	cnt=0..1	def=	choices=	min=	max=	ds=	dsin=0	dsout=0	mx=	md=	deps=	hid=0/0/1	cat=Common	meta=	desc=Display help message and exit
gdal raster compare	help-doc			boolean	req=0	pos=0	in=1	out=0	cnt=0..1	def=	choices=	min=	max=	ds=	dsin=0	dsout=0	mx=	md=	deps=	hid=1/1/1	cat=Base	meta=	desc=Display help message for use by documentation
gdal raster compare	json-usage			boolean	req=0	pos=0	in=1	out=0	cnt=0..1	def=	choices=	min=	max=	ds=	dsin=0	dsout=0	mx=	md=	deps=	hid=0/0/1	cat=Common	meta=	desc=Display usage as JSON document and exit
gdal raster compare	config			string_list	req=0	pos=0	in=1	out=0	cnt=0..-1	def=	choices=	min=	max=	ds=	dsin=0	dsout=0	mx=	md=	deps=	hid=0/0/1	cat=Common	meta=	desc=Configuration option
gdal raster compare	quiet	q		boolean	req=0	pos=0	in=1	out=0	cnt=0..1	def=	choices=	min=	max=	ds=	dsin=0	dsout=0	mx=	md=	deps=	hid=0/0/0	cat=Common	meta=	desc=Quiet mode (no progress bar or warning message)
gdal raster compare	progress			boolean	req=0	pos=0	in=1	out=0	cnt=0..1	def=	choices=	min=	max=	ds=	dsin=0	dsout=0	mx=	md=	deps=	hid=1/1/1	cat=Base	meta=	desc=Display progress bar
gdal raster compare	reference			dataset	req=1	pos=1	in=1	out=0	cnt=0..1	def=	choices=	min=	max=	ds=raster	dsin=3	dsout=2	mx=	md=	deps=	hid=0/0/0	cat=Base	meta=	desc=Reference dataset
gdal raster compare	input-format		if	string_list	req=0	pos=0	in=1	out=0	cnt=0..-1	def=	choices=	min=	max=	ds=	dsin=0	dsout=0	mx=	md=	deps=	hid=0/0/0	cat=Advanced	meta=required_capabilities=DCAP_RASTER;	desc=Input formats
gdal raster compare	open-option		oo	string_list	req=0	pos=0	in=1	out=0	cnt=0..-1	def=	choices=	min=	max=	ds=	dsin=0	dsout=0	mx=	md=	deps=	hid=0/0/0	cat=Advanced	meta=	desc=Open options
gdal raster compare	input	i		dataset_list	req=1	pos=1	in=1	out=0	cnt=1..1	def=	choices=	min=	max=	ds=raster	dsin=3	dsout=2	mx=	md=	deps=	hid=0/0/0	cat=Base	meta=	desc=Input raster dataset
gdal raster compare	skip-all-optional			boolean	req=0	pos=0	in=1	out=0	cnt=0..1	def=	choices=	min=	max=	ds=	dsin=0	dsout=0	mx=	md=	deps=	hid=0/0/0	cat=Base	meta=	desc=Skip all optional comparisons
gdal raster compare	skip-binary			boolean	req=0	pos=0	in=1	out=0	cnt=0..1	def=	choices=	min=	max=	ds=	dsin=0	dsout=0	mx=	md=	deps=	hid=0/0/0	cat=Base	meta=	desc=Skip binary file comparison
gdal raster compare	skip-crs			boolean	req=0	pos=0	in=1	out=0	cnt=0..1	def=	choices=	min=	max=	ds=	dsin=0	dsout=0	mx=	md=	deps=	hid=0/0/0	cat=Base	meta=	desc=Skip CRS comparison
gdal raster compare	skip-geotransform			boolean	req=0	pos=0	in=1	out=0	cnt=0..1	def=	choices=	min=	max=	ds=	dsin=0	dsout=0	mx=	md=	deps=	hid=0/0/0	cat=Base	meta=	desc=Skip geotransform comparison
gdal raster compare	skip-overview			boolean	req=0	pos=0	in=1	out=0	cnt=0..1	def=	choices=	min=	max=	ds=	dsin=0	dsout=0	mx=	md=	deps=	hid=0/0/0	cat=Base	meta=	desc=Skip overview comparison
gdal raster compare	skip-metadata			boolean	req=0	pos=0	in=1	out=0	cnt=0..1	def=	choices=	min=	max=	ds=	dsin=0	dsout=0	mx=	md=	deps=	hid=0/0/0	cat=Base	meta=	desc=Skip metadata comparison
gdal raster compare	skip-rpc			boolean	req=0	pos=0	in=1	out=0	cnt=0..1	def=	choices=	min=	max=	ds=	dsin=0	dsout=0	mx=	md=	deps=	hid=0/0/0	cat=Base	meta=	desc=Skip RPC metadata comparison
gdal raster compare	skip-geolocation			boolean	req=0	pos=0	in=1	out=0	cnt=0..1	def=	choices=	min=	max=	ds=	dsin=0	dsout=0	mx=	md=	deps=	hid=0/0/0	cat=Base	meta=	desc=Skip Geolocation metadata comparison
gdal raster compare	skip-subdataset			boolean	req=0	pos=0	in=1	out=0	cnt=0..1	def=	choices=	min=	max=	ds=	dsin=0	dsout=0	mx=	md=	deps=	hid=0/0/0	cat=Base	meta=	desc=Skip subdataset comparison
gdal raster compare	output-string			string	req=0	pos=0	in=0	out=1	cnt=0..1	def=	choices=	min=	max=	ds=	dsin=0	dsout=0	mx=	md=	deps=	hid=0/1/0	cat=Base	meta=	desc=Output string, in which the result is placed
gdal raster compare	return-code			integer	req=0	pos=0	in=0	out=1	cnt=0..1	def=	choices=	min=	max=	ds=	dsin=0	dsout=0	mx=	md=	deps=	hid=0/1/0	cat=Base	meta=	desc=Return code
gdal raster contour	help	h		boolean	req=0	pos=0	in=1	out=0	cnt=0..1	def=	choices=	min=	max=	ds=	dsin=0	dsout=0	mx=	md=	deps=	hid=0/0/1	cat=Common	meta=	desc=Display help message and exit
gdal raster contour	help-doc			boolean	req=0	pos=0	in=1	out=0	cnt=0..1	def=	choices=	min=	max=	ds=	dsin=0	dsout=0	mx=	md=	deps=	hid=1/1/1	cat=Base	meta=	desc=Display help message for use by documentation
gdal raster contour	json-usage			boolean	req=0	pos=0	in=1	out=0	cnt=0..1	def=	choices=	min=	max=	ds=	dsin=0	dsout=0	mx=	md=	deps=	hid=0/0/1	cat=Common	meta=	desc=Display usage as JSON document and exit
gdal raster contour	config			string_list	req=0	pos=0	in=1	out=0	cnt=0..-1	def=	choices=	min=	max=	ds=	dsin=0	dsout=0	mx=	md=	deps=	hid=0/0/1	cat=Common	meta=	desc=Configuration option
gdal raster contour	quiet	q		boolean	req=0	pos=0	in=1	out=0	cnt=0..1	def=	choices=	min=	max=	ds=	dsin=0	dsout=0	mx=	md=	deps=	hid=0/0/0	cat=Common	meta=	desc=Quiet mode (no progress bar or warning message)
gdal raster contour	progress			boolean	req=0	pos=0	in=1	out=0	cnt=0..1	def=	choices=	min=	max=	ds=	dsin=0	dsout=0	mx=	md=	deps=	hid=1/1/1	cat=Base	meta=	desc=Display progress bar
gdal raster contour	input-format		if	string_list	req=0	pos=0	in=1	out=0	cnt=0..-1	def=	choices=	min=	max=	ds=	dsin=0	dsout=0	mx=	md=	deps=	hid=0/0/0	cat=Advanced	meta=required_capabilities=DCAP_RASTER;	desc=Input formats
gdal raster contour	open-option		oo	string_list	req=0	pos=0	in=1	out=0	cnt=0..-1	def=	choices=	min=	max=	ds=	dsin=0	dsout=0	mx=	md=	deps=	hid=0/0/0	cat=Advanced	meta=	desc=Open options
gdal raster contour	input	i		dataset_list	req=1	pos=1	in=1	out=0	cnt=1..1	def=	choices=	min=	max=	ds=raster	dsin=3	dsout=2	mx=	md=	deps=	hid=0/0/0	cat=Base	meta=	desc=Input raster datasets
gdal raster contour	output-format	f	of|format	string	req=0	pos=0	in=1	out=0	cnt=0..1	def=	choices=	min=	max=	ds=	dsin=0	dsout=0	mx=	md=	deps=	hid=0/0/0	cat=Base	meta=required_capabilities=DCAP_VECTOR,DCAP_CREATE;	desc=Output format ("GDALG" allowed)
gdal raster contour	output-open-option		output-oo	string_list	req=0	pos=0	in=1	out=0	cnt=0..-1	def=	choices=	min=	max=	ds=	dsin=0	dsout=0	mx=	md=	deps=	hid=0/0/0	cat=Advanced	meta=	desc=Output open options
gdal raster contour	output	o		dataset	req=1	pos=1	in=1	out=1	cnt=0..1	def=	choices=	min=	max=	ds=vector	dsin=3	dsout=2	mx=	md=	deps=	hid=0/0/0	cat=Base	meta=	desc=Output vector dataset
gdal raster contour	creation-option		co	string_list	req=0	pos=0	in=1	out=0	cnt=0..-1	def=	choices=	min=	max=	ds=	dsin=0	dsout=0	mx=	md=	deps=	hid=0/0/0	cat=Base	meta=	desc=Creation option
gdal raster contour	layer-creation-option		lco	string_list	req=0	pos=0	in=1	out=0	cnt=0..-1	def=	choices=	min=	max=	ds=	dsin=0	dsout=0	mx=	md=	deps=	hid=0/0/0	cat=Base	meta=	desc=Layer creation option
gdal raster contour	overwrite			boolean	req=0	pos=0	in=1	out=0	cnt=0..1	def=false	choices=	min=	max=	ds=	dsin=0	dsout=0	mx=	md=	deps=	hid=0/0/0	cat=Base	meta=	desc=Whether overwriting existing output dataset is allowed
gdal raster contour	output-layer			string	req=0	pos=0	in=1	out=0	cnt=0..1	def=	choices=	min=	max=	ds=	dsin=0	dsout=0	mx=	md=	deps=	hid=0/0/0	cat=Base	meta=	desc=Output layer name
gdal raster contour	band	b		integer	req=0	pos=0	in=1	out=0	cnt=0..1	def=1	choices=	min=	max=	ds=	dsin=0	dsout=0	mx=	md=	deps=	hid=0/0/0	cat=Base	meta=	desc=Input band (1-based index)
gdal raster contour	elevation-name			string	req=0	pos=0	in=1	out=0	cnt=0..1	def=	choices=	min=	max=	ds=	dsin=0	dsout=0	mx=	md=	deps=	hid=0/0/0	cat=Base	meta=	desc=Name of the elevation field
gdal raster contour	min-name			string	req=0	pos=0	in=1	out=0	cnt=0..1	def=	choices=	min=	max=	ds=	dsin=0	dsout=0	mx=	md=	deps=	hid=0/0/0	cat=Base	meta=	desc=Name of the minimum elevation field
gdal raster contour	max-name			string	req=0	pos=0	in=1	out=0	cnt=0..1	def=	choices=	min=	max=	ds=	dsin=0	dsout=0	mx=	md=	deps=	hid=0/0/0	cat=Base	meta=	desc=Name of the maximum elevation field
gdal raster contour	3d			boolean	req=0	pos=0	in=1	out=0	cnt=0..1	def=	choices=	min=	max=	ds=	dsin=0	dsout=0	mx=	md=	deps=	hid=0/0/0	cat=Base	meta=	desc=Force production of 3D vectors instead of 2D
gdal raster contour	input-nodata			real	req=0	pos=0	in=1	out=0	cnt=0..1	def=	choices=	min=	max=	ds=	dsin=0	dsout=0	mx=	md=	deps=	hid=0/0/0	cat=Base	meta=	desc=Input pixel value to treat as 'nodata'
gdal raster contour	interval			real	req=0	pos=0	in=1	out=0	cnt=0..1	def=	choices=	min=(0	max=	ds=	dsin=0	dsout=0	mx=levels	md=	deps=	hid=0/0/0	cat=Base	meta=	desc=Elevation interval between contours
gdal raster contour	levels			string_list	req=0	pos=0	in=1	out=0	cnt=0..-1	def=	choices=	min=	max=	ds=	dsin=0	dsout=0	mx=levels	md=	deps=	hid=0/0/0	cat=Base	meta=	desc=List of contour levels
gdal raster contour	exp-base	e		integer	req=0	pos=0	in=1	out=0	cnt=0..1	def=	choices=	min=	max=	ds=	dsin=0	dsout=0	mx=levels	md=	deps=	hid=0/0/0	cat=Base	meta=	desc=Base for exponential contour level generation
gdal raster contour	offset		off	real	req=0	pos=0	in=1	out=0	cnt=0..1	def=	choices=	min=	max=	ds=	dsin=0	dsout=0	mx=	md=	deps=	hid=0/0/0	cat=Base	meta=	desc=Offset to apply to contour levels
gdal raster contour	polygonize	p		boolean	req=0	pos=0	in=1	out=0	cnt=0..1	def=	choices=	min=	max=	ds=	dsin=0	dsout=0	mx=	md=	deps=	hid=0/0/0	cat=Base	meta=	desc=Create polygons instead of lines
gdal raster contour	group-transactions			integer	req=0	pos=0	in=1	out=0	cnt=0..1	def=	choices=	min=[0	max=	ds=	dsin=0	dsout=0	mx=	md=	deps=	hid=0/0/0	cat=Base	meta=	desc=Group n features per transaction (default 100 000)
gdal raster convert	help	h		boolean	req=0	pos=0	in=1	out=0	cnt=0..1	def=	choices=	min=	max=	ds=	dsin=0	dsout=0	mx=	md=	deps=	hid=0/0/1	cat=Common	meta=	desc=Display help message and exit
gdal raster convert	help-doc			boolean	req=0	pos=0	in=1	out=0	cnt=0..1	def=	choices=	min=	max=	ds=	dsin=0	dsout=0	mx=	md=	deps=	hid=1/1/1	cat=Base	meta=	desc=Display help message for use by documentation
gdal raster convert	json-usage			boolean	req=0	pos=0	in=1	out=0	cnt=0..1	def=	choices=	min=	max=	ds=	dsin=0	dsout=0	mx=	md=	deps=	hid=0/0/1	cat=Common	meta=	desc=Display usage as JSON document and exit
gdal raster convert	config			string_list	req=0	pos=0	in=1	out=0	cnt=0..-1	def=	choices=	min=	max=	ds=	dsin=0	dsout=0	mx=	md=	deps=	hid=0/0/1	cat=Common	meta=	desc=Configuration option
gdal raster convert	input-format		if	string_list	req=0	pos=0	in=1	out=0	cnt=0..-1	def=	choices=	min=	max=	ds=	dsin=0	dsout=0	mx=	md=	deps=	hid=0/0/0	cat=Advanced	meta=required_capabilities=DCAP_RASTER;	desc=Input formats
gdal raster convert	open-option		oo	string_list	req=0	pos=0	in=1	out=0	cnt=0..-1	def=	choices=	min=	max=	ds=	dsin=0	dsout=0	mx=	md=	deps=	hid=0/0/0	cat=Advanced	meta=	desc=Open options
gdal raster convert	input	i		dataset_list	req=1	pos=1	in=1	out=0	cnt=1..1	def=	choices=	min=	max=	ds=raster	dsin=3	dsout=2	mx=	md=	deps=	hid=0/0/0	cat=Base	meta=	desc=Input raster datasets
gdal raster convert	quiet	q		boolean	req=0	pos=0	in=1	out=0	cnt=0..1	def=	choices=	min=	max=	ds=	dsin=0	dsout=0	mx=	md=	deps=	hid=0/0/0	cat=Common	meta=	desc=Quiet mode (no progress bar or warning message)
gdal raster convert	progress			boolean	req=0	pos=0	in=1	out=0	cnt=0..1	def=	choices=	min=	max=	ds=	dsin=0	dsout=0	mx=	md=	deps=	hid=1/1/1	cat=Base	meta=	desc=Display progress bar
gdal raster convert	output-format	f	of|format	string	req=0	pos=0	in=1	out=0	cnt=0..1	def=	choices=	min=	max=	ds=	dsin=0	dsout=0	mx=	md=	deps=	hid=0/0/0	cat=Base	meta=required_capabilities=DCAP_RASTER,DCAP_CREATECOPY;	desc=Output format ("GDALG" allowed)
gdal raster convert	output	o		dataset	req=1	pos=1	in=1	out=1	cnt=0..1	def=	choices=	min=	max=	ds=raster	dsin=3	dsout=2	mx=	md=	deps=	hid=0/0/0	cat=Base	meta=	desc=Output raster dataset
gdal raster convert	creation-option		co	string_list	req=0	pos=0	in=1	out=0	cnt=0..-1	def=	choices=	min=	max=	ds=	dsin=0	dsout=0	mx=	md=	deps=	hid=0/0/0	cat=Base	meta=	desc=Creation option
gdal raster convert	overwrite			boolean	req=0	pos=0	in=1	out=0	cnt=0..1	def=false	choices=	min=	max=	ds=	dsin=0	dsout=0	mx=overwrite-append	md=	deps=	hid=0/0/0	cat=Base	meta=	desc=Whether overwriting existing output dataset is allowed
gdal raster convert	append			boolean	req=0	pos=0	in=1	out=0	cnt=0..1	def=false	choices=	min=	max=	ds=	dsin=0	dsout=0	mx=overwrite-append	md=	deps=	hid=0/0/0	cat=Base	meta=	desc=Append as a subdataset to existing output
gdal raster create	help	h		boolean	req=0	pos=0	in=1	out=0	cnt=0..1	def=	choices=	min=	max=	ds=	dsin=0	dsout=0	mx=	md=	deps=	hid=0/0/1	cat=Common	meta=	desc=Display help message and exit
gdal raster create	help-doc			boolean	req=0	pos=0	in=1	out=0	cnt=0..1	def=	choices=	min=	max=	ds=	dsin=0	dsout=0	mx=	md=	deps=	hid=1/1/1	cat=Base	meta=	desc=Display help message for use by documentation
gdal raster create	json-usage			boolean	req=0	pos=0	in=1	out=0	cnt=0..1	def=	choices=	min=	max=	ds=	dsin=0	dsout=0	mx=	md=	deps=	hid=0/0/1	cat=Common	meta=	desc=Display usage as JSON document and exit
gdal raster create	config			string_list	req=0	pos=0	in=1	out=0	cnt=0..-1	def=	choices=	min=	max=	ds=	dsin=0	dsout=0	mx=	md=	deps=	hid=0/0/1	cat=Common	meta=	desc=Configuration option
gdal raster create	input-format		if	string_list	req=0	pos=0	in=1	out=0	cnt=0..-1	def=	choices=	min=	max=	ds=	dsin=0	dsout=0	mx=	md=	deps=	hid=0/0/0	cat=Advanced	meta=required_capabilities=DCAP_RASTER;	desc=Input formats
gdal raster create	open-option		oo	string_list	req=0	pos=0	in=1	out=0	cnt=0..-1	def=	choices=	min=	max=	ds=	dsin=0	dsout=0	mx=	md=	deps=	hid=0/0/0	cat=Advanced	meta=	desc=Open options
gdal raster create	input	i	like	dataset_list	req=0	pos=0	in=1	out=0	cnt=0..1	def=	choices=	min=	max=	ds=raster	dsin=3	dsout=2	mx=	md=	deps=	hid=0/0/0	cat=Base	meta=	desc=Template raster dataset
gdal raster create	quiet	q		boolean	req=0	pos=0	in=1	out=0	cnt=0..1	def=	choices=	min=	max=	ds=	dsin=0	dsout=0	mx=	md=	deps=	hid=0/0/0	cat=Common	meta=	desc=Quiet mode (no progress bar or warning message)
gdal raster create	progress			boolean	req=0	pos=0	in=1	out=0	cnt=0..1	def=	choices=	min=	max=	ds=	dsin=0	dsout=0	mx=	md=	deps=	hid=1/1/1	cat=Base	meta=	desc=Display progress bar
gdal raster create	output-format	f	of|format	string	req=0	pos=0	in=1	out=0	cnt=0..1	def=	choices=	min=	max=	ds=	dsin=0	dsout=0	mx=	md=	deps=	hid=0/0/0	cat=Base	meta=required_capabilities=DCAP_RASTER,DCAP_CREATECOPY;	desc=Output format ("GDALG" allowed)
gdal raster create	output	o		dataset	req=1	pos=1	in=1	out=1	cnt=0..1	def=	choices=	min=	max=	ds=raster	dsin=3	dsout=2	mx=	md=	deps=	hid=0/0/0	cat=Base	meta=	desc=Output raster dataset
gdal raster create	creation-option		co	string_list	req=0	pos=0	in=1	out=0	cnt=0..-1	def=	choices=	min=	max=	ds=	dsin=0	dsout=0	mx=	md=	deps=	hid=0/0/0	cat=Base	meta=	desc=Creation option
gdal raster create	overwrite			boolean	req=0	pos=0	in=1	out=0	cnt=0..1	def=false	choices=	min=	max=	ds=	dsin=0	dsout=0	mx=overwrite-append	md=	deps=	hid=0/0/0	cat=Base	meta=	desc=Whether overwriting existing output dataset is allowed
gdal raster create	append			boolean	req=0	pos=0	in=1	out=0	cnt=0..1	def=false	choices=	min=	max=	ds=	dsin=0	dsout=0	mx=overwrite-append	md=	deps=	hid=0/0/0	cat=Base	meta=	desc=Append as a subdataset to existing output
gdal raster create	size			integer_list	req=0	pos=0	in=1	out=0	cnt=2..2	def=	choices=	min=[0	max=	ds=	dsin=0	dsout=0	mx=	md=	deps=	hid=0/0/0	cat=Base	meta=	desc=Output size in pixels
gdal raster create	band-count			integer	req=0	pos=0	in=1	out=0	cnt=0..1	def=1	choices=	min=[0	max=	ds=	dsin=0	dsout=0	mx=	md=	deps=	hid=0/0/0	cat=Base	meta=	desc=Number of bands
gdal raster create	output-data-type		ot|datatype	string	req=0	pos=0	in=1	out=0	cnt=0..1	def=Byte	choices=UInt8|Int8|UInt16|Int16|UInt32|Int32|UInt64|Int64|CInt16|CInt32|Float16|Float32|Float64|CFloat32|CFloat64	min=	max=	ds=	dsin=0	dsout=0	mx=	md=	deps=	hid=0/0/0	cat=Base	meta=type=GDALDataType;	desc=Output data type
gdal raster create	nodata			string	req=0	pos=0	in=1	out=0	cnt=0..1	def=	choices=	min=	max=	ds=	dsin=0	dsout=0	mx=	md=	deps=	hid=0/0/0	cat=Base	meta=	desc=Assign a specified nodata value to output bands ('none', numeric value, 'nan', 'inf', '-inf')
gdal raster create	burn			real_list	req=0	pos=0	in=1	out=0	cnt=0..-1	def=	choices=	min=	max=	ds=	dsin=0	dsout=0	mx=	md=	deps=	hid=0/0/0	cat=Base	meta=	desc=Burn value
gdal raster create	crs			string	req=0	pos=0	in=1	out=0	cnt=0..1	def=	choices=	min=	max=	ds=	dsin=0	dsout=0	mx=	md=	deps=	hid=0/0/0	cat=Base	meta=	desc=Set CRS
gdal raster create	bbox			real_list	req=0	pos=0	in=1	out=0	cnt=4..4	def=	choices=	min=	max=	ds=	dsin=0	dsout=0	mx=	md=	deps=	hid=0/0/0	cat=Base	meta=	desc=Bounding box as xmin,ymin,xmax,ymax
gdal raster create	metadata			string_list	req=0	pos=0	in=1	out=0	cnt=0..-1	def=	choices=	min=	max=	ds=	dsin=0	dsout=0	mx=	md=	deps=	hid=0/0/0	cat=Base	meta=	desc=Add metadata item
gdal raster create	copy-metadata			boolean	req=0	pos=0	in=1	out=0	cnt=0..1	def=	choices=	min=	max=	ds=	dsin=0	dsout=0	mx=	md=	deps=input	hid=0/0/0	cat=Base	meta=	desc=Copy metadata from input dataset
gdal raster create	copy-overviews			boolean	req=0	pos=0	in=1	out=0	cnt=0..1	def=	choices=	min=	max=	ds=	dsin=0	dsout=0	mx=	md=	deps=input	hid=0/0/0	cat=Base	meta=	desc=Create same overview levels as input dataset
gdal raster edit	help	h		boolean	req=0	pos=0	in=1	out=0	cnt=0..1	def=	choices=	min=	max=	ds=	dsin=0	dsout=0	mx=	md=	deps=	hid=0/0/1	cat=Common	meta=	desc=Display help message and exit
gdal raster edit	help-doc			boolean	req=0	pos=0	in=1	out=0	cnt=0..1	def=	choices=	min=	max=	ds=	dsin=0	dsout=0	mx=	md=	deps=	hid=1/1/1	cat=Base	meta=	desc=Display help message for use by documentation
gdal raster edit	json-usage			boolean	req=0	pos=0	in=1	out=0	cnt=0..1	def=	choices=	min=	max=	ds=	dsin=0	dsout=0	mx=	md=	deps=	hid=0/0/1	cat=Common	meta=	desc=Display usage as JSON document and exit
gdal raster edit	config			string_list	req=0	pos=0	in=1	out=0	cnt=0..-1	def=	choices=	min=	max=	ds=	dsin=0	dsout=0	mx=	md=	deps=	hid=0/0/1	cat=Common	meta=	desc=Configuration option
gdal raster edit	quiet	q		boolean	req=0	pos=0	in=1	out=0	cnt=0..1	def=	choices=	min=	max=	ds=	dsin=0	dsout=0	mx=	md=	deps=	hid=0/0/0	cat=Common	meta=	desc=Quiet mode (no progress bar or warning message)
gdal raster edit	progress			boolean	req=0	pos=0	in=1	out=0	cnt=0..1	def=	choices=	min=	max=	ds=	dsin=0	dsout=0	mx=	md=	deps=	hid=1/1/1	cat=Base	meta=	desc=Display progress bar
gdal raster edit	dataset			dataset	req=1	pos=1	in=1	out=0	cnt=0..1	def=	choices=	min=	max=	ds=raster,update	dsin=3	dsout=2	mx=	md=	deps=	hid=0/0/0	cat=Base	meta=	desc=Dataset (to be updated in-place, unless --auxiliary)
gdal raster edit	open-option		oo	string_list	req=0	pos=0	in=1	out=0	cnt=0..-1	def=	choices=	min=	max=	ds=	dsin=0	dsout=0	mx=	md=	deps=	hid=0/0/0	cat=Advanced	meta=	desc=Open options
gdal raster edit	auxiliary			boolean	req=0	pos=0	in=1	out=0	cnt=0..1	def=	choices=	min=	max=	ds=	dsin=0	dsout=0	mx=	md=	deps=	hid=0/0/0	cat=Base	meta=	desc=Ask for an auxiliary .aux.xml file to be edited
gdal raster edit	band	b		integer	req=0	pos=0	in=1	out=0	cnt=0..1	def=	choices=	min=	max=	ds=	dsin=0	dsout=0	mx=	md=	deps=	hid=0/0/0	cat=Base	meta=	desc=Active band (1-based index)
gdal raster edit	crs			string	req=0	pos=0	in=1	out=0	cnt=0..1	def=	choices=	min=	max=	ds=	dsin=0	dsout=0	mx=	md=	deps=	hid=0/0/0	cat=Base	meta=	desc=Override CRS (without reprojection)
gdal raster edit	bbox			real_list	req=0	pos=0	in=1	out=0	cnt=4..4	def=	choices=	min=	max=	ds=	dsin=0	dsout=0	mx=	md=	deps=	hid=0/0/0	cat=Base	meta=	desc=Bounding box as xmin,ymin,xmax,ymax
gdal raster edit	nodata			string	req=0	pos=0	in=1	out=0	cnt=0..1	def=	choices=	min=	max=	ds=	dsin=0	dsout=0	mx=	md=	deps=	hid=0/0/0	cat=Base	meta=	desc=Assign a specified nodata value to output bands ('none', numeric value, 'nan', 'inf', '-inf')
gdal raster edit	color-interpretation			string_list	req=0	pos=0	in=1	out=0	cnt=0..-1	def=	choices=	min=	max=	ds=	dsin=0	dsout=0	mx=	md=	deps=	hid=0/0/0	cat=Base	meta=	desc=Set band color interpretation
gdal raster edit	color-map			string	req=0	pos=0	in=1	out=0	cnt=0..1	def=	choices=	min=	max=	ds=	dsin=0	dsout=0	mx=color-table	md=	deps=	hid=0/0/0	cat=Base	meta=	desc=Color map filename
gdal raster edit	scale			string_list	req=0	pos=0	in=1	out=0	cnt=0..-1	def=	choices=	min=	max=	ds=	dsin=0	dsout=0	mx=	md=	deps=	hid=0/0/0	cat=Base	meta=	desc=Override band scale factor
gdal raster edit	offset			string_list	req=0	pos=0	in=1	out=0	cnt=0..-1	def=	choices=	min=	max=	ds=	dsin=0	dsout=0	mx=	md=	deps=	hid=0/0/0	cat=Base	meta=	desc=Override band offset constant
gdal raster edit	metadata			string_list	req=0	pos=0	in=1	out=0	cnt=0..-1	def=	choices=	min=	max=	ds=	dsin=0	dsout=0	mx=	md=	deps=	hid=0/0/0	cat=Base	meta=	desc=Add/update dataset metadata item
gdal raster edit	unset-color-table			boolean	req=0	pos=0	in=1	out=0	cnt=0..1	def=	choices=	min=	max=	ds=	dsin=0	dsout=0	mx=color-table	md=	deps=	hid=0/0/0	cat=Base	meta=	desc=Unset color table on 1st band or the one specified with --band
gdal raster edit	unset-metadata			string_list	req=0	pos=0	in=1	out=0	cnt=0..-1	def=	choices=	min=	max=	ds=	dsin=0	dsout=0	mx=	md=	deps=	hid=0/0/0	cat=Base	meta=	desc=Remove dataset metadata item(s)
gdal raster edit	unset-metadata-domain			string_list	req=0	pos=0	in=1	out=0	cnt=0..-1	def=	choices=	min=	max=	ds=	dsin=0	dsout=0	mx=	md=	deps=	hid=0/0/0	cat=Base	meta=	desc=Remove dataset metadata domain(s)
gdal raster edit	gcp			string_list	req=0	pos=0	in=1	out=0	cnt=0..-1	def=	choices=	min=	max=	ds=	dsin=0	dsout=0	mx=	md=	deps=	hid=0/0/0	cat=Base	meta=	desc=Add ground control point, formatted as pixel,line,easting,northing[,elevation], or @filename
gdal raster edit	stats			boolean	req=0	pos=0	in=1	out=0	cnt=0..1	def=	choices=	min=	max=	ds=	dsin=0	dsout=0	mx=stats	md=	deps=	hid=0/0/0	cat=Base	meta=	desc=Compute statistics, using all pixels
gdal raster edit	approx-stats			boolean	req=0	pos=0	in=1	out=0	cnt=0..1	def=	choices=	min=	max=	ds=	dsin=0	dsout=0	mx=stats	md=	deps=	hid=0/0/0	cat=Base	meta=	desc=Compute statistics, using a subset of pixels
gdal raster edit	hist			boolean	req=0	pos=0	in=1	out=0	cnt=0..1	def=	choices=	min=	max=	ds=	dsin=0	dsout=0	mx=	md=	deps=	hid=0/0/0	cat=Base	meta=	desc=Compute histogram
gdal raster fill-nodata	help	h		boolean	req=0	pos=0	in=1	out=0	cnt=0..1	def=	choices=	min=	max=	ds=	dsin=0	dsout=0	mx=	md=	deps=	hid=0/0/1	cat=Common	meta=	desc=Display help message and exit
gdal raster fill-nodata	help-doc			boolean	req=0	pos=0	in=1	out=0	cnt=0..1	def=	choices=	min=	max=	ds=	dsin=0	dsout=0	mx=	md=	deps=	hid=1/1/1	cat=Base	meta=	desc=Display help message for use by documentation
gdal raster fill-nodata	json-usage			boolean	req=0	pos=0	in=1	out=0	cnt=0..1	def=	choices=	min=	max=	ds=	dsin=0	dsout=0	mx=	md=	deps=	hid=0/0/1	cat=Common	meta=	desc=Display usage as JSON document and exit
gdal raster fill-nodata	config			string_list	req=0	pos=0	in=1	out=0	cnt=0..-1	def=	choices=	min=	max=	ds=	dsin=0	dsout=0	mx=	md=	deps=	hid=0/0/1	cat=Common	meta=	desc=Configuration option
gdal raster fill-nodata	input-format		if	string_list	req=0	pos=0	in=1	out=0	cnt=0..-1	def=	choices=	min=	max=	ds=	dsin=0	dsout=0	mx=	md=	deps=	hid=0/0/0	cat=Advanced	meta=required_capabilities=DCAP_RASTER;	desc=Input formats
gdal raster fill-nodata	open-option		oo	string_list	req=0	pos=0	in=1	out=0	cnt=0..-1	def=	choices=	min=	max=	ds=	dsin=0	dsout=0	mx=	md=	deps=	hid=0/0/0	cat=Advanced	meta=	desc=Open options
gdal raster fill-nodata	input	i		dataset_list	req=1	pos=1	in=1	out=0	cnt=1..1	def=	choices=	min=	max=	ds=raster	dsin=3	dsout=2	mx=	md=	deps=	hid=0/0/0	cat=Base	meta=	desc=Input raster datasets
gdal raster fill-nodata	quiet	q		boolean	req=0	pos=0	in=1	out=0	cnt=0..1	def=	choices=	min=	max=	ds=	dsin=0	dsout=0	mx=	md=	deps=	hid=0/0/0	cat=Common	meta=	desc=Quiet mode (no progress bar or warning message)
gdal raster fill-nodata	progress			boolean	req=0	pos=0	in=1	out=0	cnt=0..1	def=	choices=	min=	max=	ds=	dsin=0	dsout=0	mx=	md=	deps=	hid=1/1/1	cat=Base	meta=	desc=Display progress bar
gdal raster fill-nodata	output-format	f	of|format	string	req=0	pos=0	in=1	out=0	cnt=0..1	def=	choices=	min=	max=	ds=	dsin=0	dsout=0	mx=	md=	deps=	hid=0/0/0	cat=Base	meta=required_capabilities=DCAP_RASTER,DCAP_CREATECOPY;	desc=Output format ("GDALG" allowed)
gdal raster fill-nodata	output	o		dataset	req=1	pos=1	in=1	out=1	cnt=0..1	def=	choices=	min=	max=	ds=raster	dsin=3	dsout=2	mx=	md=	deps=	hid=0/0/0	cat=Base	meta=	desc=Output raster dataset
gdal raster fill-nodata	creation-option		co	string_list	req=0	pos=0	in=1	out=0	cnt=0..-1	def=	choices=	min=	max=	ds=	dsin=0	dsout=0	mx=	md=	deps=	hid=0/0/0	cat=Base	meta=	desc=Creation option
gdal raster fill-nodata	overwrite			boolean	req=0	pos=0	in=1	out=0	cnt=0..1	def=false	choices=	min=	max=	ds=	dsin=0	dsout=0	mx=overwrite-append	md=	deps=	hid=0/0/0	cat=Base	meta=	desc=Whether overwriting existing output dataset is allowed
gdal raster fill-nodata	append			boolean	req=0	pos=0	in=1	out=0	cnt=0..1	def=false	choices=	min=	max=	ds=	dsin=0	dsout=0	mx=overwrite-append	md=	deps=	hid=0/0/0	cat=Base	meta=	desc=Append as a subdataset to existing output
gdal raster fill-nodata	band	b		integer	req=0	pos=0	in=1	out=0	cnt=0..1	def=1	choices=	min=	max=	ds=	dsin=0	dsout=0	mx=	md=	deps=	hid=0/0/0	cat=Base	meta=	desc=Input band (1-based index)
gdal raster fill-nodata	max-distance	d		integer	req=0	pos=0	in=1	out=0	cnt=0..1	def=100	choices=	min=	max=	ds=	dsin=0	dsout=0	mx=	md=	deps=	hid=0/0/0	cat=Base	meta=	desc=The maximum distance (in pixels) that the algorithm will search out for values to interpolate.
gdal raster fill-nodata	smoothing-iterations	s		integer	req=0	pos=0	in=1	out=0	cnt=0..1	def=0	choices=	min=	max=	ds=	dsin=0	dsout=0	mx=	md=	deps=	hid=0/0/0	cat=Base	meta=	desc=The number of 3x3 average filter smoothing iterations to run after the interpolation to dampen artifacts. The default is zero smoothing iterations.
gdal raster fill-nodata	mask			dataset	req=0	pos=0	in=1	out=0	cnt=0..1	def=	choices=	min=	max=	ds=raster,vector,multidim	dsin=3	dsout=2	mx=	md=	deps=	hid=0/0/0	cat=Base	meta=	desc=Use the first band of the specified file as a validity mask (zero is invalid, non-zero is valid).
gdal raster fill-nodata	strategy			string	req=0	pos=0	in=1	out=0	cnt=0..1	def=invdist	choices=invdist|nearest	min=	max=	ds=	dsin=0	dsout=0	mx=	md=	deps=	hid=0/0/0	cat=Base	meta=	desc=By default, pixels are interpolated using an inverse distance weighting (invdist). It is also possible to choose a nearest neighbour (nearest) strategy.
gdal raster footprint	help	h		boolean	req=0	pos=0	in=1	out=0	cnt=0..1	def=	choices=	min=	max=	ds=	dsin=0	dsout=0	mx=	md=	deps=	hid=0/0/1	cat=Common	meta=	desc=Display help message and exit
gdal raster footprint	help-doc			boolean	req=0	pos=0	in=1	out=0	cnt=0..1	def=	choices=	min=	max=	ds=	dsin=0	dsout=0	mx=	md=	deps=	hid=1/1/1	cat=Base	meta=	desc=Display help message for use by documentation
gdal raster footprint	json-usage			boolean	req=0	pos=0	in=1	out=0	cnt=0..1	def=	choices=	min=	max=	ds=	dsin=0	dsout=0	mx=	md=	deps=	hid=0/0/1	cat=Common	meta=	desc=Display usage as JSON document and exit
gdal raster footprint	config			string_list	req=0	pos=0	in=1	out=0	cnt=0..-1	def=	choices=	min=	max=	ds=	dsin=0	dsout=0	mx=	md=	deps=	hid=0/0/1	cat=Common	meta=	desc=Configuration option
gdal raster footprint	quiet	q		boolean	req=0	pos=0	in=1	out=0	cnt=0..1	def=	choices=	min=	max=	ds=	dsin=0	dsout=0	mx=	md=	deps=	hid=0/0/0	cat=Common	meta=	desc=Quiet mode (no progress bar or warning message)
gdal raster footprint	progress			boolean	req=0	pos=0	in=1	out=0	cnt=0..1	def=	choices=	min=	max=	ds=	dsin=0	dsout=0	mx=	md=	deps=	hid=1/1/1	cat=Base	meta=	desc=Display progress bar
gdal raster footprint	open-option		oo	string_list	req=0	pos=0	in=1	out=0	cnt=0..-1	def=	choices=	min=	max=	ds=	dsin=0	dsout=0	mx=	md=	deps=	hid=0/0/0	cat=Advanced	meta=	desc=Open options
gdal raster footprint	input-format		if	string_list	req=0	pos=0	in=1	out=0	cnt=0..-1	def=	choices=	min=	max=	ds=	dsin=0	dsout=0	mx=	md=	deps=	hid=0/0/0	cat=Advanced	meta=required_capabilities=DCAP_RASTER;	desc=Input formats
gdal raster footprint	input	i		dataset_list	req=1	pos=1	in=1	out=0	cnt=0..-1	def=	choices=	min=	max=	ds=raster	dsin=3	dsout=2	mx=	md=	deps=	hid=0/0/0	cat=Base	meta=	desc=Input raster datasets
gdal raster footprint	output	o		dataset	req=1	pos=1	in=1	out=1	cnt=0..1	def=	choices=	min=	max=	ds=vector	dsin=3	dsout=2	mx=	md=	deps=	hid=0/0/0	cat=Base	meta=	desc=Output vector dataset
gdal raster footprint	output-format	f	of|format	string	req=0	pos=0	in=1	out=0	cnt=0..1	def=	choices=	min=	max=	ds=	dsin=0	dsout=0	mx=	md=	deps=	hid=0/0/0	cat=Base	meta=required_capabilities=DCAP_VECTOR,DCAP_CREATE;	desc=Output format
gdal raster footprint	creation-option		co	string_list	req=0	pos=0	in=1	out=0	cnt=0..-1	def=	choices=	min=	max=	ds=	dsin=0	dsout=0	mx=	md=	deps=	hid=0/0/0	cat=Base	meta=	desc=Creation option
gdal raster footprint	layer-creation-option		lco	string_list	req=0	pos=0	in=1	out=0	cnt=0..-1	def=	choices=	min=	max=	ds=	dsin=0	dsout=0	mx=	md=	deps=	hid=0/0/0	cat=Base	meta=	desc=Layer creation option
gdal raster footprint	update			boolean	req=0	pos=0	in=1	out=0	cnt=0..1	def=false	choices=	min=	max=	ds=	dsin=0	dsout=0	mx=	md=	deps=	hid=1/1/1	cat=Base	meta=	desc=Whether to open existing dataset in update mode
gdal raster footprint	append			boolean	req=0	pos=0	in=1	out=0	cnt=0..1	def=false	choices=	min=	max=	ds=	dsin=0	dsout=0	mx=	md=	deps=	hid=0/0/0	cat=Base	meta=	desc=Whether appending to existing layer is allowed
gdal raster footprint	overwrite			boolean	req=0	pos=0	in=1	out=0	cnt=0..1	def=false	choices=	min=	max=	ds=	dsin=0	dsout=0	mx=	md=	deps=	hid=0/0/0	cat=Base	meta=	desc=Whether overwriting existing output dataset is allowed
gdal raster footprint	output-layer			string	req=0	pos=0	in=1	out=0	cnt=0..1	def=footprint	choices=	min=	max=	ds=	dsin=0	dsout=0	mx=	md=	deps=	hid=0/0/0	cat=Base	meta=	desc=Output layer name
gdal raster footprint	band	b		integer_list	req=0	pos=0	in=1	out=0	cnt=0..-1	def=	choices=	min=	max=	ds=	dsin=0	dsout=0	mx=	md=	deps=	hid=0/0/0	cat=Base	meta=	desc=Input band(s) (1-based index)
gdal raster footprint	combine-bands			string	req=0	pos=0	in=1	out=0	cnt=0..1	def=union	choices=union|intersection	min=	max=	ds=	dsin=0	dsout=0	mx=	md=	deps=	hid=0/0/0	cat=Base	meta=	desc=Defines how the mask bands of the selected bands are combined to generate a single mask band, before being vectorized.
gdal raster footprint	overview			integer	req=0	pos=0	in=1	out=0	cnt=0..1	def=	choices=	min=[0	max=	ds=	dsin=0	dsout=0	mx=overview-srcnodata	md=	deps=	hid=0/0/0	cat=Base	meta=	desc=Which overview level of source file must be used
gdal raster footprint	input-nodata			real_list	req=0	pos=0	in=1	out=0	cnt=1..-1	def=	choices=	min=	max=	ds=	dsin=0	dsout=0	mx=overview-srcnodata	md=	deps=	hid=0/0/0	cat=Base	meta=	desc=Set nodata values for input bands.
gdal raster footprint	coordinate-system			string	req=0	pos=0	in=1	out=0	cnt=0..1	def=	choices=georeferenced|pixel	min=	max=	ds=	dsin=0	dsout=0	mx=	md=	deps=	hid=0/0/0	cat=Base	meta=	desc=Target coordinate system
gdal raster footprint	output-crs			string	req=0	pos=0	in=1	out=0	cnt=0..1	def=	choices=	min=	max=	ds=	dsin=0	dsout=0	mx=	md=	deps=	hid=0/0/0	cat=Base	meta=	desc=Output CRS
gdal raster footprint	split-multipolygons			boolean	req=0	pos=0	in=1	out=0	cnt=0..1	def=	choices=	min=	max=	ds=	dsin=0	dsout=0	mx=	md=	deps=	hid=0/0/0	cat=Base	meta=	desc=Whether to split multipolygons as several features each with one single polygon
gdal raster footprint	convex-hull			boolean	req=0	pos=0	in=1	out=0	cnt=0..1	def=	choices=	min=	max=	ds=	dsin=0	dsout=0	mx=	md=	deps=	hid=0/0/0	cat=Base	meta=	desc=Whether to compute the convex hull of the footprint
gdal raster footprint	densify-distance			real	req=0	pos=0	in=1	out=0	cnt=0..1	def=	choices=	min=(0	max=	ds=	dsin=0	dsout=0	mx=	md=	deps=	hid=0/0/0	cat=Base	meta=	desc=Maximum distance between 2 consecutive points of the output geometry.
gdal raster footprint	simplify-tolerance			real	req=0	pos=0	in=1	out=0	cnt=0..1	def=	choices=	min=(0	max=	ds=	dsin=0	dsout=0	mx=	md=	deps=	hid=0/0/0	cat=Base	meta=	desc=Tolerance used to merge consecutive points of the output geometry.
gdal raster footprint	min-ring-area			real	req=0	pos=0	in=1	out=0	cnt=0..1	def=	choices=	min=[0	max=	ds=	dsin=0	dsout=0	mx=	md=	deps=	hid=0/0/0	cat=Base	meta=	desc=Minimum value for the area of a ring
gdal raster footprint	max-points			string	req=0	pos=0	in=1	out=0	cnt=0..1	def=100	choices=	min=	max=	ds=	dsin=0	dsout=0	mx=	md=	deps=	hid=0/0/0	cat=Base	meta=	desc=Maximum number of points of each output geometry
gdal raster footprint	location-field			string	req=0	pos=0	in=1	out=0	cnt=0..1	def=location	choices=	min=	max=	ds=	dsin=0	dsout=0	mx=location	md=	deps=	hid=0/0/0	cat=Base	meta=	desc=Name of the field where the path of the input dataset will be stored.
gdal raster footprint	no-location-field			boolean	req=0	pos=0	in=1	out=0	cnt=0..1	def=	choices=	min=	max=	ds=	dsin=0	dsout=0	mx=location	md=	deps=	hid=0/0/0	cat=Base	meta=	desc=Disable creating a field with the path of the input dataset
gdal raster footprint	absolute-path			boolean	req=0	pos=0	in=1	out=0	cnt=0..1	def=	choices=	min=	max=	ds=	dsin=0	dsout=0	mx=	md=	deps=	hid=0/0/0	cat=Base	meta=	desc=Whether the path to the input dataset should be stored as an absolute path
gdal raster hillshade	help	h		boolean	req=0	pos=0	in=1	out=0	cnt=0..1	def=	choices=	min=	max=	ds=	dsin=0	dsout=0	mx=	md=	deps=	hid=0/0/1	cat=Common	meta=	desc=Display help message and exit
gdal raster hillshade	help-doc			boolean	req=0	pos=0	in=1	out=0	cnt=0..1	def=	choices=	min=	max=	ds=	dsin=0	dsout=0	mx=	md=	deps=	hid=1/1/1	cat=Base	meta=	desc=Display help message for use by documentation
gdal raster hillshade	json-usage			boolean	req=0	pos=0	in=1	out=0	cnt=0..1	def=	choices=	min=	max=	ds=	dsin=0	dsout=0	mx=	md=	deps=	hid=0/0/1	cat=Common	meta=	desc=Display usage as JSON document and exit
gdal raster hillshade	config			string_list	req=0	pos=0	in=1	out=0	cnt=0..-1	def=	choices=	min=	max=	ds=	dsin=0	dsout=0	mx=	md=	deps=	hid=0/0/1	cat=Common	meta=	desc=Configuration option
gdal raster hillshade	input-format		if	string_list	req=0	pos=0	in=1	out=0	cnt=0..-1	def=	choices=	min=	max=	ds=	dsin=0	dsout=0	mx=	md=	deps=	hid=0/0/0	cat=Advanced	meta=required_capabilities=DCAP_RASTER;	desc=Input formats
gdal raster hillshade	open-option		oo	string_list	req=0	pos=0	in=1	out=0	cnt=0..-1	def=	choices=	min=	max=	ds=	dsin=0	dsout=0	mx=	md=	deps=	hid=0/0/0	cat=Advanced	meta=	desc=Open options
gdal raster hillshade	input	i		dataset_list	req=1	pos=1	in=1	out=0	cnt=1..1	def=	choices=	min=	max=	ds=raster	dsin=3	dsout=2	mx=	md=	deps=	hid=0/0/0	cat=Base	meta=	desc=Input raster datasets
gdal raster hillshade	quiet	q		boolean	req=0	pos=0	in=1	out=0	cnt=0..1	def=	choices=	min=	max=	ds=	dsin=0	dsout=0	mx=	md=	deps=	hid=0/0/0	cat=Common	meta=	desc=Quiet mode (no progress bar or warning message)
gdal raster hillshade	progress			boolean	req=0	pos=0	in=1	out=0	cnt=0..1	def=	choices=	min=	max=	ds=	dsin=0	dsout=0	mx=	md=	deps=	hid=1/1/1	cat=Base	meta=	desc=Display progress bar
gdal raster hillshade	output-format	f	of|format	string	req=0	pos=0	in=1	out=0	cnt=0..1	def=	choices=	min=	max=	ds=	dsin=0	dsout=0	mx=	md=	deps=	hid=0/0/0	cat=Base	meta=required_capabilities=DCAP_RASTER,DCAP_CREATECOPY;vrt_compatible=false;	desc=Output format ("GDALG" allowed)
gdal raster hillshade	output	o		dataset	req=1	pos=1	in=1	out=1	cnt=0..1	def=	choices=	min=	max=	ds=raster	dsin=3	dsout=2	mx=	md=	deps=	hid=0/0/0	cat=Base	meta=	desc=Output raster dataset
gdal raster hillshade	creation-option		co	string_list	req=0	pos=0	in=1	out=0	cnt=0..-1	def=	choices=	min=	max=	ds=	dsin=0	dsout=0	mx=	md=	deps=	hid=0/0/0	cat=Base	meta=	desc=Creation option
gdal raster hillshade	overwrite			boolean	req=0	pos=0	in=1	out=0	cnt=0..1	def=false	choices=	min=	max=	ds=	dsin=0	dsout=0	mx=overwrite-append	md=	deps=	hid=0/0/0	cat=Base	meta=	desc=Whether overwriting existing output dataset is allowed
gdal raster hillshade	append			boolean	req=0	pos=0	in=1	out=0	cnt=0..1	def=false	choices=	min=	max=	ds=	dsin=0	dsout=0	mx=overwrite-append	md=	deps=	hid=0/0/0	cat=Base	meta=	desc=Append as a subdataset to existing output
gdal raster hillshade	band	b		integer	req=0	pos=0	in=1	out=0	cnt=0..1	def=1	choices=	min=	max=	ds=	dsin=0	dsout=0	mx=	md=	deps=	hid=0/0/0	cat=Base	meta=	desc=Input band (1-based index)
gdal raster hillshade	zfactor	z		real	req=0	pos=0	in=1	out=0	cnt=0..1	def=	choices=	min=(0	max=	ds=	dsin=0	dsout=0	mx=	md=	deps=	hid=0/0/0	cat=Base	meta=	desc=Vertical exaggeration used to pre-multiply the elevations
gdal raster hillshade	xscale			real	req=0	pos=0	in=1	out=0	cnt=0..1	def=	choices=	min=(0	max=	ds=	dsin=0	dsout=0	mx=	md=	deps=	hid=0/0/0	cat=Base	meta=	desc=Ratio of vertical units to horizontal X axis units
gdal raster hillshade	yscale			real	req=0	pos=0	in=1	out=0	cnt=0..1	def=	choices=	min=(0	max=	ds=	dsin=0	dsout=0	mx=	md=	deps=	hid=0/0/0	cat=Base	meta=	desc=Ratio of vertical units to horizontal Y axis units
gdal raster hillshade	azimuth			real	req=0	pos=0	in=1	out=0	cnt=0..1	def=315	choices=	min=	max=	ds=	dsin=0	dsout=0	mx=	md=	deps=	hid=0/0/0	cat=Base	meta=	desc=Azimuth of the light, in degrees
gdal raster hillshade	altitude			real	req=0	pos=0	in=1	out=0	cnt=0..1	def=45	choices=	min=[0	max=90]	ds=	dsin=0	dsout=0	mx=	md=	deps=	hid=0/0/0	cat=Base	meta=	desc=Altitude of the light, in degrees
gdal raster hillshade	gradient-alg			string	req=0	pos=0	in=1	out=0	cnt=0..1	def=Horn	choices=Horn|ZevenbergenThorne	min=	max=	ds=	dsin=0	dsout=0	mx=	md=	deps=	hid=0/0/0	cat=Base	meta=	desc=Algorithm used to compute terrain gradient
gdal raster hillshade	variant			string	req=0	pos=0	in=1	out=0	cnt=0..1	def=regular	choices=regular|combined|multidirectional|Igor	min=	max=	ds=	dsin=0	dsout=0	mx=	md=	deps=	hid=0/0/0	cat=Base	meta=	desc=Variant of the hillshading algorithm
gdal raster hillshade	no-edges			boolean	req=0	pos=0	in=1	out=0	cnt=0..1	def=	choices=	min=	max=	ds=	dsin=0	dsout=0	mx=	md=	deps=	hid=0/0/0	cat=Base	meta=	desc=Do not try to interpolate values at dataset edges or close to nodata values
gdal raster index	help	h		boolean	req=0	pos=0	in=1	out=0	cnt=0..1	def=	choices=	min=	max=	ds=	dsin=0	dsout=0	mx=	md=	deps=	hid=0/0/1	cat=Common	meta=	desc=Display help message and exit
gdal raster index	help-doc			boolean	req=0	pos=0	in=1	out=0	cnt=0..1	def=	choices=	min=	max=	ds=	dsin=0	dsout=0	mx=	md=	deps=	hid=1/1/1	cat=Base	meta=	desc=Display help message for use by documentation
gdal raster index	json-usage			boolean	req=0	pos=0	in=1	out=0	cnt=0..1	def=	choices=	min=	max=	ds=	dsin=0	dsout=0	mx=	md=	deps=	hid=0/0/1	cat=Common	meta=	desc=Display usage as JSON document and exit
gdal raster index	config			string_list	req=0	pos=0	in=1	out=0	cnt=0..-1	def=	choices=	min=	max=	ds=	dsin=0	dsout=0	mx=	md=	deps=	hid=0/0/1	cat=Common	meta=	desc=Configuration option
gdal raster index	quiet	q		boolean	req=0	pos=0	in=1	out=0	cnt=0..1	def=	choices=	min=	max=	ds=	dsin=0	dsout=0	mx=	md=	deps=	hid=0/0/0	cat=Common	meta=	desc=Quiet mode (no progress bar or warning message)
gdal raster index	progress			boolean	req=0	pos=0	in=1	out=0	cnt=0..1	def=	choices=	min=	max=	ds=	dsin=0	dsout=0	mx=	md=	deps=	hid=1/1/1	cat=Base	meta=	desc=Display progress bar
gdal raster index	input	i		dataset_list	req=1	pos=1	in=1	out=0	cnt=0..-1	def=	choices=	min=	max=	ds=raster	dsin=1	dsout=2	mx=	md=	deps=	hid=0/0/0	cat=Base	meta=	desc=Input raster datasets
gdal raster index	output-format	f	of|format	string	req=0	pos=0	in=1	out=0	cnt=0..1	def=	choices=	min=	max=	ds=	dsin=0	dsout=0	mx=	md=	deps=	hid=0/0/0	cat=Base	meta=required_capabilities=DCAP_VECTOR,DCAP_CREATE;	desc=Output format
gdal raster index	output	o		dataset	req=1	pos=1	in=1	out=1	cnt=0..1	def=	choices=	min=	max=	ds=vector	dsin=3	dsout=2	mx=	md=	deps=	hid=0/0/0	cat=Base	meta=	desc=Output vector dataset
gdal raster index	creation-option		co	string_list	req=0	pos=0	in=1	out=0	cnt=0..-1	def=	choices=	min=	max=	ds=	dsin=0	dsout=0	mx=	md=	deps=	hid=0/0/0	cat=Base	meta=	desc=Creation option
gdal raster index	layer-creation-option		lco	string_list	req=0	pos=0	in=1	out=0	cnt=0..-1	def=	choices=	min=	max=	ds=	dsin=0	dsout=0	mx=	md=	deps=	hid=0/0/0	cat=Base	meta=	desc=Layer creation option
gdal raster index	overwrite			boolean	req=0	pos=0	in=1	out=0	cnt=0..1	def=false	choices=	min=	max=	ds=	dsin=0	dsout=0	mx=overwrite-update	md=	deps=	hid=0/0/0	cat=Base	meta=	desc=Whether overwriting existing output dataset is allowed
gdal raster index	update			boolean	req=0	pos=0	in=1	out=0	cnt=0..1	def=false	choices=	min=	max=	ds=	dsin=0	dsout=0	mx=overwrite-update	md=	deps=	hid=0/0/0	cat=Base	meta=	desc=Whether to open existing dataset in update mode
gdal raster index	overwrite-layer			boolean	req=0	pos=0	in=1	out=0	cnt=0..1	def=false	choices=	min=	max=	ds=	dsin=0	dsout=0	mx=	md=	deps=	hid=0/0/0	cat=Base	meta=	desc=Whether overwriting existing output layer is allowed
gdal raster index	append			boolean	req=0	pos=0	in=1	out=0	cnt=0..1	def=false	choices=	min=	max=	ds=	dsin=0	dsout=0	mx=	md=	deps=	hid=0/0/0	cat=Base	meta=	desc=Whether appending to existing layer is allowed
gdal raster index	output-layer		nln	string	req=0	pos=0	in=1	out=0	cnt=0..1	def=	choices=	min=	max=	ds=	dsin=0	dsout=0	mx=	md=	deps=	hid=0/0/0	cat=Base	meta=	desc=Output layer name
gdal raster index	recursive			boolean	req=0	pos=0	in=1	out=0	cnt=0..1	def=	choices=	min=	max=	ds=	dsin=0	dsout=0	mx=	md=	deps=	hid=0/0/0	cat=Base	meta=	desc=Whether input directories should be explored recursively.
gdal raster index	filename-filter			string_list	req=0	pos=0	in=1	out=0	cnt=0..-1	def=	choices=	min=	max=	ds=	dsin=0	dsout=0	mx=	md=	deps=	hid=0/0/0	cat=Base	meta=	desc=Pattern that the filenames in input directories should follow ('*' and '?' wildcard)
gdal raster index	min-pixel-size			real	req=0	pos=0	in=1	out=0	cnt=0..1	def=	choices=	min=(0	max=	ds=	dsin=0	dsout=0	mx=	md=	deps=	hid=0/0/0	cat=Base	meta=	desc=Minimum pixel size in term of geospatial extent per pixel (resolution) that a raster should have to be selected.
gdal raster index	max-pixel-size			real	req=0	pos=0	in=1	out=0	cnt=0..1	def=	choices=	min=(0	max=	ds=	dsin=0	dsout=0	mx=	md=	deps=	hid=0/0/0	cat=Base	meta=	desc=Maximum pixel size in term of geospatial extent per pixel (resolution) that a raster should have to be selected.
gdal raster index	location-name			string	req=0	pos=0	in=1	out=0	cnt=0..1	def=location	choices=	min=	max=	ds=	dsin=0	dsout=0	mx=	md=	deps=	hid=0/0/0	cat=Base	meta=	desc=Name of the field with the raster path
gdal raster index	absolute-path			boolean	req=0	pos=0	in=1	out=0	cnt=0..1	def=	choices=	min=	max=	ds=	dsin=0	dsout=0	mx=	md=	deps=	hid=0/0/0	cat=Base	meta=	desc=Whether the path to the input datasets should be stored as an absolute path
gdal raster index	output-crs			string	req=0	pos=0	in=1	out=0	cnt=0..1	def=	choices=	min=	max=	ds=	dsin=0	dsout=0	mx=	md=	deps=	hid=0/0/0	cat=Base	meta=	desc=Output CRS
gdal raster index	metadata			string_list	req=0	pos=0	in=1	out=0	cnt=0..-1	def=	choices=	min=	max=	ds=	dsin=0	dsout=0	mx=	md=	deps=	hid=0/0/0	cat=Base	meta=	desc=Add dataset metadata item
gdal raster index	skip-errors			boolean	req=0	pos=0	in=1	out=0	cnt=0..1	def=	choices=	min=	max=	ds=	dsin=0	dsout=0	mx=	md=	deps=	hid=0/0/0	cat=Base	meta=	desc=Skip errors related to input datasets
gdal raster index	profile			string	req=0	pos=0	in=1	out=0	cnt=0..1	def=none	choices=none|STAC-GeoParquet	min=	max=	ds=	dsin=0	dsout=0	mx=	md=	deps=	hid=0/0/0	cat=Base	meta=	desc=Profile of output dataset
gdal raster index	base-url			string	req=0	pos=0	in=1	out=0	cnt=0..1	def=	choices=	min=	max=	ds=	dsin=0	dsout=0	mx=	md=	deps=	hid=0/0/0	cat=Base	meta=	desc=Base URL for STAC-GeoParquet href
gdal raster index	id-method			string	req=0	pos=0	in=1	out=0	cnt=0..1	def=filename	choices=filename|md5|metadata-item	min=	max=	ds=	dsin=0	dsout=0	mx=	md=	deps=	hid=0/0/0	cat=Base	meta=	desc=How to derive STAC-GeoParquet 'id'
gdal raster index	id-metadata-item			string	req=0	pos=0	in=1	out=0	cnt=0..1	def=id	choices=	min=	max=	ds=	dsin=0	dsout=0	mx=	md=	deps=	hid=0/0/0	cat=Base	meta=	desc=Name of metadata item used to set STAC-GeoParquet 'id'
gdal raster index	source-crs-field-name			string	req=0	pos=0	in=1	out=0	cnt=0..1	def=	choices=	min=	max=	ds=	dsin=0	dsout=0	mx=	md=	deps=	hid=0/0/0	cat=Base	meta=	desc=Name of the field to store the CRS of each dataset
gdal raster index	source-crs-format			string	req=0	pos=0	in=1	out=0	cnt=0..1	def=auto	choices=auto|WKT|EPSG|PROJ	min=	max=	ds=	dsin=0	dsout=0	mx=	md=	deps=	hid=0/0/0	cat=Base	meta=	desc=Format in which the CRS of each dataset must be written
gdal raster info	help	h		boolean	req=0	pos=0	in=1	out=0	cnt=0..1	def=	choices=	min=	max=	ds=	dsin=0	dsout=0	mx=	md=	deps=	hid=0/0/1	cat=Common	meta=	desc=Display help message and exit
gdal raster info	help-doc			boolean	req=0	pos=0	in=1	out=0	cnt=0..1	def=	choices=	min=	max=	ds=	dsin=0	dsout=0	mx=	md=	deps=	hid=1/1/1	cat=Base	meta=	desc=Display help message for use by documentation
gdal raster info	json-usage			boolean	req=0	pos=0	in=1	out=0	cnt=0..1	def=	choices=	min=	max=	ds=	dsin=0	dsout=0	mx=	md=	deps=	hid=0/0/1	cat=Common	meta=	desc=Display usage as JSON document and exit
gdal raster info	config			string_list	req=0	pos=0	in=1	out=0	cnt=0..-1	def=	choices=	min=	max=	ds=	dsin=0	dsout=0	mx=	md=	deps=	hid=0/0/1	cat=Common	meta=	desc=Configuration option
gdal raster info	input-format		if	string_list	req=0	pos=0	in=1	out=0	cnt=0..-1	def=	choices=	min=	max=	ds=	dsin=0	dsout=0	mx=	md=	deps=	hid=0/0/0	cat=Advanced	meta=required_capabilities=DCAP_RASTER;	desc=Input formats
gdal raster info	open-option		oo	string_list	req=0	pos=0	in=1	out=0	cnt=0..-1	def=	choices=	min=	max=	ds=	dsin=0	dsout=0	mx=	md=	deps=	hid=0/0/0	cat=Advanced	meta=	desc=Open options
gdal raster info	input	i	dataset	dataset_list	req=1	pos=1	in=1	out=0	cnt=1..1	def=	choices=	min=	max=	ds=raster	dsin=3	dsout=2	mx=	md=	deps=	hid=0/0/0	cat=Base	meta=	desc=Input raster dataset
gdal raster info	output-format	f	of|format	string	req=0	pos=0	in=1	out=0	cnt=0..1	def=	choices=json|text	min=	max=	ds=	dsin=0	dsout=0	mx=	md=	deps=	hid=0/0/0	cat=Base	meta=	desc=Output format
gdal raster info	min-max		mm	boolean	req=0	pos=0	in=1	out=0	cnt=0..1	def=	choices=	min=	max=	ds=	dsin=0	dsout=0	mx=	md=	deps=	hid=0/0/0	cat=Base	meta=	desc=Compute minimum and maximum value
gdal raster info	stats			boolean	req=0	pos=0	in=1	out=0	cnt=0..1	def=	choices=	min=	max=	ds=	dsin=0	dsout=0	mx=stats	md=	deps=	hid=0/0/0	cat=Base	meta=	desc=Retrieve or compute statistics, using all pixels
gdal raster info	approx-stats			boolean	req=0	pos=0	in=1	out=0	cnt=0..1	def=	choices=	min=	max=	ds=	dsin=0	dsout=0	mx=stats	md=	deps=	hid=0/0/0	cat=Base	meta=	desc=Retrieve or compute statistics, using a subset of pixels
gdal raster info	hist			boolean	req=0	pos=0	in=1	out=0	cnt=0..1	def=	choices=	min=	max=	ds=	dsin=0	dsout=0	mx=	md=	deps=	hid=0/0/0	cat=Base	meta=	desc=Retrieve or compute histogram
gdal raster info	no-gcp			boolean	req=0	pos=0	in=1	out=0	cnt=0..1	def=	choices=	min=	max=	ds=	dsin=0	dsout=0	mx=	md=	deps=	hid=0/0/0	cat=Advanced	meta=	desc=Suppress ground control points list printing
gdal raster info	no-md			boolean	req=0	pos=0	in=1	out=0	cnt=0..1	def=	choices=	min=	max=	ds=	dsin=0	dsout=0	mx=	md=	deps=	hid=0/0/0	cat=Advanced	meta=	desc=Suppress metadata printing
gdal raster info	no-ct			boolean	req=0	pos=0	in=1	out=0	cnt=0..1	def=	choices=	min=	max=	ds=	dsin=0	dsout=0	mx=	md=	deps=	hid=0/0/0	cat=Advanced	meta=	desc=Suppress color table printing
gdal raster info	no-fl			boolean	req=0	pos=0	in=1	out=0	cnt=0..1	def=	choices=	min=	max=	ds=	dsin=0	dsout=0	mx=	md=	deps=	hid=0/0/0	cat=Advanced	meta=	desc=Suppress file list printing
gdal raster info	checksum			boolean	req=0	pos=0	in=1	out=0	cnt=0..1	def=	choices=	min=	max=	ds=	dsin=0	dsout=0	mx=	md=	deps=	hid=0/0/0	cat=Advanced	meta=	desc=Compute pixel checksum
gdal raster info	list-mdd		list-metadata-domains	boolean	req=0	pos=0	in=1	out=0	cnt=0..1	def=	choices=	min=	max=	ds=	dsin=0	dsout=0	mx=	md=	deps=	hid=0/0/0	cat=Advanced	meta=	desc=List all metadata domains available for the dataset
gdal raster info	metadata-domain		mdd	string	req=0	pos=0	in=1	out=0	cnt=0..1	def=	choices=	min=	max=	ds=	dsin=0	dsout=0	mx=	md=	deps=	hid=0/0/0	cat=Advanced	meta=	desc=Report metadata for the specified domain. 'all' can be used to report metadata in all domains
gdal raster info	no-nodata			boolean	req=0	pos=0	in=1	out=0	cnt=0..1	def=	choices=	min=	max=	ds=	dsin=0	dsout=0	mx=	md=	deps=	hid=0/0/0	cat=Esoteric	meta=	desc=Suppress retrieving nodata value
gdal raster info	no-mask			boolean	req=0	pos=0	in=1	out=0	cnt=0..1	def=	choices=	min=	max=	ds=	dsin=0	dsout=0	mx=	md=	deps=	hid=0/0/0	cat=Esoteric	meta=	desc=Suppress mask band information
gdal raster info	subdataset			integer	req=0	pos=0	in=1	out=0	cnt=0..1	def=	choices=	min=[1	max=	ds=	dsin=0	dsout=0	mx=	md=	deps=	hid=0/0/0	cat=Esoteric	meta=	desc=Use subdataset of specified index (starting at 1), instead of the source dataset itself
gdal raster info	crs-format			string	req=0	pos=0	in=1	out=0	cnt=0..1	def=AUTO	choices=AUTO|WKT2|PROJJSON	min=	max=	ds=	dsin=0	dsout=0	mx=	md=	deps=	hid=0/0/0	cat=Esoteric	meta=	desc=Which format to use to report CRS
gdal raster info	output-string			string	req=0	pos=0	in=0	out=1	cnt=0..1	def=	choices=	min=	max=	ds=	dsin=0	dsout=0	mx=	md=	deps=	hid=0/1/0	cat=Base	meta=	desc=Output string, in which the result is placed
gdal raster info	stdout			boolean	req=0	pos=0	in=1	out=0	cnt=0..1	def=	choices=	min=	max=	ds=	dsin=0	dsout=0	mx=	md=	deps=	hid=1/1/1	cat=Base	meta=	desc=Directly output on stdout. If enabled, output-string will be empty
gdal raster mosaic	help	h		boolean	req=0	pos=0	in=1	out=0	cnt=0..1	def=	choices=	min=	max=	ds=	dsin=0	dsout=0	mx=	md=	deps=	hid=0/0/1	cat=Common	meta=	desc=Display help message and exit
gdal raster mosaic	help-doc			boolean	req=0	pos=0	in=1	out=0	cnt=0..1	def=	choices=	min=	max=	ds=	dsin=0	dsout=0	mx=	md=	deps=	hid=1/1/1	cat=Base	meta=	desc=Display help message for use by documentation
gdal raster mosaic	json-usage			boolean	req=0	pos=0	in=1	out=0	cnt=0..1	def=	choices=	min=	max=	ds=	dsin=0	dsout=0	mx=	md=	deps=	hid=0/0/1	cat=Common	meta=	desc=Display usage as JSON document and exit
gdal raster mosaic	config			string_list	req=0	pos=0	in=1	out=0	cnt=0..-1	def=	choices=	min=	max=	ds=	dsin=0	dsout=0	mx=	md=	deps=	hid=0/0/1	cat=Common	meta=	desc=Configuration option
gdal raster mosaic	input-format		if	string_list	req=0	pos=0	in=1	out=0	cnt=0..-1	def=	choices=	min=	max=	ds=	dsin=0	dsout=0	mx=	md=	deps=	hid=0/0/0	cat=Advanced	meta=required_capabilities=DCAP_RASTER;	desc=Input formats
gdal raster mosaic	open-option		oo	string_list	req=0	pos=0	in=1	out=0	cnt=0..-1	def=	choices=	min=	max=	ds=	dsin=0	dsout=0	mx=	md=	deps=	hid=0/0/0	cat=Advanced	meta=	desc=Open options
gdal raster mosaic	input	i		dataset_list	req=1	pos=1	in=1	out=0	cnt=1..-1	def=	choices=	min=	max=	ds=raster	dsin=3	dsout=2	mx=	md=	deps=	hid=0/0/0	cat=Base	meta=	desc=Input raster datasets (or specify a @<filename> to point to a file containing filenames)
gdal raster mosaic	quiet	q		boolean	req=0	pos=0	in=1	out=0	cnt=0..1	def=	choices=	min=	max=	ds=	dsin=0	dsout=0	mx=	md=	deps=	hid=0/0/0	cat=Common	meta=	desc=Quiet mode (no progress bar or warning message)
gdal raster mosaic	progress			boolean	req=0	pos=0	in=1	out=0	cnt=0..1	def=	choices=	min=	max=	ds=	dsin=0	dsout=0	mx=	md=	deps=	hid=1/1/1	cat=Base	meta=	desc=Display progress bar
gdal raster mosaic	output-format	f	of|format	string	req=0	pos=0	in=1	out=0	cnt=0..1	def=	choices=	min=	max=	ds=	dsin=0	dsout=0	mx=	md=	deps=	hid=0/0/0	cat=Base	meta=required_capabilities=DCAP_RASTER,DCAP_CREATECOPY;	desc=Output format ("GDALG" allowed)
gdal raster mosaic	output	o		dataset	req=1	pos=1	in=1	out=1	cnt=0..1	def=	choices=	min=	max=	ds=raster	dsin=3	dsout=2	mx=	md=	deps=	hid=0/0/0	cat=Base	meta=	desc=Output raster dataset
gdal raster mosaic	creation-option		co	string_list	req=0	pos=0	in=1	out=0	cnt=0..-1	def=	choices=	min=	max=	ds=	dsin=0	dsout=0	mx=	md=	deps=	hid=0/0/0	cat=Base	meta=	desc=Creation option
gdal raster mosaic	overwrite			boolean	req=0	pos=0	in=1	out=0	cnt=0..1	def=false	choices=	min=	max=	ds=	dsin=0	dsout=0	mx=overwrite-append	md=	deps=	hid=0/0/0	cat=Base	meta=	desc=Whether overwriting existing output dataset is allowed
gdal raster mosaic	append			boolean	req=0	pos=0	in=1	out=0	cnt=0..1	def=false	choices=	min=	max=	ds=	dsin=0	dsout=0	mx=overwrite-append	md=	deps=	hid=0/0/0	cat=Base	meta=	desc=Append as a subdataset to existing output
gdal raster mosaic	band	b		integer_list	req=0	pos=0	in=1	out=0	cnt=0..-1	def=	choices=	min=	max=	ds=	dsin=0	dsout=0	mx=	md=	deps=	hid=0/0/0	cat=Base	meta=	desc=Input band(s) (1-based index)
gdal raster mosaic	absolute-path			boolean	req=0	pos=0	in=1	out=0	cnt=0..1	def=	choices=	min=	max=	ds=	dsin=0	dsout=0	mx=	md=	deps=	hid=0/0/0	cat=Base	meta=	desc=Whether the path to the input datasets should be stored as an absolute path
gdal raster mosaic	resolution			string	req=0	pos=0	in=1	out=0	cnt=0..1	def=same	choices=	min=	max=	ds=	dsin=0	dsout=0	mx=	md=	deps=	hid=0/0/0	cat=Base	meta=	desc=Target resolution (in destination CRS units)
gdal raster mosaic	bbox			real_list	req=0	pos=0	in=1	out=0	cnt=4..4	def=	choices=	min=	max=	ds=	dsin=0	dsout=0	mx=	md=	deps=	hid=0/0/0	cat=Base	meta=	desc=Target bounding box as xmin,ymin,xmax,ymax (in destination CRS units)
gdal raster mosaic	target-aligned-pixels			boolean	req=0	pos=0	in=1	out=0	cnt=0..1	def=	choices=	min=	max=	ds=	dsin=0	dsout=0	mx=	md=	deps=	hid=0/0/0	cat=Base	meta=	desc=Round target extent to target resolution
gdal raster mosaic	input-nodata			real_list	req=0	pos=0	in=1	out=0	cnt=1..-1	def=	choices=	min=	max=	ds=	dsin=0	dsout=0	mx=	md=	deps=	hid=0/0/0	cat=Base	meta=	desc=Set nodata values for input bands.
gdal raster mosaic	output-nodata			real_list	req=0	pos=0	in=1	out=0	cnt=1..-1	def=	choices=	min=	max=	ds=	dsin=0	dsout=0	mx=	md=	deps=	hid=0/0/0	cat=Base	meta=	desc=Set nodata values at the destination band level.
gdal raster mosaic	hide-nodata			boolean	req=0	pos=0	in=1	out=0	cnt=0..1	def=	choices=	min=	max=	ds=	dsin=0	dsout=0	mx=	md=	deps=	hid=0/0/0	cat=Base	meta=	desc=Makes the destination band not report the NoData.
gdal raster mosaic	add-alpha			boolean	req=0	pos=0	in=1	out=0	cnt=0..1	def=	choices=	min=	max=	ds=	dsin=0	dsout=0	mx=	md=	deps=	hid=0/0/0	cat=Base	meta=	desc=Adds an alpha mask band to the destination when the source raster have none.
gdal raster mosaic	pixel-function			string	req=0	pos=0	in=1	out=0	cnt=0..1	def=	choices=area|argmax|argmin|cmul|complex|conj|dB|dB2amp|dB2pow|diff|div|exp|expression|geometric_mean|harmonic_mean|imag|intensity|interpolate_exp|interpolate_linear|inv|log10|max|mean|median|min|mod|mode|mul|norm_diff|phase|polar|pow|quantile|real|reclassify|replace_nodata|round|scale|sqrt|sum	min=	max=	ds=	dsin=0	dsout=0	mx=	md=	deps=	hid=0/0/0	cat=Base	meta=	desc=Specify a pixel function to calculate output value from overlapping inputs
gdal raster mosaic	pixel-function-arg			string_list	req=0	pos=0	in=1	out=0	cnt=0..-1	def=	choices=	min=	max=	ds=	dsin=0	dsout=0	mx=	md=	deps=	hid=0/0/0	cat=Base	meta=	desc=Specify argument(s) to pass to the pixel function
gdal raster neighbors	help	h		boolean	req=0	pos=0	in=1	out=0	cnt=0..1	def=	choices=	min=	max=	ds=	dsin=0	dsout=0	mx=	md=	deps=	hid=0/0/1	cat=Common	meta=	desc=Display help message and exit
gdal raster neighbors	help-doc			boolean	req=0	pos=0	in=1	out=0	cnt=0..1	def=	choices=	min=	max=	ds=	dsin=0	dsout=0	mx=	md=	deps=	hid=1/1/1	cat=Base	meta=	desc=Display help message for use by documentation
gdal raster neighbors	json-usage			boolean	req=0	pos=0	in=1	out=0	cnt=0..1	def=	choices=	min=	max=	ds=	dsin=0	dsout=0	mx=	md=	deps=	hid=0/0/1	cat=Common	meta=	desc=Display usage as JSON document and exit
gdal raster neighbors	config			string_list	req=0	pos=0	in=1	out=0	cnt=0..-1	def=	choices=	min=	max=	ds=	dsin=0	dsout=0	mx=	md=	deps=	hid=0/0/1	cat=Common	meta=	desc=Configuration option
gdal raster neighbors	input-format		if	string_list	req=0	pos=0	in=1	out=0	cnt=0..-1	def=	choices=	min=	max=	ds=	dsin=0	dsout=0	mx=	md=	deps=	hid=0/0/0	cat=Advanced	meta=required_capabilities=DCAP_RASTER;	desc=Input formats
gdal raster neighbors	open-option		oo	string_list	req=0	pos=0	in=1	out=0	cnt=0..-1	def=	choices=	min=	max=	ds=	dsin=0	dsout=0	mx=	md=	deps=	hid=0/0/0	cat=Advanced	meta=	desc=Open options
gdal raster neighbors	input	i		dataset_list	req=1	pos=1	in=1	out=0	cnt=1..1	def=	choices=	min=	max=	ds=raster	dsin=3	dsout=2	mx=	md=	deps=	hid=0/0/0	cat=Base	meta=	desc=Input raster datasets
gdal raster neighbors	quiet	q		boolean	req=0	pos=0	in=1	out=0	cnt=0..1	def=	choices=	min=	max=	ds=	dsin=0	dsout=0	mx=	md=	deps=	hid=0/0/0	cat=Common	meta=	desc=Quiet mode (no progress bar or warning message)
gdal raster neighbors	progress			boolean	req=0	pos=0	in=1	out=0	cnt=0..1	def=	choices=	min=	max=	ds=	dsin=0	dsout=0	mx=	md=	deps=	hid=1/1/1	cat=Base	meta=	desc=Display progress bar
gdal raster neighbors	output-format	f	of|format	string	req=0	pos=0	in=1	out=0	cnt=0..1	def=	choices=	min=	max=	ds=	dsin=0	dsout=0	mx=	md=	deps=	hid=0/0/0	cat=Base	meta=required_capabilities=DCAP_RASTER,DCAP_CREATECOPY;	desc=Output format ("GDALG" allowed)
gdal raster neighbors	output	o		dataset	req=1	pos=1	in=1	out=1	cnt=0..1	def=	choices=	min=	max=	ds=raster	dsin=3	dsout=2	mx=	md=	deps=	hid=0/0/0	cat=Base	meta=	desc=Output raster dataset
gdal raster neighbors	creation-option		co	string_list	req=0	pos=0	in=1	out=0	cnt=0..-1	def=	choices=	min=	max=	ds=	dsin=0	dsout=0	mx=	md=	deps=	hid=0/0/0	cat=Base	meta=	desc=Creation option
gdal raster neighbors	overwrite			boolean	req=0	pos=0	in=1	out=0	cnt=0..1	def=false	choices=	min=	max=	ds=	dsin=0	dsout=0	mx=overwrite-append	md=	deps=	hid=0/0/0	cat=Base	meta=	desc=Whether overwriting existing output dataset is allowed
gdal raster neighbors	append			boolean	req=0	pos=0	in=1	out=0	cnt=0..1	def=false	choices=	min=	max=	ds=	dsin=0	dsout=0	mx=overwrite-append	md=	deps=	hid=0/0/0	cat=Base	meta=	desc=Append as a subdataset to existing output
gdal raster neighbors	band	b		integer	req=0	pos=0	in=1	out=0	cnt=0..1	def=	choices=	min=	max=	ds=	dsin=0	dsout=0	mx=	md=	deps=	hid=0/0/0	cat=Base	meta=	desc=Input band (1-based index)
gdal raster neighbors	method			string_list	req=0	pos=0	in=1	out=0	cnt=0..-1	def=	choices=mean|sum|min|max|stddev|median|mode	min=	max=	ds=	dsin=0	dsout=0	mx=	md=	deps=	hid=0/0/0	cat=Base	meta=	desc=Method to combine weighed source pixels
gdal raster neighbors	size			integer	req=0	pos=0	in=1	out=0	cnt=0..1	def=	choices=	min=[3	max=99]	ds=	dsin=0	dsout=0	mx=	md=	deps=	hid=0/0/0	cat=Base	meta=	desc=Neighborhood size
gdal raster neighbors	kernel			string_list	req=1	pos=0	in=1	out=0	cnt=1..-1	def=	choices=	min=	max=	ds=	dsin=0	dsout=0	mx=	md=	deps=	hid=0/0/0	cat=Base	meta=	desc=Convolution kernel(s) to apply
gdal raster neighbors	output-data-type		ot|datatype	string	req=0	pos=0	in=1	out=0	cnt=0..1	def=Float64	choices=UInt8|Int8|UInt16|Int16|UInt32|Int32|UInt64|Int64|CInt16|CInt32|Float16|Float32|Float64|CFloat32|CFloat64	min=	max=	ds=	dsin=0	dsout=0	mx=	md=	deps=	hid=0/0/0	cat=Base	meta=type=GDALDataType;	desc=Output data type
gdal raster neighbors	nodata			string	req=0	pos=0	in=1	out=0	cnt=0..1	def=	choices=	min=	max=	ds=	dsin=0	dsout=0	mx=	md=	deps=	hid=0/0/0	cat=Base	meta=	desc=Assign a specified nodata value to output bands ('none', numeric value, 'nan', 'inf', '-inf')
gdal raster nodata-to-alpha	help	h		boolean	req=0	pos=0	in=1	out=0	cnt=0..1	def=	choices=	min=	max=	ds=	dsin=0	dsout=0	mx=	md=	deps=	hid=0/0/1	cat=Common	meta=	desc=Display help message and exit
gdal raster nodata-to-alpha	help-doc			boolean	req=0	pos=0	in=1	out=0	cnt=0..1	def=	choices=	min=	max=	ds=	dsin=0	dsout=0	mx=	md=	deps=	hid=1/1/1	cat=Base	meta=	desc=Display help message for use by documentation
gdal raster nodata-to-alpha	json-usage			boolean	req=0	pos=0	in=1	out=0	cnt=0..1	def=	choices=	min=	max=	ds=	dsin=0	dsout=0	mx=	md=	deps=	hid=0/0/1	cat=Common	meta=	desc=Display usage as JSON document and exit
gdal raster nodata-to-alpha	config			string_list	req=0	pos=0	in=1	out=0	cnt=0..-1	def=	choices=	min=	max=	ds=	dsin=0	dsout=0	mx=	md=	deps=	hid=0/0/1	cat=Common	meta=	desc=Configuration option
gdal raster nodata-to-alpha	input-format		if	string_list	req=0	pos=0	in=1	out=0	cnt=0..-1	def=	choices=	min=	max=	ds=	dsin=0	dsout=0	mx=	md=	deps=	hid=0/0/0	cat=Advanced	meta=required_capabilities=DCAP_RASTER;	desc=Input formats
gdal raster nodata-to-alpha	open-option		oo	string_list	req=0	pos=0	in=1	out=0	cnt=0..-1	def=	choices=	min=	max=	ds=	dsin=0	dsout=0	mx=	md=	deps=	hid=0/0/0	cat=Advanced	meta=	desc=Open options
gdal raster nodata-to-alpha	input	i		dataset_list	req=1	pos=1	in=1	out=0	cnt=1..1	def=	choices=	min=	max=	ds=raster	dsin=3	dsout=2	mx=	md=	deps=	hid=0/0/0	cat=Base	meta=	desc=Input raster datasets
gdal raster nodata-to-alpha	quiet	q		boolean	req=0	pos=0	in=1	out=0	cnt=0..1	def=	choices=	min=	max=	ds=	dsin=0	dsout=0	mx=	md=	deps=	hid=0/0/0	cat=Common	meta=	desc=Quiet mode (no progress bar or warning message)
gdal raster nodata-to-alpha	progress			boolean	req=0	pos=0	in=1	out=0	cnt=0..1	def=	choices=	min=	max=	ds=	dsin=0	dsout=0	mx=	md=	deps=	hid=1/1/1	cat=Base	meta=	desc=Display progress bar
gdal raster nodata-to-alpha	output-format	f	of|format	string	req=0	pos=0	in=1	out=0	cnt=0..1	def=	choices=	min=	max=	ds=	dsin=0	dsout=0	mx=	md=	deps=	hid=0/0/0	cat=Base	meta=required_capabilities=DCAP_RASTER,DCAP_CREATECOPY;	desc=Output format ("GDALG" allowed)
gdal raster nodata-to-alpha	output	o		dataset	req=1	pos=1	in=1	out=1	cnt=0..1	def=	choices=	min=	max=	ds=raster	dsin=3	dsout=2	mx=	md=	deps=	hid=0/0/0	cat=Base	meta=	desc=Output raster dataset
gdal raster nodata-to-alpha	creation-option		co	string_list	req=0	pos=0	in=1	out=0	cnt=0..-1	def=	choices=	min=	max=	ds=	dsin=0	dsout=0	mx=	md=	deps=	hid=0/0/0	cat=Base	meta=	desc=Creation option
gdal raster nodata-to-alpha	overwrite			boolean	req=0	pos=0	in=1	out=0	cnt=0..1	def=false	choices=	min=	max=	ds=	dsin=0	dsout=0	mx=overwrite-append	md=	deps=	hid=0/0/0	cat=Base	meta=	desc=Whether overwriting existing output dataset is allowed
gdal raster nodata-to-alpha	append			boolean	req=0	pos=0	in=1	out=0	cnt=0..1	def=false	choices=	min=	max=	ds=	dsin=0	dsout=0	mx=overwrite-append	md=	deps=	hid=0/0/0	cat=Base	meta=	desc=Append as a subdataset to existing output
gdal raster nodata-to-alpha	nodata			real_list	req=0	pos=0	in=1	out=0	cnt=0..-1	def=	choices=	min=	max=	ds=	dsin=0	dsout=0	mx=	md=	deps=	hid=0/0/0	cat=Base	meta=	desc=Override nodata value of input band(s) (numeric value, 'nan', 'inf', '-inf')
gdal raster overview	help	h		boolean	req=0	pos=0	in=1	out=0	cnt=0..1	def=	choices=	min=	max=	ds=	dsin=0	dsout=0	mx=	md=	deps=	hid=0/0/1	cat=Common	meta=	desc=Display help message and exit
gdal raster overview	help-doc			boolean	req=0	pos=0	in=1	out=0	cnt=0..1	def=	choices=	min=	max=	ds=	dsin=0	dsout=0	mx=	md=	deps=	hid=1/1/1	cat=Base	meta=	desc=Display help message for use by documentation
gdal raster overview	json-usage			boolean	req=0	pos=0	in=1	out=0	cnt=0..1	def=	choices=	min=	max=	ds=	dsin=0	dsout=0	mx=	md=	deps=	hid=0/0/1	cat=Common	meta=	desc=Display usage as JSON document and exit
gdal raster overview	config			string_list	req=0	pos=0	in=1	out=0	cnt=0..-1	def=	choices=	min=	max=	ds=	dsin=0	dsout=0	mx=	md=	deps=	hid=0/0/1	cat=Common	meta=	desc=Configuration option
gdal raster overview add	help	h		boolean	req=0	pos=0	in=1	out=0	cnt=0..1	def=	choices=	min=	max=	ds=	dsin=0	dsout=0	mx=	md=	deps=	hid=0/0/1	cat=Common	meta=	desc=Display help message and exit
gdal raster overview add	help-doc			boolean	req=0	pos=0	in=1	out=0	cnt=0..1	def=	choices=	min=	max=	ds=	dsin=0	dsout=0	mx=	md=	deps=	hid=1/1/1	cat=Base	meta=	desc=Display help message for use by documentation
gdal raster overview add	json-usage			boolean	req=0	pos=0	in=1	out=0	cnt=0..1	def=	choices=	min=	max=	ds=	dsin=0	dsout=0	mx=	md=	deps=	hid=0/0/1	cat=Common	meta=	desc=Display usage as JSON document and exit
gdal raster overview add	config			string_list	req=0	pos=0	in=1	out=0	cnt=0..-1	def=	choices=	min=	max=	ds=	dsin=0	dsout=0	mx=	md=	deps=	hid=0/0/1	cat=Common	meta=	desc=Configuration option
gdal raster overview add	quiet	q		boolean	req=0	pos=0	in=1	out=0	cnt=0..1	def=	choices=	min=	max=	ds=	dsin=0	dsout=0	mx=	md=	deps=	hid=0/0/0	cat=Common	meta=	desc=Quiet mode (no progress bar or warning message)
gdal raster overview add	progress			boolean	req=0	pos=0	in=1	out=0	cnt=0..1	def=	choices=	min=	max=	ds=	dsin=0	dsout=0	mx=	md=	deps=	hid=1/1/1	cat=Base	meta=	desc=Display progress bar
gdal raster overview add	open-option		oo	string_list	req=0	pos=0	in=1	out=0	cnt=0..-1	def=	choices=	min=	max=	ds=	dsin=0	dsout=0	mx=	md=	deps=	hid=0/0/0	cat=Advanced	meta=	desc=Open options
gdal raster overview add	input	i	dataset	dataset_list	req=1	pos=1	in=1	out=0	cnt=0..1	def=	choices=	min=	max=	ds=raster,update	dsin=3	dsout=2	mx=	md=	deps=	hid=0/0/0	cat=Base	meta=	desc=Dataset (to be updated in-place, unless --external)
gdal raster overview add	overview-src			dataset_list	req=0	pos=0	in=1	out=0	cnt=0..-1	def=	choices=	min=	max=	ds=raster	dsin=3	dsout=2	mx=overview-src-levels	md=	deps=	hid=0/0/0	cat=Base	meta=	desc=Source overview dataset
gdal raster overview add	external			boolean	req=0	pos=0	in=1	out=0	cnt=0..1	def=	choices=	min=	max=	ds=	dsin=0	dsout=0	mx=	md=	deps=	hid=0/0/0	cat=Base	meta=	desc=Add external overviews
gdal raster overview add	resampling	r		string	req=0	pos=0	in=1	out=0	cnt=0..1	def=	choices=nearest|average|cubic|cubicspline|lanczos|bilinear|gauss|average_magphase|rms|mode	min=	max=	ds=	dsin=0	dsout=0	mx=	md=	deps=	hid=0/0/0	cat=Base	meta=	desc=Resampling method
gdal raster overview add	levels			integer_list	req=0	pos=0	in=1	out=0	cnt=0..-1	def=	choices=	min=[2	max=	ds=	dsin=0	dsout=0	mx=overview-src-levels	md=	deps=	hid=0/0/0	cat=Base	meta=	desc=Levels / decimation factors
gdal raster overview add	min-size			integer	req=0	pos=0	in=1	out=0	cnt=0..1	def=	choices=	min=[1	max=	ds=	dsin=0	dsout=0	mx=	md=	deps=	hid=0/0/0	cat=Base	meta=	desc=Maximum width or height of the smallest overview level.
gdal raster overview add	creation-option		co	string_list	req=0	pos=0	in=1	out=0	cnt=0..-1	def=	choices=	min=	max=	ds=	dsin=0	dsout=0	mx=	md=	deps=	hid=0/0/0	cat=Base	meta=	desc=Overview creation option
gdal raster overview delete	help	h		boolean	req=0	pos=0	in=1	out=0	cnt=0..1	def=	choices=	min=	max=	ds=	dsin=0	dsout=0	mx=	md=	deps=	hid=0/0/1	cat=Common	meta=	desc=Display help message and exit
gdal raster overview delete	help-doc			boolean	req=0	pos=0	in=1	out=0	cnt=0..1	def=	choices=	min=	max=	ds=	dsin=0	dsout=0	mx=	md=	deps=	hid=1/1/1	cat=Base	meta=	desc=Display help message for use by documentation
gdal raster overview delete	json-usage			boolean	req=0	pos=0	in=1	out=0	cnt=0..1	def=	choices=	min=	max=	ds=	dsin=0	dsout=0	mx=	md=	deps=	hid=0/0/1	cat=Common	meta=	desc=Display usage as JSON document and exit
gdal raster overview delete	config			string_list	req=0	pos=0	in=1	out=0	cnt=0..-1	def=	choices=	min=	max=	ds=	dsin=0	dsout=0	mx=	md=	deps=	hid=0/0/1	cat=Common	meta=	desc=Configuration option
gdal raster overview delete	quiet	q		boolean	req=0	pos=0	in=1	out=0	cnt=0..1	def=	choices=	min=	max=	ds=	dsin=0	dsout=0	mx=	md=	deps=	hid=0/0/0	cat=Common	meta=	desc=Quiet mode (no progress bar or warning message)
gdal raster overview delete	progress			boolean	req=0	pos=0	in=1	out=0	cnt=0..1	def=	choices=	min=	max=	ds=	dsin=0	dsout=0	mx=	md=	deps=	hid=1/1/1	cat=Base	meta=	desc=Display progress bar
gdal raster overview delete	open-option		oo	string_list	req=0	pos=0	in=1	out=0	cnt=0..-1	def=	choices=	min=	max=	ds=	dsin=0	dsout=0	mx=	md=	deps=	hid=0/0/0	cat=Advanced	meta=	desc=Open options
gdal raster overview delete	input	i	dataset	dataset	req=1	pos=1	in=1	out=0	cnt=0..1	def=	choices=	min=	max=	ds=raster,update	dsin=3	dsout=2	mx=	md=	deps=	hid=0/0/0	cat=Base	meta=	desc=Dataset (to be updated in-place, unless --external)
gdal raster overview delete	external			boolean	req=0	pos=0	in=1	out=0	cnt=0..1	def=	choices=	min=	max=	ds=	dsin=0	dsout=0	mx=	md=	deps=	hid=0/0/0	cat=Base	meta=	desc=Delete external overviews
gdal raster overview refresh	help	h		boolean	req=0	pos=0	in=1	out=0	cnt=0..1	def=	choices=	min=	max=	ds=	dsin=0	dsout=0	mx=	md=	deps=	hid=0/0/1	cat=Common	meta=	desc=Display help message and exit
gdal raster overview refresh	help-doc			boolean	req=0	pos=0	in=1	out=0	cnt=0..1	def=	choices=	min=	max=	ds=	dsin=0	dsout=0	mx=	md=	deps=	hid=1/1/1	cat=Base	meta=	desc=Display help message for use by documentation
gdal raster overview refresh	json-usage			boolean	req=0	pos=0	in=1	out=0	cnt=0..1	def=	choices=	min=	max=	ds=	dsin=0	dsout=0	mx=	md=	deps=	hid=0/0/1	cat=Common	meta=	desc=Display usage as JSON document and exit
gdal raster overview refresh	config			string_list	req=0	pos=0	in=1	out=0	cnt=0..-1	def=	choices=	min=	max=	ds=	dsin=0	dsout=0	mx=	md=	deps=	hid=0/0/1	cat=Common	meta=	desc=Configuration option
gdal raster overview refresh	quiet	q		boolean	req=0	pos=0	in=1	out=0	cnt=0..1	def=	choices=	min=	max=	ds=	dsin=0	dsout=0	mx=	md=	deps=	hid=0/0/0	cat=Common	meta=	desc=Quiet mode (no progress bar or warning message)
gdal raster overview refresh	progress			boolean	req=0	pos=0	in=1	out=0	cnt=0..1	def=	choices=	min=	max=	ds=	dsin=0	dsout=0	mx=	md=	deps=	hid=1/1/1	cat=Base	meta=	desc=Display progress bar
gdal raster overview refresh	open-option		oo	string_list	req=0	pos=0	in=1	out=0	cnt=0..-1	def=	choices=	min=	max=	ds=	dsin=0	dsout=0	mx=	md=	deps=	hid=0/0/0	cat=Advanced	meta=	desc=Open options
gdal raster overview refresh	input	i	dataset	dataset	req=1	pos=1	in=1	out=0	cnt=0..1	def=	choices=	min=	max=	ds=raster,update	dsin=3	dsout=2	mx=	md=	deps=	hid=0/0/0	cat=Base	meta=	desc=Dataset (to be updated in-place, unless --external)
gdal raster overview refresh	external			boolean	req=0	pos=0	in=1	out=0	cnt=0..1	def=	choices=	min=	max=	ds=	dsin=0	dsout=0	mx=	md=	deps=	hid=0/0/0	cat=Base	meta=	desc=Refresh external overviews
gdal raster overview refresh	resampling	r		string	req=0	pos=0	in=1	out=0	cnt=0..1	def=	choices=nearest|average|cubic|cubicspline|lanczos|bilinear|gauss|average_magphase|rms|mode	min=	max=	ds=	dsin=0	dsout=0	mx=	md=	deps=	hid=0/0/0	cat=Base	meta=	desc=Resampling method
gdal raster overview refresh	levels			integer_list	req=0	pos=0	in=1	out=0	cnt=0..-1	def=	choices=	min=[2	max=	ds=	dsin=0	dsout=0	mx=	md=	deps=	hid=0/0/0	cat=Base	meta=	desc=Levels / decimation factors
gdal raster overview refresh	bbox			real_list	req=0	pos=0	in=1	out=0	cnt=4..4	def=	choices=	min=	max=	ds=	dsin=0	dsout=0	mx=refresh	md=	deps=	hid=0/0/0	cat=Base	meta=	desc=Bounding box to refresh
gdal raster overview refresh	like			string_list	req=0	pos=0	in=1	out=0	cnt=0..-1	def=	choices=	min=	max=	ds=	dsin=0	dsout=0	mx=refresh	md=	deps=	hid=0/0/0	cat=Base	meta=	desc=Use extent of dataset(s)
gdal raster overview refresh	use-source-timestamp			boolean	req=0	pos=0	in=1	out=0	cnt=0..1	def=	choices=	min=	max=	ds=	dsin=0	dsout=0	mx=refresh	md=	deps=	hid=0/0/0	cat=Base	meta=	desc=Use timestamp of VRT or GTI sources as refresh criterion
gdal raster pansharpen	help	h		boolean	req=0	pos=0	in=1	out=0	cnt=0..1	def=	choices=	min=	max=	ds=	dsin=0	dsout=0	mx=	md=	deps=	hid=0/0/1	cat=Common	meta=	desc=Display help message and exit
gdal raster pansharpen	help-doc			boolean	req=0	pos=0	in=1	out=0	cnt=0..1	def=	choices=	min=	max=	ds=	dsin=0	dsout=0	mx=	md=	deps=	hid=1/1/1	cat=Base	meta=	desc=Display help message for use by documentation
gdal raster pansharpen	json-usage			boolean	req=0	pos=0	in=1	out=0	cnt=0..1	def=	choices=	min=	max=	ds=	dsin=0	dsout=0	mx=	md=	deps=	hid=0/0/1	cat=Common	meta=	desc=Display usage as JSON document and exit
gdal raster pansharpen	config			string_list	req=0	pos=0	in=1	out=0	cnt=0..-1	def=	choices=	min=	max=	ds=	dsin=0	dsout=0	mx=	md=	deps=	hid=0/0/1	cat=Common	meta=	desc=Configuration option
gdal raster pansharpen	input-format		if	string_list	req=0	pos=0	in=1	out=0	cnt=0..-1	def=	choices=	min=	max=	ds=	dsin=0	dsout=0	mx=	md=	deps=	hid=0/0/0	cat=Advanced	meta=required_capabilities=DCAP_RASTER;	desc=Input formats
gdal raster pansharpen	open-option		oo	string_list	req=0	pos=0	in=1	out=0	cnt=0..-1	def=	choices=	min=	max=	ds=	dsin=0	dsout=0	mx=	md=	deps=	hid=0/0/0	cat=Advanced	meta=	desc=Open options
gdal raster pansharpen	input	i	panchromatic	dataset_list	req=1	pos=1	in=1	out=0	cnt=1..1	def=	choices=	min=	max=	ds=raster	dsin=3	dsout=2	mx=	md=	deps=	hid=0/0/0	cat=Base	meta=	desc=Input panchromatic raster dataset
gdal raster pansharpen	spectral			dataset_list	req=1	pos=1	in=1	out=0	cnt=1..-1	def=	choices=	min=	max=	ds=raster,vector,multidim	dsin=3	dsout=2	mx=	md=	deps=	hid=0/0/0	cat=Base	meta=	desc=Input spectral band dataset
gdal raster pansharpen	quiet	q		boolean	req=0	pos=0	in=1	out=0	cnt=0..1	def=	choices=	min=	max=	ds=	dsin=0	dsout=0	mx=	md=	deps=	hid=0/0/0	cat=Common	meta=	desc=Quiet mode (no progress bar or warning message)
gdal raster pansharpen	progress			boolean	req=0	pos=0	in=1	out=0	cnt=0..1	def=	choices=	min=	max=	ds=	dsin=0	dsout=0	mx=	md=	deps=	hid=1/1/1	cat=Base	meta=	desc=Display progress bar
gdal raster pansharpen	output-format	f	of|format	string	req=0	pos=0	in=1	out=0	cnt=0..1	def=	choices=	min=	max=	ds=	dsin=0	dsout=0	mx=	md=	deps=	hid=0/0/0	cat=Base	meta=required_capabilities=DCAP_RASTER,DCAP_CREATECOPY;	desc=Output format ("GDALG" allowed)
gdal raster pansharpen	output	o		dataset	req=1	pos=1	in=1	out=1	cnt=0..1	def=	choices=	min=	max=	ds=raster	dsin=3	dsout=2	mx=	md=	deps=	hid=0/0/0	cat=Base	meta=	desc=Output raster dataset
gdal raster pansharpen	creation-option		co	string_list	req=0	pos=0	in=1	out=0	cnt=0..-1	def=	choices=	min=	max=	ds=	dsin=0	dsout=0	mx=	md=	deps=	hid=0/0/0	cat=Base	meta=	desc=Creation option
gdal raster pansharpen	overwrite			boolean	req=0	pos=0	in=1	out=0	cnt=0..1	def=false	choices=	min=	max=	ds=	dsin=0	dsout=0	mx=overwrite-append	md=	deps=	hid=0/0/0	cat=Base	meta=	desc=Whether overwriting existing output dataset is allowed
gdal raster pansharpen	append			boolean	req=0	pos=0	in=1	out=0	cnt=0..1	def=false	choices=	min=	max=	ds=	dsin=0	dsout=0	mx=overwrite-append	md=	deps=	hid=0/0/0	cat=Base	meta=	desc=Append as a subdataset to existing output
gdal raster pansharpen	resampling	r		string	req=0	pos=0	in=1	out=0	cnt=0..1	def=cubic	choices=nearest|bilinear|cubic|cubicspline|lanczos|average	min=	max=	ds=	dsin=0	dsout=0	mx=	md=	deps=	hid=0/0/0	cat=Base	meta=	desc=Resampling algorithm
gdal raster pansharpen	weights			real_list	req=0	pos=0	in=1	out=0	cnt=0..-1	def=	choices=	min=	max=	ds=	dsin=0	dsout=0	mx=	md=	deps=	hid=0/0/0	cat=Base	meta=	desc=Weight for each input spectral band
gdal raster pansharpen	nodata			real	req=0	pos=0	in=1	out=0	cnt=0..1	def=	choices=	min=	max=	ds=	dsin=0	dsout=0	mx=	md=	deps=	hid=0/0/0	cat=Base	meta=	desc=Override nodata value of input bands
gdal raster pansharpen	bit-depth			integer	req=0	pos=0	in=1	out=0	cnt=0..1	def=	choices=	min=[8	max=	ds=	dsin=0	dsout=0	mx=	md=	deps=	hid=0/0/0	cat=Base	meta=	desc=Override bit depth of input bands
gdal raster pansharpen	spatial-extent-adjustment			string	req=0	pos=0	in=1	out=0	cnt=0..1	def=union	choices=union|intersection|none|none-without-warning	min=	max=	ds=	dsin=0	dsout=0	mx=	md=	deps=	hid=0/0/0	cat=Base	meta=	desc=Select behavior when bands have not the same extent
gdal raster pansharpen	num-threads	j		string	req=0	pos=0	in=1	out=0	cnt=0..1	def=ALL_CPUS	choices=	min=	max=	ds=	dsin=0	dsout=0	mx=	md=	deps=	hid=0/0/0	cat=Base	meta=	desc=Number of jobs (or ALL_CPUS)
gdal raster pansharpen	num-threads-int-hidden			integer	req=0	pos=0	in=1	out=0	cnt=0..1	def=	choices=	min=	max=	ds=	dsin=0	dsout=0	mx=	md=	deps=	hid=1/1/1	cat=Base	meta=	desc=Number of jobs (read-only, hidden argument)
gdal raster pipeline	help	h		boolean	req=0	pos=0	in=1	out=0	cnt=0..1	def=	choices=	min=	max=	ds=	dsin=0	dsout=0	mx=	md=	deps=	hid=0/0/1	cat=Common	meta=	desc=Display help message and exit
gdal raster pipeline	help-doc			boolean	req=0	pos=0	in=1	out=0	cnt=0..1	def=	choices=	min=	max=	ds=	dsin=0	dsout=0	mx=	md=	deps=	hid=1/1/1	cat=Base	meta=	desc=Display help message for use by documentation
gdal raster pipeline	json-usage			boolean	req=0	pos=0	in=1	out=0	cnt=0..1	def=	choices=	min=	max=	ds=	dsin=0	dsout=0	mx=	md=	deps=	hid=0/0/1	cat=Common	meta=	desc=Display usage as JSON document and exit
gdal raster pipeline	config			string_list	req=0	pos=0	in=1	out=0	cnt=0..-1	def=	choices=	min=	max=	ds=	dsin=0	dsout=0	mx=	md=	deps=	hid=0/0/1	cat=Common	meta=	desc=Configuration option
gdal raster pipeline	input-format		if	string_list	req=0	pos=0	in=1	out=0	cnt=0..-1	def=	choices=	min=	max=	ds=	dsin=0	dsout=0	mx=	md=	deps=	hid=0/1/0	cat=Advanced	meta=required_capabilities=DCAP_RASTER;	desc=Input formats
gdal raster pipeline	open-option		oo	string_list	req=0	pos=0	in=1	out=0	cnt=0..-1	def=	choices=	min=	max=	ds=	dsin=0	dsout=0	mx=	md=	deps=	hid=0/1/0	cat=Advanced	meta=	desc=Open options
gdal raster pipeline	input	i		dataset_list	req=0	pos=0	in=1	out=0	cnt=0..-1	def=	choices=	min=	max=	ds=raster	dsin=3	dsout=2	mx=	md=	deps=	hid=0/1/0	cat=Base	meta=	desc=Input raster datasets
gdal raster pipeline	quiet	q		boolean	req=0	pos=0	in=1	out=0	cnt=0..1	def=	choices=	min=	max=	ds=	dsin=0	dsout=0	mx=	md=	deps=	hid=0/0/0	cat=Common	meta=	desc=Quiet mode (no progress bar or warning message)
gdal raster pipeline	progress			boolean	req=0	pos=0	in=1	out=0	cnt=0..1	def=	choices=	min=	max=	ds=	dsin=0	dsout=0	mx=	md=	deps=	hid=1/1/1	cat=Base	meta=	desc=Display progress bar
gdal raster pipeline	pipeline			string	req=0	pos=1	in=1	out=0	cnt=0..1	def=	choices=	min=	max=	ds=	dsin=0	dsout=0	mx=	md=	deps=	hid=0/1/0	cat=Base	meta=	desc=Pipeline string
gdal raster pipeline	output-format	f	of|format	string	req=0	pos=0	in=1	out=0	cnt=0..1	def=	choices=	min=	max=	ds=	dsin=0	dsout=0	mx=	md=	deps=	hid=0/1/0	cat=Base	meta=required_capabilities=DCAP_RASTER,DCAP_CREATECOPY;	desc=Output format ("GDALG" allowed)
gdal raster pipeline	output	o		dataset	req=0	pos=0	in=1	out=1	cnt=0..1	def=	choices=	min=	max=	ds=raster	dsin=3	dsout=2	mx=	md=	deps=	hid=0/1/0	cat=Base	meta=	desc=Output raster dataset
gdal raster pipeline	creation-option		co	string_list	req=0	pos=0	in=1	out=0	cnt=0..-1	def=	choices=	min=	max=	ds=	dsin=0	dsout=0	mx=	md=	deps=	hid=0/1/0	cat=Base	meta=	desc=Creation option
gdal raster pipeline	overwrite			boolean	req=0	pos=0	in=1	out=0	cnt=0..1	def=false	choices=	min=	max=	ds=	dsin=0	dsout=0	mx=overwrite-append	md=	deps=	hid=0/1/0	cat=Base	meta=	desc=Whether overwriting existing output dataset is allowed
gdal raster pipeline	append			boolean	req=0	pos=0	in=1	out=0	cnt=0..1	def=false	choices=	min=	max=	ds=	dsin=0	dsout=0	mx=overwrite-append	md=	deps=	hid=0/1/0	cat=Base	meta=	desc=Append as a subdataset to existing output
gdal raster pipeline	output-string			string	req=0	pos=0	in=0	out=1	cnt=0..1	def=	choices=	min=	max=	ds=	dsin=0	dsout=0	mx=	md=	deps=	hid=0/1/0	cat=Base	meta=	desc=Output string, in which the result is placed
gdal raster pipeline	stdout			boolean	req=0	pos=0	in=1	out=0	cnt=0..1	def=	choices=	min=	max=	ds=	dsin=0	dsout=0	mx=	md=	deps=	hid=1/1/1	cat=Base	meta=	desc=Directly output on stdout. If enabled, output-string will be empty
gdal raster pixel-info	help	h		boolean	req=0	pos=0	in=1	out=0	cnt=0..1	def=	choices=	min=	max=	ds=	dsin=0	dsout=0	mx=	md=	deps=	hid=0/0/1	cat=Common	meta=	desc=Display help message and exit
gdal raster pixel-info	help-doc			boolean	req=0	pos=0	in=1	out=0	cnt=0..1	def=	choices=	min=	max=	ds=	dsin=0	dsout=0	mx=	md=	deps=	hid=1/1/1	cat=Base	meta=	desc=Display help message for use by documentation
gdal raster pixel-info	json-usage			boolean	req=0	pos=0	in=1	out=0	cnt=0..1	def=	choices=	min=	max=	ds=	dsin=0	dsout=0	mx=	md=	deps=	hid=0/0/1	cat=Common	meta=	desc=Display usage as JSON document and exit
gdal raster pixel-info	config			string_list	req=0	pos=0	in=1	out=0	cnt=0..-1	def=	choices=	min=	max=	ds=	dsin=0	dsout=0	mx=	md=	deps=	hid=0/0/1	cat=Common	meta=	desc=Configuration option
gdal raster pixel-info	output-format	f	of|format	string	req=0	pos=0	in=1	out=0	cnt=0..1	def=	choices=	min=	max=	ds=	dsin=0	dsout=0	mx=	md=	deps=	hid=0/0/0	cat=Base	meta=required_capabilities=DCAP_VECTOR,DCAP_CREATE;	desc=Output format (default is 'GeoJSON' if 'position-dataset' not specified)
gdal raster pixel-info	open-option		oo	string_list	req=0	pos=0	in=1	out=0	cnt=0..-1	def=	choices=	min=	max=	ds=	dsin=0	dsout=0	mx=	md=	deps=	hid=0/0/0	cat=Advanced	meta=	desc=Open options
gdal raster pixel-info	input-format		if	string_list	req=0	pos=0	in=1	out=0	cnt=0..-1	def=	choices=	min=	max=	ds=	dsin=0	dsout=0	mx=	md=	deps=	hid=0/0/0	cat=Advanced	meta=required_capabilities=DCAP_RASTER;	desc=Input formats
gdal raster pixel-info	input	i	dataset	dataset_list	req=1	pos=1	in=1	out=0	cnt=1..1	def=	choices=	min=	max=	ds=raster	dsin=3	dsout=2	mx=	md=	deps=	hid=0/0/0	cat=Base	meta=	desc=Input raster datasets
gdal raster pixel-info	position-dataset			dataset	req=0	pos=0	in=1	out=0	cnt=0..1	def=	choices=	min=	max=	ds=vector	dsin=3	dsout=2	mx=position-dataset-pos	md=	deps=	hid=0/0/0	cat=Base	meta=	desc=Vector dataset with coordinates
gdal raster pixel-info	input-layer	l	layer	string_list	req=0	pos=0	in=1	out=0	cnt=0..1	def=	choices=	min=	max=	ds=	dsin=0	dsout=0	mx=	md=	deps=	hid=0/0/0	cat=Base	meta=	desc=Input layer name
gdal raster pixel-info	output	o		dataset	req=0	pos=0	in=1	out=1	cnt=0..1	def=	choices=	min=	max=	ds=vector	dsin=1	dsout=2	mx=	md=	deps=	hid=0/0/0	cat=Base	meta=	desc=Output vector dataset
gdal raster pixel-info	creation-option		co	string_list	req=0	pos=0	in=1	out=0	cnt=0..-1	def=	choices=	min=	max=	ds=	dsin=0	dsout=0	mx=	md=	deps=	hid=0/0/0	cat=Base	meta=	desc=Creation option
gdal raster pixel-info	layer-creation-option		lco	string_list	req=0	pos=0	in=1	out=0	cnt=0..-1	def=	choices=	min=	max=	ds=	dsin=0	dsout=0	mx=	md=	deps=	hid=0/0/0	cat=Base	meta=	desc=Layer creation option
gdal raster pixel-info	overwrite			boolean	req=0	pos=0	in=1	out=0	cnt=0..1	def=false	choices=	min=	max=	ds=	dsin=0	dsout=0	mx=	md=	deps=	hid=0/0/0	cat=Base	meta=	desc=Whether overwriting existing output dataset is allowed
gdal raster pixel-info	output-string			string	req=0	pos=0	in=0	out=1	cnt=0..1	def=	choices=	min=	max=	ds=	dsin=0	dsout=0	mx=	md=	deps=	hid=0/1/0	cat=Base	meta=	desc=Output string, in which the result is placed
gdal raster pixel-info	band	b		integer_list	req=0	pos=0	in=1	out=0	cnt=0..-1	def=	choices=	min=	max=	ds=	dsin=0	dsout=0	mx=	md=	deps=	hid=0/0/0	cat=Base	meta=	desc=Input band(s) (1-based index)
gdal raster pixel-info	overview			integer	req=0	pos=0	in=1	out=0	cnt=0..1	def=	choices=	min=[0	max=	ds=	dsin=0	dsout=0	mx=	md=	deps=	hid=0/0/0	cat=Base	meta=	desc=Which overview level of source file must be used
gdal raster pixel-info	position	p	pos	real_list	req=0	pos=1	in=1	out=0	cnt=0..-1	def=	choices=	min=	max=	ds=	dsin=0	dsout=0	mx=position-dataset-pos	md=	deps=	hid=0/0/0	cat=Base	meta=	desc=Pixel position
gdal raster pixel-info	position-crs			string	req=0	pos=0	in=1	out=0	cnt=0..1	def=	choices=	min=	max=	ds=	dsin=0	dsout=0	mx=	md=	deps=	hid=0/0/0	cat=Base	meta=	desc=CRS of position (default is 'pixel' if 'position-dataset' not specified)
gdal raster pixel-info	resampling	r		string	req=0	pos=0	in=1	out=0	cnt=0..1	def=nearest	choices=nearest|bilinear|cubic|cubicspline	min=	max=	ds=	dsin=0	dsout=0	mx=	md=	deps=	hid=0/0/0	cat=Base	meta=	desc=Resampling algorithm for interpolation
gdal raster pixel-info	promote-pixel-value-to-z			boolean	req=0	pos=0	in=1	out=0	cnt=0..1	def=	choices=	min=	max=	ds=	dsin=0	dsout=0	mx=	md=	deps=	hid=0/0/0	cat=Base	meta=	desc=Whether to set the pixel value as Z component of GeoJSON geometry
gdal raster pixel-info	include-field			string_list	req=0	pos=0	in=1	out=0	cnt=0..-1	def=ALL	choices=	min=	max=	ds=	dsin=0	dsout=0	mx=	md=	deps=	hid=0/0/0	cat=Base	meta=	desc=Fields from coordinate dataset to include in output (special values: ALL and NONE)
gdal raster polygonize	help	h		boolean	req=0	pos=0	in=1	out=0	cnt=0..1	def=	choices=	min=	max=	ds=	dsin=0	dsout=0	mx=	md=	deps=	hid=0/0/1	cat=Common	meta=	desc=Display help message and exit
gdal raster polygonize	help-doc			boolean	req=0	pos=0	in=1	out=0	cnt=0..1	def=	choices=	min=	max=	ds=	dsin=0	dsout=0	mx=	md=	deps=	hid=1/1/1	cat=Base	meta=	desc=Display help message for use by documentation
gdal raster polygonize	json-usage			boolean	req=0	pos=0	in=1	out=0	cnt=0..1	def=	choices=	min=	max=	ds=	dsin=0	dsout=0	mx=	md=	deps=	hid=0/0/1	cat=Common	meta=	desc=Display usage as JSON document and exit
gdal raster polygonize	config			string_list	req=0	pos=0	in=1	out=0	cnt=0..-1	def=	choices=	min=	max=	ds=	dsin=0	dsout=0	mx=	md=	deps=	hid=0/0/1	cat=Common	meta=	desc=Configuration option
gdal raster polygonize	quiet	q		boolean	req=0	pos=0	in=1	out=0	cnt=0..1	def=	choices=	min=	max=	ds=	dsin=0	dsout=0	mx=	md=	deps=	hid=0/0/0	cat=Common	meta=	desc=Quiet mode (no progress bar or warning message)
gdal raster polygonize	progress			boolean	req=0	pos=0	in=1	out=0	cnt=0..1	def=	choices=	min=	max=	ds=	dsin=0	dsout=0	mx=	md=	deps=	hid=1/1/1	cat=Base	meta=	desc=Display progress bar
gdal raster polygonize	input-format		if	string_list	req=0	pos=0	in=1	out=0	cnt=0..-1	def=	choices=	min=	max=	ds=	dsin=0	dsout=0	mx=	md=	deps=	hid=0/0/0	cat=Advanced	meta=required_capabilities=DCAP_RASTER;	desc=Input formats
gdal raster polygonize	open-option		oo	string_list	req=0	pos=0	in=1	out=0	cnt=0..-1	def=	choices=	min=	max=	ds=	dsin=0	dsout=0	mx=	md=	deps=	hid=0/0/0	cat=Advanced	meta=	desc=Open options
gdal raster polygonize	input	i		dataset_list	req=1	pos=1	in=1	out=0	cnt=1..1	def=	choices=	min=	max=	ds=raster	dsin=3	dsout=2	mx=	md=	deps=	hid=0/0/0	cat=Base	meta=	desc=Input raster datasets
gdal raster polygonize	output-format	f	of|format	string	req=0	pos=0	in=1	out=0	cnt=0..1	def=	choices=	min=	max=	ds=	dsin=0	dsout=0	mx=	md=	deps=	hid=0/0/0	cat=Base	meta=required_capabilities=DCAP_VECTOR,DCAP_CREATE;	desc=Output format ("GDALG" allowed)
gdal raster polygonize	output-open-option		output-oo	string_list	req=0	pos=0	in=1	out=0	cnt=0..-1	def=	choices=	min=	max=	ds=	dsin=0	dsout=0	mx=	md=	deps=	hid=0/0/0	cat=Advanced	meta=	desc=Output open options
gdal raster polygonize	output	o		dataset	req=1	pos=1	in=1	out=1	cnt=0..1	def=	choices=	min=	max=	ds=vector	dsin=3	dsout=2	mx=	md=	deps=	hid=0/0/0	cat=Base	meta=	desc=Output vector dataset
gdal raster polygonize	creation-option		co	string_list	req=0	pos=0	in=1	out=0	cnt=0..-1	def=	choices=	min=	max=	ds=	dsin=0	dsout=0	mx=	md=	deps=	hid=0/0/0	cat=Base	meta=	desc=Creation option
gdal raster polygonize	layer-creation-option		lco	string_list	req=0	pos=0	in=1	out=0	cnt=0..-1	def=	choices=	min=	max=	ds=	dsin=0	dsout=0	mx=	md=	deps=	hid=0/0/0	cat=Base	meta=	desc=Layer creation option
gdal raster polygonize	overwrite			boolean	req=0	pos=0	in=1	out=0	cnt=0..1	def=false	choices=	min=	max=	ds=	dsin=0	dsout=0	mx=	md=	deps=	hid=0/0/0	cat=Base	meta=	desc=Whether overwriting existing output dataset is allowed
gdal raster polygonize	update			boolean	req=0	pos=0	in=1	out=0	cnt=0..1	def=false	choices=	min=	max=	ds=	dsin=0	dsout=0	mx=	md=	deps=	hid=0/0/0	cat=Base	meta=	desc=Whether to open existing dataset in update mode
gdal raster polygonize	overwrite-layer			boolean	req=0	pos=0	in=1	out=0	cnt=0..1	def=false	choices=	min=	max=	ds=	dsin=0	dsout=0	mx=	md=	deps=	hid=0/0/0	cat=Base	meta=	desc=Whether overwriting existing output layer is allowed
gdal raster polygonize	append			boolean	req=0	pos=0	in=1	out=0	cnt=0..1	def=false	choices=	min=	max=	ds=	dsin=0	dsout=0	mx=append-upsert	md=	deps=	hid=0/0/0	cat=Base	meta=	desc=Whether appending to existing layer is allowed
gdal raster polygonize	output-layer			string	req=0	pos=0	in=1	out=0	cnt=0..1	def=	choices=	min=	max=	ds=	dsin=0	dsout=0	mx=	md=	deps=	hid=0/0/0	cat=Base	meta=	desc=Output layer name
gdal raster polygonize	band	b		integer	req=0	pos=0	in=1	out=0	cnt=0..1	def=1	choices=	min=	max=	ds=	dsin=0	dsout=0	mx=	md=	deps=	hid=0/0/0	cat=Base	meta=	desc=Input band (1-based index)
gdal raster polygonize	attribute-name			string	req=0	pos=0	in=1	out=0	cnt=0..1	def=DN	choices=	min=	max=	ds=	dsin=0	dsout=0	mx=	md=	deps=	hid=0/0/0	cat=Base	meta=	desc=Name of the field with the pixel value
gdal raster polygonize	connect-diagonal-pixels	c		boolean	req=0	pos=0	in=1	out=0	cnt=0..1	def=false	choices=	min=	max=	ds=	dsin=0	dsout=0	mx=	md=	deps=	hid=0/0/0	cat=Base	meta=	desc=Consider diagonal pixels as connected
gdal raster polygonize	commit-interval			integer	req=0	pos=0	in=1	out=0	cnt=0..1	def=	choices=	min=	max=	ds=	dsin=0	dsout=0	mx=	md=	deps=	hid=1/1/1	cat=Base	meta=	desc=Commit interval
gdal raster proximity	help	h		boolean	req=0	pos=0	in=1	out=0	cnt=0..1	def=	choices=	min=	max=	ds=	dsin=0	dsout=0	mx=	md=	deps=	hid=0/0/1	cat=Common	meta=	desc=Display help message and exit
gdal raster proximity	help-doc			boolean	req=0	pos=0	in=1	out=0	cnt=0..1	def=	choices=	min=	max=	ds=	dsin=0	dsout=0	mx=	md=	deps=	hid=1/1/1	cat=Base	meta=	desc=Display help message for use by documentation
gdal raster proximity	json-usage			boolean	req=0	pos=0	in=1	out=0	cnt=0..1	def=	choices=	min=	max=	ds=	dsin=0	dsout=0	mx=	md=	deps=	hid=0/0/1	cat=Common	meta=	desc=Display usage as JSON document and exit
gdal raster proximity	config			string_list	req=0	pos=0	in=1	out=0	cnt=0..-1	def=	choices=	min=	max=	ds=	dsin=0	dsout=0	mx=	md=	deps=	hid=0/0/1	cat=Common	meta=	desc=Configuration option
gdal raster proximity	input-format		if	string_list	req=0	pos=0	in=1	out=0	cnt=0..-1	def=	choices=	min=	max=	ds=	dsin=0	dsout=0	mx=	md=	deps=	hid=0/0/0	cat=Advanced	meta=required_capabilities=DCAP_RASTER;	desc=Input formats
gdal raster proximity	open-option		oo	string_list	req=0	pos=0	in=1	out=0	cnt=0..-1	def=	choices=	min=	max=	ds=	dsin=0	dsout=0	mx=	md=	deps=	hid=0/0/0	cat=Advanced	meta=	desc=Open options
gdal raster proximity	input	i		dataset_list	req=1	pos=1	in=1	out=0	cnt=1..1	def=	choices=	min=	max=	ds=raster	dsin=3	dsout=2	mx=	md=	deps=	hid=0/0/0	cat=Base	meta=	desc=Input raster datasets
gdal raster proximity	quiet	q		boolean	req=0	pos=0	in=1	out=0	cnt=0..1	def=	choices=	min=	max=	ds=	dsin=0	dsout=0	mx=	md=	deps=	hid=0/0/0	cat=Common	meta=	desc=Quiet mode (no progress bar or warning message)
gdal raster proximity	progress			boolean	req=0	pos=0	in=1	out=0	cnt=0..1	def=	choices=	min=	max=	ds=	dsin=0	dsout=0	mx=	md=	deps=	hid=1/1/1	cat=Base	meta=	desc=Display progress bar
gdal raster proximity	output-format	f	of|format	string	req=0	pos=0	in=1	out=0	cnt=0..1	def=	choices=	min=	max=	ds=	dsin=0	dsout=0	mx=	md=	deps=	hid=0/0/0	cat=Base	meta=required_capabilities=DCAP_RASTER,DCAP_CREATECOPY;	desc=Output format ("GDALG" allowed)
gdal raster proximity	output	o		dataset	req=1	pos=1	in=1	out=1	cnt=0..1	def=	choices=	min=	max=	ds=raster	dsin=3	dsout=2	mx=	md=	deps=	hid=0/0/0	cat=Base	meta=	desc=Output raster dataset
gdal raster proximity	creation-option		co	string_list	req=0	pos=0	in=1	out=0	cnt=0..-1	def=	choices=	min=	max=	ds=	dsin=0	dsout=0	mx=	md=	deps=	hid=0/0/0	cat=Base	meta=	desc=Creation option
gdal raster proximity	overwrite			boolean	req=0	pos=0	in=1	out=0	cnt=0..1	def=false	choices=	min=	max=	ds=	dsin=0	dsout=0	mx=overwrite-append	md=	deps=	hid=0/0/0	cat=Base	meta=	desc=Whether overwriting existing output dataset is allowed
gdal raster proximity	append			boolean	req=0	pos=0	in=1	out=0	cnt=0..1	def=false	choices=	min=	max=	ds=	dsin=0	dsout=0	mx=overwrite-append	md=	deps=	hid=0/0/0	cat=Base	meta=	desc=Append as a subdataset to existing output
gdal raster proximity	output-data-type		ot|datatype	string	req=0	pos=0	in=1	out=0	cnt=0..1	def=Float32	choices=UInt8|Int8|UInt16|Int16|UInt32|Int32|UInt64|Int64|CInt16|CInt32|Float16|Float32|Float64|CFloat32|CFloat64|Byte|UInt16|Int16|UInt32|Int32|Float32|Float64	min=	max=	ds=	dsin=0	dsout=0	mx=	md=	deps=	hid=0/0/0	cat=Base	meta=type=GDALDataType;	desc=Output data type
gdal raster proximity	band	b		integer	req=0	pos=0	in=1	out=0	cnt=0..1	def=	choices=	min=	max=	ds=	dsin=0	dsout=0	mx=	md=	deps=	hid=0/0/0	cat=Base	meta=	desc=Input band (1-based index)
gdal raster proximity	target-values			real_list	req=0	pos=0	in=1	out=0	cnt=0..-1	def=	choices=	min=	max=	ds=	dsin=0	dsout=0	mx=	md=	deps=	hid=0/0/0	cat=Base	meta=	desc=Target pixel values
gdal raster proximity	distance-units			string	req=0	pos=0	in=1	out=0	cnt=0..1	def=pixel	choices=pixel|geo	min=	max=	ds=	dsin=0	dsout=0	mx=	md=	deps=	hid=0/0/0	cat=Base	meta=	desc=Distance units
gdal raster proximity	max-distance			real	req=0	pos=0	in=1	out=0	cnt=0..1	def=0	choices=	min=	max=	ds=	dsin=0	dsout=0	mx=	md=	deps=	hid=0/0/0	cat=Base	meta=	desc=Maximum distance. The nodata value will be used for pixels beyond this distance
gdal raster proximity	fixed-value			real	req=0	pos=0	in=1	out=0	cnt=0..1	def=0	choices=	min=[0	max=	ds=	dsin=0	dsout=0	mx=	md=	deps=	hid=0/0/0	cat=Base	meta=	desc=Fixed value for the pixels that are within the maximum distance (instead of the actual distance)
gdal raster proximity	nodata			real	req=0	pos=0	in=1	out=0	cnt=0..1	def=	choices=	min=	max=	ds=	dsin=0	dsout=0	mx=	md=	deps=	hid=0/0/0	cat=Base	meta=	desc=Specify a nodata value to use for pixels that are beyond the maximum distance
gdal raster reclassify	help	h		boolean	req=0	pos=0	in=1	out=0	cnt=0..1	def=	choices=	min=	max=	ds=	dsin=0	dsout=0	mx=	md=	deps=	hid=0/0/1	cat=Common	meta=	desc=Display help message and exit
gdal raster reclassify	help-doc			boolean	req=0	pos=0	in=1	out=0	cnt=0..1	def=	choices=	min=	max=	ds=	dsin=0	dsout=0	mx=	md=	deps=	hid=1/1/1	cat=Base	meta=	desc=Display help message for use by documentation
gdal raster reclassify	json-usage			boolean	req=0	pos=0	in=1	out=0	cnt=0..1	def=	choices=	min=	max=	ds=	dsin=0	dsout=0	mx=	md=	deps=	hid=0/0/1	cat=Common	meta=	desc=Display usage as JSON document and exit
gdal raster reclassify	config			string_list	req=0	pos=0	in=1	out=0	cnt=0..-1	def=	choices=	min=	max=	ds=	dsin=0	dsout=0	mx=	md=	deps=	hid=0/0/1	cat=Common	meta=	desc=Configuration option
gdal raster reclassify	input-format		if	string_list	req=0	pos=0	in=1	out=0	cnt=0..-1	def=	choices=	min=	max=	ds=	dsin=0	dsout=0	mx=	md=	deps=	hid=0/0/0	cat=Advanced	meta=required_capabilities=DCAP_RASTER;	desc=Input formats
gdal raster reclassify	open-option		oo	string_list	req=0	pos=0	in=1	out=0	cnt=0..-1	def=	choices=	min=	max=	ds=	dsin=0	dsout=0	mx=	md=	deps=	hid=0/0/0	cat=Advanced	meta=	desc=Open options
gdal raster reclassify	input	i		dataset_list	req=1	pos=1	in=1	out=0	cnt=1..1	def=	choices=	min=	max=	ds=raster	dsin=3	dsout=2	mx=	md=	deps=	hid=0/0/0	cat=Base	meta=	desc=Input raster datasets
gdal raster reclassify	quiet	q		boolean	req=0	pos=0	in=1	out=0	cnt=0..1	def=	choices=	min=	max=	ds=	dsin=0	dsout=0	mx=	md=	deps=	hid=0/0/0	cat=Common	meta=	desc=Quiet mode (no progress bar or warning message)
gdal raster reclassify	progress			boolean	req=0	pos=0	in=1	out=0	cnt=0..1	def=	choices=	min=	max=	ds=	dsin=0	dsout=0	mx=	md=	deps=	hid=1/1/1	cat=Base	meta=	desc=Display progress bar
gdal raster reclassify	output-format	f	of|format	string	req=0	pos=0	in=1	out=0	cnt=0..1	def=	choices=	min=	max=	ds=	dsin=0	dsout=0	mx=	md=	deps=	hid=0/0/0	cat=Base	meta=required_capabilities=DCAP_RASTER,DCAP_CREATECOPY;	desc=Output format ("GDALG" allowed)
gdal raster reclassify	output	o		dataset	req=1	pos=1	in=1	out=1	cnt=0..1	def=	choices=	min=	max=	ds=raster	dsin=3	dsout=2	mx=	md=	deps=	hid=0/0/0	cat=Base	meta=	desc=Output raster dataset
gdal raster reclassify	creation-option		co	string_list	req=0	pos=0	in=1	out=0	cnt=0..-1	def=	choices=	min=	max=	ds=	dsin=0	dsout=0	mx=	md=	deps=	hid=0/0/0	cat=Base	meta=	desc=Creation option
gdal raster reclassify	overwrite			boolean	req=0	pos=0	in=1	out=0	cnt=0..1	def=false	choices=	min=	max=	ds=	dsin=0	dsout=0	mx=overwrite-append	md=	deps=	hid=0/0/0	cat=Base	meta=	desc=Whether overwriting existing output dataset is allowed
gdal raster reclassify	append			boolean	req=0	pos=0	in=1	out=0	cnt=0..1	def=false	choices=	min=	max=	ds=	dsin=0	dsout=0	mx=overwrite-append	md=	deps=	hid=0/0/0	cat=Base	meta=	desc=Append as a subdataset to existing output
gdal raster reclassify	mapping	m		string	req=1	pos=0	in=1	out=0	cnt=0..1	def=	choices=	min=	max=	ds=	dsin=0	dsout=0	mx=	md=	deps=	hid=0/0/0	cat=Base	meta=	desc=Reclassification mappings (or specify a @<filename> to point to a file containing mappings
gdal raster reclassify	output-data-type		ot|datatype	string	req=0	pos=0	in=1	out=0	cnt=0..1	def=	choices=UInt8|Int8|UInt16|Int16|UInt32|Int32|UInt64|Int64|CInt16|CInt32|Float16|Float32|Float64|CFloat32|CFloat64	min=	max=	ds=	dsin=0	dsout=0	mx=	md=	deps=	hid=0/0/0	cat=Base	meta=type=GDALDataType;	desc=Output data type
gdal raster reproject	help	h		boolean	req=0	pos=0	in=1	out=0	cnt=0..1	def=	choices=	min=	max=	ds=	dsin=0	dsout=0	mx=	md=	deps=	hid=0/0/1	cat=Common	meta=	desc=Display help message and exit
gdal raster reproject	help-doc			boolean	req=0	pos=0	in=1	out=0	cnt=0..1	def=	choices=	min=	max=	ds=	dsin=0	dsout=0	mx=	md=	deps=	hid=1/1/1	cat=Base	meta=	desc=Display help message for use by documentation
gdal raster reproject	json-usage			boolean	req=0	pos=0	in=1	out=0	cnt=0..1	def=	choices=	min=	max=	ds=	dsin=0	dsout=0	mx=	md=	deps=	hid=0/0/1	cat=Common	meta=	desc=Display usage as JSON document and exit
gdal raster reproject	config			string_list	req=0	pos=0	in=1	out=0	cnt=0..-1	def=	choices=	min=	max=	ds=	dsin=0	dsout=0	mx=	md=	deps=	hid=0/0/1	cat=Common	meta=	desc=Configuration option
gdal raster reproject	input-format		if	string_list	req=0	pos=0	in=1	out=0	cnt=0..-1	def=	choices=	min=	max=	ds=	dsin=0	dsout=0	mx=	md=	deps=	hid=0/0/0	cat=Advanced	meta=required_capabilities=DCAP_RASTER;	desc=Input formats
gdal raster reproject	open-option		oo	string_list	req=0	pos=0	in=1	out=0	cnt=0..-1	def=	choices=	min=	max=	ds=	dsin=0	dsout=0	mx=	md=	deps=	hid=0/0/0	cat=Advanced	meta=	desc=Open options
gdal raster reproject	input	i		dataset_list	req=1	pos=1	in=1	out=0	cnt=1..1	def=	choices=	min=	max=	ds=raster	dsin=3	dsout=2	mx=	md=	deps=	hid=0/0/0	cat=Base	meta=	desc=Input raster datasets
gdal raster reproject	quiet	q		boolean	req=0	pos=0	in=1	out=0	cnt=0..1	def=	choices=	min=	max=	ds=	dsin=0	dsout=0	mx=	md=	deps=	hid=0/0/0	cat=Common	meta=	desc=Quiet mode (no progress bar or warning message)
gdal raster reproject	progress			boolean	req=0	pos=0	in=1	out=0	cnt=0..1	def=	choices=	min=	max=	ds=	dsin=0	dsout=0	mx=	md=	deps=	hid=1/1/1	cat=Base	meta=	desc=Display progress bar
gdal raster reproject	output-format	f	of|format	string	req=0	pos=0	in=1	out=0	cnt=0..1	def=	choices=	min=	max=	ds=	dsin=0	dsout=0	mx=	md=	deps=	hid=0/0/0	cat=Base	meta=required_capabilities=DCAP_RASTER,DCAP_CREATECOPY;	desc=Output format ("GDALG" allowed)
gdal raster reproject	output	o		dataset	req=1	pos=1	in=1	out=1	cnt=0..1	def=	choices=	min=	max=	ds=raster	dsin=3	dsout=2	mx=	md=	deps=	hid=0/0/0	cat=Base	meta=	desc=Output raster dataset
gdal raster reproject	creation-option		co	string_list	req=0	pos=0	in=1	out=0	cnt=0..-1	def=	choices=	min=	max=	ds=	dsin=0	dsout=0	mx=	md=	deps=	hid=0/0/0	cat=Base	meta=	desc=Creation option
gdal raster reproject	overwrite			boolean	req=0	pos=0	in=1	out=0	cnt=0..1	def=false	choices=	min=	max=	ds=	dsin=0	dsout=0	mx=overwrite-append	md=	deps=	hid=0/0/0	cat=Base	meta=	desc=Whether overwriting existing output dataset is allowed
gdal raster reproject	append			boolean	req=0	pos=0	in=1	out=0	cnt=0..1	def=false	choices=	min=	max=	ds=	dsin=0	dsout=0	mx=overwrite-append	md=	deps=	hid=0/0/0	cat=Base	meta=	desc=Append as a subdataset to existing output
gdal raster reproject	input-crs	s		string	req=0	pos=0	in=1	out=0	cnt=0..1	def=	choices=	min=	max=	ds=	dsin=0	dsout=0	mx=	md=	deps=	hid=0/0/0	cat=Base	meta=	desc=Input CRS
gdal raster reproject	like			dataset	req=0	pos=0	in=1	out=0	cnt=0..1	def=	choices=	min=	max=	ds=raster	dsin=3	dsout=2	mx=	md=	deps=	hid=0/0/0	cat=Base	meta=	desc=Dataset to use as a template for target bounds, CRS, size and nodata
gdal raster reproject	output-crs	d		string	req=0	pos=0	in=1	out=0	cnt=0..1	def=	choices=	min=	max=	ds=	dsin=0	dsout=0	mx=	md=	deps=	hid=0/0/0	cat=Base	meta=	desc=Output CRS
gdal raster reproject	resampling	r		string	req=0	pos=0	in=1	out=0	cnt=0..1	def=nearest	choices=nearest|bilinear|cubic|cubicspline|lanczos|average|rms|mode|min|max|med|q1|q3|sum	min=	max=	ds=	dsin=0	dsout=0	mx=	md=	deps=	hid=0/0/0	cat=Base	meta=	desc=Resampling method
gdal raster reproject	resolution			real_list	req=0	pos=0	in=1	out=0	cnt=2..2	def=	choices=	min=(0	max=	ds=	dsin=0	dsout=0	mx=resolution-size	md=	deps=	hid=0/0/0	cat=Base	meta=	desc=Target resolution (in destination CRS units)
gdal raster reproject	size			integer_list	req=0	pos=0	in=1	out=0	cnt=2..2	def=	choices=	min=[0	max=	ds=	dsin=0	dsout=0	mx=resolution-size	md=	deps=	hid=0/0/0	cat=Base	meta=	desc=Target size in pixels
gdal raster reproject	bbox			real_list	req=0	pos=0	in=1	out=0	cnt=4..4	def=	choices=	min=	max=	ds=	dsin=0	dsout=0	mx=	md=	deps=	hid=0/0/0	cat=Base	meta=	desc=Target bounding box (in destination CRS units)
gdal raster reproject	bbox-crs			string	req=0	pos=0	in=1	out=0	cnt=0..1	def=	choices=	min=	max=	ds=	dsin=0	dsout=0	mx=	md=	deps=	hid=0/0/0	cat=Base	meta=	desc=CRS of target bounding box
gdal raster reproject	target-aligned-pixels			boolean	req=0	pos=0	in=1	out=0	cnt=0..1	def=	choices=	min=	max=	ds=	dsin=0	dsout=0	mx=	md=	deps=	hid=0/0/0	cat=Advanced	meta=	desc=Round target extent to target resolution
gdal raster reproject	input-nodata			string_list	req=0	pos=0	in=1	out=0	cnt=1..-1	def=	choices=	min=	max=	ds=	dsin=0	dsout=0	mx=	md=	deps=	hid=0/0/0	cat=Advanced	meta=	desc=Set nodata values for input bands ('None' to unset).
gdal raster reproject	output-nodata			string_list	req=0	pos=0	in=1	out=0	cnt=1..-1	def=	choices=	min=	max=	ds=	dsin=0	dsout=0	mx=	md=	deps=	hid=0/0/0	cat=Advanced	meta=	desc=Set nodata values for output bands ('None' to unset).
gdal raster reproject	add-alpha			boolean	req=0	pos=0	in=1	out=0	cnt=0..1	def=	choices=	min=	max=	ds=	dsin=0	dsout=0	mx=	md=	deps=	hid=0/0/0	cat=Advanced	meta=	desc=Adds an alpha mask band to the destination when the source raster have none.
gdal raster reproject	warp-option		wo	string_list	req=0	pos=0	in=1	out=0	cnt=0..-1	def=	choices=	min=	max=	ds=	dsin=0	dsout=0	mx=	md=	deps=	hid=0/0/0	cat=Advanced	meta=	desc=Warping option(s)
gdal raster reproject	transform-option		to	string_list	req=0	pos=0	in=1	out=0	cnt=0..-1	def=	choices=	min=	max=	ds=	dsin=0	dsout=0	mx=	md=	deps=	hid=0/0/0	cat=Advanced	meta=	desc=Transform option(s)
gdal raster reproject	error-threshold		et	real	req=0	pos=0	in=1	out=0	cnt=0..1	def=	choices=	min=[0	max=	ds=	dsin=0	dsout=0	mx=	md=	deps=	hid=0/0/0	cat=Advanced	meta=	desc=Error threshold
gdal raster reproject	num-threads	j		string	req=0	pos=0	in=1	out=0	cnt=0..1	def=ALL_CPUS	choices=	min=	max=	ds=	dsin=0	dsout=0	mx=	md=	deps=	hid=0/0/0	cat=Base	meta=	desc=Number of jobs (or ALL_CPUS)
gdal raster reproject	num-threads-int-hidden			integer	req=0	pos=0	in=1	out=0	cnt=0..1	def=	choices=	min=	max=	ds=	dsin=0	dsout=0	mx=	md=	deps=	hid=1/1/1	cat=Base	meta=	desc=Number of jobs (read-only, hidden argument)
gdal raster resize	help	h		boolean	req=0	pos=0	in=1	out=0	cnt=0..1	def=	choices=	min=	max=	ds=	dsin=0	dsout=0	mx=	md=	deps=	hid=0/0/1	cat=Common	meta=	desc=Display help message and exit
gdal raster resize	help-doc			boolean	req=0	pos=0	in=1	out=0	cnt=0..1	def=	choices=	min=	max=	ds=	dsin=0	dsout=0	mx=	md=	deps=	hid=1/1/1	cat=Base	meta=	desc=Display help message for use by documentation
gdal raster resize	json-usage			boolean	req=0	pos=0	in=1	out=0	cnt=0..1	def=	choices=	min=	max=	ds=	dsin=0	dsout=0	mx=	md=	deps=	hid=0/0/1	cat=Common	meta=	desc=Display usage as JSON document and exit
gdal raster resize	config			string_list	req=0	pos=0	in=1	out=0	cnt=0..-1	def=	choices=	min=	max=	ds=	dsin=0	dsout=0	mx=	md=	deps=	hid=0/0/1	cat=Common	meta=	desc=Configuration option
gdal raster resize	input-format		if	string_list	req=0	pos=0	in=1	out=0	cnt=0..-1	def=	choices=	min=	max=	ds=	dsin=0	dsout=0	mx=	md=	deps=	hid=0/0/0	cat=Advanced	meta=required_capabilities=DCAP_RASTER;	desc=Input formats
gdal raster resize	open-option		oo	string_list	req=0	pos=0	in=1	out=0	cnt=0..-1	def=	choices=	min=	max=	ds=	dsin=0	dsout=0	mx=	md=	deps=	hid=0/0/0	cat=Advanced	meta=	desc=Open options
gdal raster resize	input	i		dataset_list	req=1	pos=1	in=1	out=0	cnt=1..1	def=	choices=	min=	max=	ds=raster	dsin=3	dsout=2	mx=	md=	deps=	hid=0/0/0	cat=Base	meta=	desc=Input raster datasets
gdal raster resize	quiet	q		boolean	req=0	pos=0	in=1	out=0	cnt=0..1	def=	choices=	min=	max=	ds=	dsin=0	dsout=0	mx=	md=	deps=	hid=0/0/0	cat=Common	meta=	desc=Quiet mode (no progress bar or warning message)
gdal raster resize	progress			boolean	req=0	pos=0	in=1	out=0	cnt=0..1	def=	choices=	min=	max=	ds=	dsin=0	dsout=0	mx=	md=	deps=	hid=1/1/1	cat=Base	meta=	desc=Display progress bar
gdal raster resize	output-format	f	of|format	string	req=0	pos=0	in=1	out=0	cnt=0..1	def=	choices=	min=	max=	ds=	dsin=0	dsout=0	mx=	md=	deps=	hid=0/0/0	cat=Base	meta=required_capabilities=DCAP_RASTER,DCAP_CREATECOPY;	desc=Output format ("GDALG" allowed)
gdal raster resize	output	o		dataset	req=1	pos=1	in=1	out=1	cnt=0..1	def=	choices=	min=	max=	ds=raster	dsin=3	dsout=2	mx=	md=	deps=	hid=0/0/0	cat=Base	meta=	desc=Output raster dataset
gdal raster resize	creation-option		co	string_list	req=0	pos=0	in=1	out=0	cnt=0..-1	def=	choices=	min=	max=	ds=	dsin=0	dsout=0	mx=	md=	deps=	hid=0/0/0	cat=Base	meta=	desc=Creation option
gdal raster resize	overwrite			boolean	req=0	pos=0	in=1	out=0	cnt=0..1	def=false	choices=	min=	max=	ds=	dsin=0	dsout=0	mx=overwrite-append	md=	deps=	hid=0/0/0	cat=Base	meta=	desc=Whether overwriting existing output dataset is allowed
gdal raster resize	append			boolean	req=0	pos=0	in=1	out=0	cnt=0..1	def=false	choices=	min=	max=	ds=	dsin=0	dsout=0	mx=overwrite-append	md=	deps=	hid=0/0/0	cat=Base	meta=	desc=Append as a subdataset to existing output
gdal raster resize	resolution			real_list	req=0	pos=0	in=1	out=0	cnt=2..2	def=	choices=	min=(0	max=	ds=	dsin=0	dsout=0	mx=resolution-size	md=	deps=	hid=0/0/0	cat=Base	meta=	desc=Target resolution (in destination CRS units)
gdal raster resize	size			string_list	req=1	pos=0	in=1	out=0	cnt=2..2	def=	choices=	min=[0	max=	ds=	dsin=0	dsout=0	mx=resolution-size	md=	deps=	hid=0/0/0	cat=Base	meta=	desc=Target size in pixels (or percentage if using '%' suffix)
gdal raster resize	resampling	r		string	req=0	pos=0	in=1	out=0	cnt=0..1	def=nearest	choices=nearest|bilinear|cubic|cubicspline|lanczos|average|mode	min=	max=	ds=	dsin=0	dsout=0	mx=	md=	deps=	hid=0/0/0	cat=Base	meta=	desc=Resampling method
gdal raster rgb-to-palette	help	h		boolean	req=0	pos=0	in=1	out=0	cnt=0..1	def=	choices=	min=	max=	ds=	dsin=0	dsout=0	mx=	md=	deps=	hid=0/0/1	cat=Common	meta=	desc=Display help message and exit
gdal raster rgb-to-palette	help-doc			boolean	req=0	pos=0	in=1	out=0	cnt=0..1	def=	choices=	min=	max=	ds=	dsin=0	dsout=0	mx=	md=	deps=	hid=1/1/1	cat=Base	meta=	desc=Display help message for use by documentation
gdal raster rgb-to-palette	json-usage			boolean	req=0	pos=0	in=1	out=0	cnt=0..1	def=	choices=	min=	max=	ds=	dsin=0	dsout=0	mx=	md=	deps=	hid=0/0/1	cat=Common	meta=	desc=Display usage as JSON document and exit
gdal raster rgb-to-palette	config			string_list	req=0	pos=0	in=1	out=0	cnt=0..-1	def=	choices=	min=	max=	ds=	dsin=0	dsout=0	mx=	md=	deps=	hid=0/0/1	cat=Common	meta=	desc=Configuration option
gdal raster rgb-to-palette	input-format		if	string_list	req=0	pos=0	in=1	out=0	cnt=0..-1	def=	choices=	min=	max=	ds=	dsin=0	dsout=0	mx=	md=	deps=	hid=0/0/0	cat=Advanced	meta=required_capabilities=DCAP_RASTER;	desc=Input formats
gdal raster rgb-to-palette	open-option		oo	string_list	req=0	pos=0	in=1	out=0	cnt=0..-1	def=	choices=	min=	max=	ds=	dsin=0	dsout=0	mx=	md=	deps=	hid=0/0/0	cat=Advanced	meta=	desc=Open options
gdal raster rgb-to-palette	input	i		dataset_list	req=1	pos=1	in=1	out=0	cnt=1..1	def=	choices=	min=	max=	ds=raster	dsin=3	dsout=2	mx=	md=	deps=	hid=0/0/0	cat=Base	meta=	desc=Input raster datasets
gdal raster rgb-to-palette	quiet	q		boolean	req=0	pos=0	in=1	out=0	cnt=0..1	def=	choices=	min=	max=	ds=	dsin=0	dsout=0	mx=	md=	deps=	hid=0/0/0	cat=Common	meta=	desc=Quiet mode (no progress bar or warning message)
gdal raster rgb-to-palette	progress			boolean	req=0	pos=0	in=1	out=0	cnt=0..1	def=	choices=	min=	max=	ds=	dsin=0	dsout=0	mx=	md=	deps=	hid=1/1/1	cat=Base	meta=	desc=Display progress bar
gdal raster rgb-to-palette	output-format	f	of|format	string	req=0	pos=0	in=1	out=0	cnt=0..1	def=	choices=	min=	max=	ds=	dsin=0	dsout=0	mx=	md=	deps=	hid=0/0/0	cat=Base	meta=required_capabilities=DCAP_RASTER,DCAP_CREATECOPY;	desc=Output format ("GDALG" allowed)
gdal raster rgb-to-palette	output	o		dataset	req=1	pos=1	in=1	out=1	cnt=0..1	def=	choices=	min=	max=	ds=raster	dsin=3	dsout=2	mx=	md=	deps=	hid=0/0/0	cat=Base	meta=	desc=Output raster dataset
gdal raster rgb-to-palette	creation-option		co	string_list	req=0	pos=0	in=1	out=0	cnt=0..-1	def=	choices=	min=	max=	ds=	dsin=0	dsout=0	mx=	md=	deps=	hid=0/0/0	cat=Base	meta=	desc=Creation option
gdal raster rgb-to-palette	overwrite			boolean	req=0	pos=0	in=1	out=0	cnt=0..1	def=false	choices=	min=	max=	ds=	dsin=0	dsout=0	mx=overwrite-append	md=	deps=	hid=0/0/0	cat=Base	meta=	desc=Whether overwriting existing output dataset is allowed
gdal raster rgb-to-palette	append			boolean	req=0	pos=0	in=1	out=0	cnt=0..1	def=false	choices=	min=	max=	ds=	dsin=0	dsout=0	mx=overwrite-append	md=	deps=	hid=0/0/0	cat=Base	meta=	desc=Append as a subdataset to existing output
gdal raster rgb-to-palette	color-count			integer	req=0	pos=0	in=1	out=0	cnt=0..1	def=256	choices=	min=[2	max=256]	ds=	dsin=0	dsout=0	mx=	md=	deps=	hid=0/0/0	cat=Base	meta=	desc=Select the number of colors in the generated color table
gdal raster rgb-to-palette	color-map			string	req=0	pos=0	in=1	out=0	cnt=0..1	def=	choices=	min=	max=	ds=	dsin=0	dsout=0	mx=	md=	deps=	hid=0/0/0	cat=Base	meta=	desc=Color map filename
gdal raster rgb-to-palette	output-nodata			integer	req=0	pos=0	in=1	out=0	cnt=0..1	def=	choices=	min=[0	max=255]	ds=	dsin=0	dsout=0	mx=	md=	deps=	hid=0/0/0	cat=Base	meta=	desc=Output nodata value
gdal raster rgb-to-palette	no-dither			boolean	req=0	pos=0	in=1	out=0	cnt=0..1	def=	choices=	min=	max=	ds=	dsin=0	dsout=0	mx=	md=	deps=	hid=0/0/0	cat=Base	meta=	desc=Disable Floyd-Steinberg dithering
gdal raster rgb-to-palette	bit-depth			integer	req=0	pos=0	in=1	out=0	cnt=0..1	def=5	choices=5|8	min=	max=	ds=	dsin=0	dsout=0	mx=	md=	deps=	hid=0/0/0	cat=Base	meta=	desc=Bit depth of color palette component (8 bit causes longer computation time)
gdal raster roughness	help	h		boolean	req=0	pos=0	in=1	out=0	cnt=0..1	def=	choices=	min=	max=	ds=	dsin=0	dsout=0	mx=	md=	deps=	hid=0/0/1	cat=Common	meta=	desc=Display help message and exit
gdal raster roughness	help-doc			boolean	req=0	pos=0	in=1	out=0	cnt=0..1	def=	choices=	min=	max=	ds=	dsin=0	dsout=0	mx=	md=	deps=	hid=1/1/1	cat=Base	meta=	desc=Display help message for use by documentation
gdal raster roughness	json-usage			boolean	req=0	pos=0	in=1	out=0	cnt=0..1	def=	choices=	min=	max=	ds=	dsin=0	dsout=0	mx=	md=	deps=	hid=0/0/1	cat=Common	meta=	desc=Display usage as JSON document and exit
gdal raster roughness	config			string_list	req=0	pos=0	in=1	out=0	cnt=0..-1	def=	choices=	min=	max=	ds=	dsin=0	dsout=0	mx=	md=	deps=	hid=0/0/1	cat=Common	meta=	desc=Configuration option
gdal raster roughness	input-format		if	string_list	req=0	pos=0	in=1	out=0	cnt=0..-1	def=	choices=	min=	max=	ds=	dsin=0	dsout=0	mx=	md=	deps=	hid=0/0/0	cat=Advanced	meta=required_capabilities=DCAP_RASTER;	desc=Input formats
gdal raster roughness	open-option		oo	string_list	req=0	pos=0	in=1	out=0	cnt=0..-1	def=	choices=	min=	max=	ds=	dsin=0	dsout=0	mx=	md=	deps=	hid=0/0/0	cat=Advanced	meta=	desc=Open options
gdal raster roughness	input	i		dataset_list	req=1	pos=1	in=1	out=0	cnt=1..1	def=	choices=	min=	max=	ds=raster	dsin=3	dsout=2	mx=	md=	deps=	hid=0/0/0	cat=Base	meta=	desc=Input raster datasets
gdal raster roughness	quiet	q		boolean	req=0	pos=0	in=1	out=0	cnt=0..1	def=	choices=	min=	max=	ds=	dsin=0	dsout=0	mx=	md=	deps=	hid=0/0/0	cat=Common	meta=	desc=Quiet mode (no progress bar or warning message)
gdal raster roughness	progress			boolean	req=0	pos=0	in=1	out=0	cnt=0..1	def=	choices=	min=	max=	ds=	dsin=0	dsout=0	mx=	md=	deps=	hid=1/1/1	cat=Base	meta=	desc=Display progress bar
gdal raster roughness	output-format	f	of|format	string	req=0	pos=0	in=1	out=0	cnt=0..1	def=	choices=	min=	max=	ds=	dsin=0	dsout=0	mx=	md=	deps=	hid=0/0/0	cat=Base	meta=required_capabilities=DCAP_RASTER,DCAP_CREATECOPY;vrt_compatible=false;	desc=Output format ("GDALG" allowed)
gdal raster roughness	output	o		dataset	req=1	pos=1	in=1	out=1	cnt=0..1	def=	choices=	min=	max=	ds=raster	dsin=3	dsout=2	mx=	md=	deps=	hid=0/0/0	cat=Base	meta=	desc=Output raster dataset
gdal raster roughness	creation-option		co	string_list	req=0	pos=0	in=1	out=0	cnt=0..-1	def=	choices=	min=	max=	ds=	dsin=0	dsout=0	mx=	md=	deps=	hid=0/0/0	cat=Base	meta=	desc=Creation option
gdal raster roughness	overwrite			boolean	req=0	pos=0	in=1	out=0	cnt=0..1	def=false	choices=	min=	max=	ds=	dsin=0	dsout=0	mx=overwrite-append	md=	deps=	hid=0/0/0	cat=Base	meta=	desc=Whether overwriting existing output dataset is allowed
gdal raster roughness	append			boolean	req=0	pos=0	in=1	out=0	cnt=0..1	def=false	choices=	min=	max=	ds=	dsin=0	dsout=0	mx=overwrite-append	md=	deps=	hid=0/0/0	cat=Base	meta=	desc=Append as a subdataset to existing output
gdal raster roughness	band	b		integer	req=0	pos=0	in=1	out=0	cnt=0..1	def=1	choices=	min=	max=	ds=	dsin=0	dsout=0	mx=	md=	deps=	hid=0/0/0	cat=Base	meta=	desc=Input band (1-based index)
gdal raster roughness	no-edges			boolean	req=0	pos=0	in=1	out=0	cnt=0..1	def=	choices=	min=	max=	ds=	dsin=0	dsout=0	mx=	md=	deps=	hid=0/0/0	cat=Base	meta=	desc=Do not try to interpolate values at dataset edges or close to nodata values
gdal raster scale	help	h		boolean	req=0	pos=0	in=1	out=0	cnt=0..1	def=	choices=	min=	max=	ds=	dsin=0	dsout=0	mx=	md=	deps=	hid=0/0/1	cat=Common	meta=	desc=Display help message and exit
gdal raster scale	help-doc			boolean	req=0	pos=0	in=1	out=0	cnt=0..1	def=	choices=	min=	max=	ds=	dsin=0	dsout=0	mx=	md=	deps=	hid=1/1/1	cat=Base	meta=	desc=Display help message for use by documentation
gdal raster scale	json-usage			boolean	req=0	pos=0	in=1	out=0	cnt=0..1	def=	choices=	min=	max=	ds=	dsin=0	dsout=0	mx=	md=	deps=	hid=0/0/1	cat=Common	meta=	desc=Display usage as JSON document and exit
gdal raster scale	config			string_list	req=0	pos=0	in=1	out=0	cnt=0..-1	def=	choices=	min=	max=	ds=	dsin=0	dsout=0	mx=	md=	deps=	hid=0/0/1	cat=Common	meta=	desc=Configuration option
gdal raster scale	input-format		if	string_list	req=0	pos=0	in=1	out=0	cnt=0..-1	def=	choices=	min=	max=	ds=	dsin=0	dsout=0	mx=	md=	deps=	hid=0/0/0	cat=Advanced	meta=required_capabilities=DCAP_RASTER;	desc=Input formats
gdal raster scale	open-option		oo	string_list	req=0	pos=0	in=1	out=0	cnt=0..-1	def=	choices=	min=	max=	ds=	dsin=0	dsout=0	mx=	md=	deps=	hid=0/0/0	cat=Advanced	meta=	desc=Open options
gdal raster scale	input	i		dataset_list	req=1	pos=1	in=1	out=0	cnt=1..1	def=	choices=	min=	max=	ds=raster	dsin=3	dsout=2	mx=	md=	deps=	hid=0/0/0	cat=Base	meta=	desc=Input raster datasets
gdal raster scale	quiet	q		boolean	req=0	pos=0	in=1	out=0	cnt=0..1	def=	choices=	min=	max=	ds=	dsin=0	dsout=0	mx=	md=	deps=	hid=0/0/0	cat=Common	meta=	desc=Quiet mode (no progress bar or warning message)
gdal raster scale	progress			boolean	req=0	pos=0	in=1	out=0	cnt=0..1	def=	choices=	min=	max=	ds=	dsin=0	dsout=0	mx=	md=	deps=	hid=1/1/1	cat=Base	meta=	desc=Display progress bar
gdal raster scale	output-format	f	of|format	string	req=0	pos=0	in=1	out=0	cnt=0..1	def=	choices=	min=	max=	ds=	dsin=0	dsout=0	mx=	md=	deps=	hid=0/0/0	cat=Base	meta=required_capabilities=DCAP_RASTER,DCAP_CREATECOPY;	desc=Output format ("GDALG" allowed)
gdal raster scale	output	o		dataset	req=1	pos=1	in=1	out=1	cnt=0..1	def=	choices=	min=	max=	ds=raster	dsin=3	dsout=2	mx=	md=	deps=	hid=0/0/0	cat=Base	meta=	desc=Output raster dataset
gdal raster scale	creation-option		co	string_list	req=0	pos=0	in=1	out=0	cnt=0..-1	def=	choices=	min=	max=	ds=	dsin=0	dsout=0	mx=	md=	deps=	hid=0/0/0	cat=Base	meta=	desc=Creation option
gdal raster scale	overwrite			boolean	req=0	pos=0	in=1	out=0	cnt=0..1	def=false	choices=	min=	max=	ds=	dsin=0	dsout=0	mx=overwrite-append	md=	deps=	hid=0/0/0	cat=Base	meta=	desc=Whether overwriting existing output dataset is allowed
gdal raster scale	append			boolean	req=0	pos=0	in=1	out=0	cnt=0..1	def=false	choices=	min=	max=	ds=	dsin=0	dsout=0	mx=overwrite-append	md=	deps=	hid=0/0/0	cat=Base	meta=	desc=Append as a subdataset to existing output
gdal raster scale	output-data-type		ot|datatype	string	req=0	pos=0	in=1	out=0	cnt=0..1	def=	choices=UInt8|Int8|UInt16|Int16|UInt32|Int32|UInt64|Int64|CInt16|CInt32|Float16|Float32|Float64|CFloat32|CFloat64	min=	max=	ds=	dsin=0	dsout=0	mx=	md=	deps=	hid=0/0/0	cat=Base	meta=type=GDALDataType;	desc=Output data type
gdal raster scale	band	b		integer	req=0	pos=0	in=1	out=0	cnt=0..1	def=	choices=	min=	max=	ds=	dsin=0	dsout=0	mx=	md=	deps=	hid=0/0/0	cat=Base	meta=	desc=Select band to restrict the scaling (1-based index)
gdal raster scale	input-min			real	req=0	pos=0	in=1	out=0	cnt=0..1	def=	choices=	min=	max=	ds=	dsin=0	dsout=0	mx=	md=input-max-min	deps=	hid=0/0/0	cat=Base	meta=	desc=Minimum value of the source range
gdal raster scale	input-max			real	req=0	pos=0	in=1	out=0	cnt=0..1	def=	choices=	min=	max=	ds=	dsin=0	dsout=0	mx=	md=input-max-min	deps=	hid=0/0/0	cat=Base	meta=	desc=Maximum value of the source range
gdal raster scale	output-min			real	req=0	pos=0	in=1	out=0	cnt=0..1	def=	choices=	min=	max=	ds=	dsin=0	dsout=0	mx=	md=output-max-min	deps=	hid=0/0/0	cat=Base	meta=	desc=Minimum value of the destination range
gdal raster scale	output-max			real	req=0	pos=0	in=1	out=0	cnt=0..1	def=	choices=	min=	max=	ds=	dsin=0	dsout=0	mx=	md=output-max-min	deps=	hid=0/0/0	cat=Base	meta=	desc=Maximum value of the destination range
gdal raster scale	exponent			real	req=0	pos=0	in=1	out=0	cnt=0..1	def=	choices=	min=	max=	ds=	dsin=0	dsout=0	mx=	md=	deps=	hid=0/0/0	cat=Base	meta=	desc=Exponent to apply non-linear scaling with a power function
gdal raster scale	no-clip			boolean	req=0	pos=0	in=1	out=0	cnt=0..1	def=	choices=	min=	max=	ds=	dsin=0	dsout=0	mx=	md=	deps=	hid=0/0/0	cat=Base	meta=	desc=Do not clip input values to [innput-min, input-max]
gdal raster select	help	h		boolean	req=0	pos=0	in=1	out=0	cnt=0..1	def=	choices=	min=	max=	ds=	dsin=0	dsout=0	mx=	md=	deps=	hid=0/0/1	cat=Common	meta=	desc=Display help message and exit
gdal raster select	help-doc			boolean	req=0	pos=0	in=1	out=0	cnt=0..1	def=	choices=	min=	max=	ds=	dsin=0	dsout=0	mx=	md=	deps=	hid=1/1/1	cat=Base	meta=	desc=Display help message for use by documentation
gdal raster select	json-usage			boolean	req=0	pos=0	in=1	out=0	cnt=0..1	def=	choices=	min=	max=	ds=	dsin=0	dsout=0	mx=	md=	deps=	hid=0/0/1	cat=Common	meta=	desc=Display usage as JSON document and exit
gdal raster select	config			string_list	req=0	pos=0	in=1	out=0	cnt=0..-1	def=	choices=	min=	max=	ds=	dsin=0	dsout=0	mx=	md=	deps=	hid=0/0/1	cat=Common	meta=	desc=Configuration option
gdal raster select	input-format		if	string_list	req=0	pos=0	in=1	out=0	cnt=0..-1	def=	choices=	min=	max=	ds=	dsin=0	dsout=0	mx=	md=	deps=	hid=0/0/0	cat=Advanced	meta=required_capabilities=DCAP_RASTER;	desc=Input formats
gdal raster select	open-option		oo	string_list	req=0	pos=0	in=1	out=0	cnt=0..-1	def=	choices=	min=	max=	ds=	dsin=0	dsout=0	mx=	md=	deps=	hid=0/0/0	cat=Advanced	meta=	desc=Open options
gdal raster select	input	i		dataset_list	req=1	pos=1	in=1	out=0	cnt=1..1	def=	choices=	min=	max=	ds=raster	dsin=3	dsout=2	mx=	md=	deps=	hid=0/0/0	cat=Base	meta=	desc=Input raster datasets
gdal raster select	quiet	q		boolean	req=0	pos=0	in=1	out=0	cnt=0..1	def=	choices=	min=	max=	ds=	dsin=0	dsout=0	mx=	md=	deps=	hid=0/0/0	cat=Common	meta=	desc=Quiet mode (no progress bar or warning message)
gdal raster select	progress			boolean	req=0	pos=0	in=1	out=0	cnt=0..1	def=	choices=	min=	max=	ds=	dsin=0	dsout=0	mx=	md=	deps=	hid=1/1/1	cat=Base	meta=	desc=Display progress bar
gdal raster select	output-format	f	of|format	string	req=0	pos=0	in=1	out=0	cnt=0..1	def=	choices=	min=	max=	ds=	dsin=0	dsout=0	mx=	md=	deps=	hid=0/0/0	cat=Base	meta=required_capabilities=DCAP_RASTER,DCAP_CREATECOPY;	desc=Output format ("GDALG" allowed)
gdal raster select	output	o		dataset	req=1	pos=1	in=1	out=1	cnt=0..1	def=	choices=	min=	max=	ds=raster	dsin=3	dsout=2	mx=	md=	deps=	hid=0/0/0	cat=Base	meta=	desc=Output raster dataset
gdal raster select	creation-option		co	string_list	req=0	pos=0	in=1	out=0	cnt=0..-1	def=	choices=	min=	max=	ds=	dsin=0	dsout=0	mx=	md=	deps=	hid=0/0/0	cat=Base	meta=	desc=Creation option
gdal raster select	overwrite			boolean	req=0	pos=0	in=1	out=0	cnt=0..1	def=false	choices=	min=	max=	ds=	dsin=0	dsout=0	mx=overwrite-append	md=	deps=	hid=0/0/0	cat=Base	meta=	desc=Whether overwriting existing output dataset is allowed
gdal raster select	append			boolean	req=0	pos=0	in=1	out=0	cnt=0..1	def=false	choices=	min=	max=	ds=	dsin=0	dsout=0	mx=overwrite-append	md=	deps=	hid=0/0/0	cat=Base	meta=	desc=Append as a subdataset to existing output
gdal raster select	band	b		string_list	req=1	pos=1	in=1	out=0	cnt=1..-1	def=	choices=	min=	max=	ds=	dsin=0	dsout=0	mx=	md=	deps=	hid=0/0/0	cat=Base	meta=	desc=Band(s) (1-based index, 'mask', 'mask:<band>' or color interpretation such as 'red')
gdal raster select	exclude			boolean	req=0	pos=0	in=1	out=0	cnt=0..1	def=	choices=	min=	max=	ds=	dsin=0	dsout=0	mx=	md=	deps=	hid=0/0/0	cat=Base	meta=	desc=Exclude specified bands
gdal raster select	mask			string	req=0	pos=0	in=1	out=0	cnt=0..1	def=	choices=	min=	max=	ds=	dsin=0	dsout=0	mx=	md=	deps=	hid=0/0/0	cat=Base	meta=	desc=Mask band (1-based index, 'mask', 'mask:<band>' or 'none')
gdal raster set-type	help	h		boolean	req=0	pos=0	in=1	out=0	cnt=0..1	def=	choices=	min=	max=	ds=	dsin=0	dsout=0	mx=	md=	deps=	hid=0/0/1	cat=Common	meta=	desc=Display help message and exit
gdal raster set-type	help-doc			boolean	req=0	pos=0	in=1	out=0	cnt=0..1	def=	choices=	min=	max=	ds=	dsin=0	dsout=0	mx=	md=	deps=	hid=1/1/1	cat=Base	meta=	desc=Display help message for use by documentation
gdal raster set-type	json-usage			boolean	req=0	pos=0	in=1	out=0	cnt=0..1	def=	choices=	min=	max=	ds=	dsin=0	dsout=0	mx=	md=	deps=	hid=0/0/1	cat=Common	meta=	desc=Display usage as JSON document and exit
gdal raster set-type	config			string_list	req=0	pos=0	in=1	out=0	cnt=0..-1	def=	choices=	min=	max=	ds=	dsin=0	dsout=0	mx=	md=	deps=	hid=0/0/1	cat=Common	meta=	desc=Configuration option
gdal raster set-type	input-format		if	string_list	req=0	pos=0	in=1	out=0	cnt=0..-1	def=	choices=	min=	max=	ds=	dsin=0	dsout=0	mx=	md=	deps=	hid=0/0/0	cat=Advanced	meta=required_capabilities=DCAP_RASTER;	desc=Input formats
gdal raster set-type	open-option		oo	string_list	req=0	pos=0	in=1	out=0	cnt=0..-1	def=	choices=	min=	max=	ds=	dsin=0	dsout=0	mx=	md=	deps=	hid=0/0/0	cat=Advanced	meta=	desc=Open options
gdal raster set-type	input	i		dataset_list	req=1	pos=1	in=1	out=0	cnt=1..1	def=	choices=	min=	max=	ds=raster	dsin=3	dsout=2	mx=	md=	deps=	hid=0/0/0	cat=Base	meta=	desc=Input raster datasets
gdal raster set-type	quiet	q		boolean	req=0	pos=0	in=1	out=0	cnt=0..1	def=	choices=	min=	max=	ds=	dsin=0	dsout=0	mx=	md=	deps=	hid=0/0/0	cat=Common	meta=	desc=Quiet mode (no progress bar or warning message)
gdal raster set-type	progress			boolean	req=0	pos=0	in=1	out=0	cnt=0..1	def=	choices=	min=	max=	ds=	dsin=0	dsout=0	mx=	md=	deps=	hid=1/1/1	cat=Base	meta=	desc=Display progress bar
gdal raster set-type	output-format	f	of|format	string	req=0	pos=0	in=1	out=0	cnt=0..1	def=	choices=	min=	max=	ds=	dsin=0	dsout=0	mx=	md=	deps=	hid=0/0/0	cat=Base	meta=required_capabilities=DCAP_RASTER,DCAP_CREATECOPY;	desc=Output format ("GDALG" allowed)
gdal raster set-type	output	o		dataset	req=1	pos=1	in=1	out=1	cnt=0..1	def=	choices=	min=	max=	ds=raster	dsin=3	dsout=2	mx=	md=	deps=	hid=0/0/0	cat=Base	meta=	desc=Output raster dataset
gdal raster set-type	creation-option		co	string_list	req=0	pos=0	in=1	out=0	cnt=0..-1	def=	choices=	min=	max=	ds=	dsin=0	dsout=0	mx=	md=	deps=	hid=0/0/0	cat=Base	meta=	desc=Creation option
gdal raster set-type	overwrite			boolean	req=0	pos=0	in=1	out=0	cnt=0..1	def=false	choices=	min=	max=	ds=	dsin=0	dsout=0	mx=overwrite-append	md=	deps=	hid=0/0/0	cat=Base	meta=	desc=Whether overwriting existing output dataset is allowed
gdal raster set-type	append			boolean	req=0	pos=0	in=1	out=0	cnt=0..1	def=false	choices=	min=	max=	ds=	dsin=0	dsout=0	mx=overwrite-append	md=	deps=	hid=0/0/0	cat=Base	meta=	desc=Append as a subdataset to existing output
gdal raster set-type	output-data-type		ot|datatype	string	req=1	pos=0	in=1	out=0	cnt=0..1	def=	choices=UInt8|Int8|UInt16|Int16|UInt32|Int32|UInt64|Int64|CInt16|CInt32|Float16|Float32|Float64|CFloat32|CFloat64	min=	max=	ds=	dsin=0	dsout=0	mx=	md=	deps=	hid=0/0/0	cat=Base	meta=type=GDALDataType;	desc=Output data type
gdal raster sieve	help	h		boolean	req=0	pos=0	in=1	out=0	cnt=0..1	def=	choices=	min=	max=	ds=	dsin=0	dsout=0	mx=	md=	deps=	hid=0/0/1	cat=Common	meta=	desc=Display help message and exit
gdal raster sieve	help-doc			boolean	req=0	pos=0	in=1	out=0	cnt=0..1	def=	choices=	min=	max=	ds=	dsin=0	dsout=0	mx=	md=	deps=	hid=1/1/1	cat=Base	meta=	desc=Display help message for use by documentation
gdal raster sieve	json-usage			boolean	req=0	pos=0	in=1	out=0	cnt=0..1	def=	choices=	min=	max=	ds=	dsin=0	dsout=0	mx=	md=	deps=	hid=0/0/1	cat=Common	meta=	desc=Display usage as JSON document and exit
gdal raster sieve	config			string_list	req=0	pos=0	in=1	out=0	cnt=0..-1	def=	choices=	min=	max=	ds=	dsin=0	dsout=0	mx=	md=	deps=	hid=0/0/1	cat=Common	meta=	desc=Configuration option
gdal raster sieve	input-format		if	string_list	req=0	pos=0	in=1	out=0	cnt=0..-1	def=	choices=	min=	max=	ds=	dsin=0	dsout=0	mx=	md=	deps=	hid=0/0/0	cat=Advanced	meta=required_capabilities=DCAP_RASTER;	desc=Input formats
gdal raster sieve	open-option		oo	string_list	req=0	pos=0	in=1	out=0	cnt=0..-1	def=	choices=	min=	max=	ds=	dsin=0	dsout=0	mx=	md=	deps=	hid=0/0/0	cat=Advanced	meta=	desc=Open options
gdal raster sieve	input	i		dataset_list	req=1	pos=1	in=1	out=0	cnt=1..1	def=	choices=	min=	max=	ds=raster	dsin=3	dsout=2	mx=	md=	deps=	hid=0/0/0	cat=Base	meta=	desc=Input raster datasets
gdal raster sieve	quiet	q		boolean	req=0	pos=0	in=1	out=0	cnt=0..1	def=	choices=	min=	max=	ds=	dsin=0	dsout=0	mx=	md=	deps=	hid=0/0/0	cat=Common	meta=	desc=Quiet mode (no progress bar or warning message)
gdal raster sieve	progress			boolean	req=0	pos=0	in=1	out=0	cnt=0..1	def=	choices=	min=	max=	ds=	dsin=0	dsout=0	mx=	md=	deps=	hid=1/1/1	cat=Base	meta=	desc=Display progress bar
gdal raster sieve	output-format	f	of|format	string	req=0	pos=0	in=1	out=0	cnt=0..1	def=	choices=	min=	max=	ds=	dsin=0	dsout=0	mx=	md=	deps=	hid=0/0/0	cat=Base	meta=required_capabilities=DCAP_RASTER,DCAP_CREATECOPY;	desc=Output format ("GDALG" allowed)
gdal raster sieve	output	o		dataset	req=1	pos=1	in=1	out=1	cnt=0..1	def=	choices=	min=	max=	ds=raster	dsin=3	dsout=2	mx=	md=	deps=	hid=0/0/0	cat=Base	meta=	desc=Output raster dataset
gdal raster sieve	creation-option		co	string_list	req=0	pos=0	in=1	out=0	cnt=0..-1	def=	choices=	min=	max=	ds=	dsin=0	dsout=0	mx=	md=	deps=	hid=0/0/0	cat=Base	meta=	desc=Creation option
gdal raster sieve	overwrite			boolean	req=0	pos=0	in=1	out=0	cnt=0..1	def=false	choices=	min=	max=	ds=	dsin=0	dsout=0	mx=overwrite-append	md=	deps=	hid=0/0/0	cat=Base	meta=	desc=Whether overwriting existing output dataset is allowed
gdal raster sieve	append			boolean	req=0	pos=0	in=1	out=0	cnt=0..1	def=false	choices=	min=	max=	ds=	dsin=0	dsout=0	mx=overwrite-append	md=	deps=	hid=0/0/0	cat=Base	meta=	desc=Append as a subdataset to existing output
gdal raster sieve	mask			dataset	req=0	pos=0	in=1	out=0	cnt=0..1	def=	choices=	min=	max=	ds=raster	dsin=3	dsout=2	mx=	md=	deps=	hid=0/0/0	cat=Base	meta=	desc=Use the first band of the specified file as a validity mask (all pixels with a value other than zero will be considered suitable for inclusion in polygons)
gdal raster sieve	band	b		integer	req=0	pos=0	in=1	out=0	cnt=0..1	def=	choices=	min=	max=	ds=	dsin=0	dsout=0	mx=	md=	deps=	hid=0/0/0	cat=Base	meta=	desc=Input band (1-based index)
gdal raster sieve	size-threshold	s		integer	req=0	pos=0	in=1	out=0	cnt=0..1	def=2	choices=	min=	max=	ds=	dsin=0	dsout=0	mx=	md=	deps=	hid=0/0/0	cat=Base	meta=	desc=Minimum size of polygons to keep
gdal raster sieve	connect-diagonal-pixels	c		boolean	req=0	pos=0	in=1	out=0	cnt=0..1	def=false	choices=	min=	max=	ds=	dsin=0	dsout=0	mx=	md=	deps=	hid=0/0/0	cat=Base	meta=	desc=Consider diagonal pixels as connected
gdal raster slope	help	h		boolean	req=0	pos=0	in=1	out=0	cnt=0..1	def=	choices=	min=	max=	ds=	dsin=0	dsout=0	mx=	md=	deps=	hid=0/0/1	cat=Common	meta=	desc=Display help message and exit
gdal raster slope	help-doc			boolean	req=0	pos=0	in=1	out=0	cnt=0..1	def=	choices=	min=	max=	ds=	dsin=0	dsout=0	mx=	md=	deps=	hid=1/1/1	cat=Base	meta=	desc=Display help message for use by documentation
gdal raster slope	json-usage			boolean	req=0	pos=0	in=1	out=0	cnt=0..1	def=	choices=	min=	max=	ds=	dsin=0	dsout=0	mx=	md=	deps=	hid=0/0/1	cat=Common	meta=	desc=Display usage as JSON document and exit
gdal raster slope	config			string_list	req=0	pos=0	in=1	out=0	cnt=0..-1	def=	choices=	min=	max=	ds=	dsin=0	dsout=0	mx=	md=	deps=	hid=0/0/1	cat=Common	meta=	desc=Configuration option
gdal raster slope	input-format		if	string_list	req=0	pos=0	in=1	out=0	cnt=0..-1	def=	choices=	min=	max=	ds=	dsin=0	dsout=0	mx=	md=	deps=	hid=0/0/0	cat=Advanced	meta=required_capabilities=DCAP_RASTER;	desc=Input formats
gdal raster slope	open-option		oo	string_list	req=0	pos=0	in=1	out=0	cnt=0..-1	def=	choices=	min=	max=	ds=	dsin=0	dsout=0	mx=	md=	deps=	hid=0/0/0	cat=Advanced	meta=	desc=Open options
gdal raster slope	input	i		dataset_list	req=1	pos=1	in=1	out=0	cnt=1..1	def=	choices=	min=	max=	ds=raster	dsin=3	dsout=2	mx=	md=	deps=	hid=0/0/0	cat=Base	meta=	desc=Input raster datasets
gdal raster slope	quiet	q		boolean	req=0	pos=0	in=1	out=0	cnt=0..1	def=	choices=	min=	max=	ds=	dsin=0	dsout=0	mx=	md=	deps=	hid=0/0/0	cat=Common	meta=	desc=Quiet mode (no progress bar or warning message)
gdal raster slope	progress			boolean	req=0	pos=0	in=1	out=0	cnt=0..1	def=	choices=	min=	max=	ds=	dsin=0	dsout=0	mx=	md=	deps=	hid=1/1/1	cat=Base	meta=	desc=Display progress bar
gdal raster slope	output-format	f	of|format	string	req=0	pos=0	in=1	out=0	cnt=0..1	def=	choices=	min=	max=	ds=	dsin=0	dsout=0	mx=	md=	deps=	hid=0/0/0	cat=Base	meta=required_capabilities=DCAP_RASTER,DCAP_CREATECOPY;vrt_compatible=false;	desc=Output format ("GDALG" allowed)
gdal raster slope	output	o		dataset	req=1	pos=1	in=1	out=1	cnt=0..1	def=	choices=	min=	max=	ds=raster	dsin=3	dsout=2	mx=	md=	deps=	hid=0/0/0	cat=Base	meta=	desc=Output raster dataset
gdal raster slope	creation-option		co	string_list	req=0	pos=0	in=1	out=0	cnt=0..-1	def=	choices=	min=	max=	ds=	dsin=0	dsout=0	mx=	md=	deps=	hid=0/0/0	cat=Base	meta=	desc=Creation option
gdal raster slope	overwrite			boolean	req=0	pos=0	in=1	out=0	cnt=0..1	def=false	choices=	min=	max=	ds=	dsin=0	dsout=0	mx=overwrite-append	md=	deps=	hid=0/0/0	cat=Base	meta=	desc=Whether overwriting existing output dataset is allowed
gdal raster slope	append			boolean	req=0	pos=0	in=1	out=0	cnt=0..1	def=false	choices=	min=	max=	ds=	dsin=0	dsout=0	mx=overwrite-append	md=	deps=	hid=0/0/0	cat=Base	meta=	desc=Append as a subdataset to existing output
gdal raster slope	band	b		integer	req=0	pos=0	in=1	out=0	cnt=0..1	def=1	choices=	min=	max=	ds=	dsin=0	dsout=0	mx=	md=	deps=	hid=0/0/0	cat=Base	meta=	desc=Input band (1-based index)
gdal raster slope	unit			string	req=0	pos=0	in=1	out=0	cnt=0..1	def=degree	choices=degree|percent	min=	max=	ds=	dsin=0	dsout=0	mx=	md=	deps=	hid=0/0/0	cat=Base	meta=	desc=Unit in which to express slopes
gdal raster slope	xscale			real	req=0	pos=0	in=1	out=0	cnt=0..1	def=	choices=	min=(0	max=	ds=	dsin=0	dsout=0	mx=	md=	deps=	hid=0/0/0	cat=Base	meta=	desc=Ratio of vertical units to horizontal X axis units
gdal raster slope	yscale			real	req=0	pos=0	in=1	out=0	cnt=0..1	def=	choices=	min=(0	max=	ds=	dsin=0	dsout=0	mx=	md=	deps=	hid=0/0/0	cat=Base	meta=	desc=Ratio of vertical units to horizontal Y axis units
gdal raster slope	gradient-alg			string	req=0	pos=0	in=1	out=0	cnt=0..1	def=Horn	choices=Horn|ZevenbergenThorne	min=	max=	ds=	dsin=0	dsout=0	mx=	md=	deps=	hid=0/0/0	cat=Base	meta=	desc=Algorithm used to compute terrain gradient
gdal raster slope	no-edges			boolean	req=0	pos=0	in=1	out=0	cnt=0..1	def=	choices=	min=	max=	ds=	dsin=0	dsout=0	mx=	md=	deps=	hid=0/0/0	cat=Base	meta=	desc=Do not try to interpolate values at dataset edges or close to nodata values
gdal raster stack	help	h		boolean	req=0	pos=0	in=1	out=0	cnt=0..1	def=	choices=	min=	max=	ds=	dsin=0	dsout=0	mx=	md=	deps=	hid=0/0/1	cat=Common	meta=	desc=Display help message and exit
gdal raster stack	help-doc			boolean	req=0	pos=0	in=1	out=0	cnt=0..1	def=	choices=	min=	max=	ds=	dsin=0	dsout=0	mx=	md=	deps=	hid=1/1/1	cat=Base	meta=	desc=Display help message for use by documentation
gdal raster stack	json-usage			boolean	req=0	pos=0	in=1	out=0	cnt=0..1	def=	choices=	min=	max=	ds=	dsin=0	dsout=0	mx=	md=	deps=	hid=0/0/1	cat=Common	meta=	desc=Display usage as JSON document and exit
gdal raster stack	config			string_list	req=0	pos=0	in=1	out=0	cnt=0..-1	def=	choices=	min=	max=	ds=	dsin=0	dsout=0	mx=	md=	deps=	hid=0/0/1	cat=Common	meta=	desc=Configuration option
gdal raster stack	input-format		if	string_list	req=0	pos=0	in=1	out=0	cnt=0..-1	def=	choices=	min=	max=	ds=	dsin=0	dsout=0	mx=	md=	deps=	hid=0/0/0	cat=Advanced	meta=required_capabilities=DCAP_RASTER;	desc=Input formats
gdal raster stack	open-option		oo	string_list	req=0	pos=0	in=1	out=0	cnt=0..-1	def=	choices=	min=	max=	ds=	dsin=0	dsout=0	mx=	md=	deps=	hid=0/0/0	cat=Advanced	meta=	desc=Open options
gdal raster stack	input	i		dataset_list	req=1	pos=1	in=1	out=0	cnt=1..-1	def=	choices=	min=	max=	ds=raster	dsin=3	dsout=2	mx=	md=	deps=	hid=0/0/0	cat=Base	meta=	desc=Input raster datasets (or specify a @<filename> to point to a file containing filenames)
gdal raster stack	quiet	q		boolean	req=0	pos=0	in=1	out=0	cnt=0..1	def=	choices=	min=	max=	ds=	dsin=0	dsout=0	mx=	md=	deps=	hid=0/0/0	cat=Common	meta=	desc=Quiet mode (no progress bar or warning message)
gdal raster stack	progress			boolean	req=0	pos=0	in=1	out=0	cnt=0..1	def=	choices=	min=	max=	ds=	dsin=0	dsout=0	mx=	md=	deps=	hid=1/1/1	cat=Base	meta=	desc=Display progress bar
gdal raster stack	output-format	f	of|format	string	req=0	pos=0	in=1	out=0	cnt=0..1	def=	choices=	min=	max=	ds=	dsin=0	dsout=0	mx=	md=	deps=	hid=0/0/0	cat=Base	meta=required_capabilities=DCAP_RASTER,DCAP_CREATECOPY;	desc=Output format ("GDALG" allowed)
gdal raster stack	output	o		dataset	req=1	pos=1	in=1	out=1	cnt=0..1	def=	choices=	min=	max=	ds=raster	dsin=3	dsout=2	mx=	md=	deps=	hid=0/0/0	cat=Base	meta=	desc=Output raster dataset
gdal raster stack	creation-option		co	string_list	req=0	pos=0	in=1	out=0	cnt=0..-1	def=	choices=	min=	max=	ds=	dsin=0	dsout=0	mx=	md=	deps=	hid=0/0/0	cat=Base	meta=	desc=Creation option
gdal raster stack	overwrite			boolean	req=0	pos=0	in=1	out=0	cnt=0..1	def=false	choices=	min=	max=	ds=	dsin=0	dsout=0	mx=overwrite-append	md=	deps=	hid=0/0/0	cat=Base	meta=	desc=Whether overwriting existing output dataset is allowed
gdal raster stack	append			boolean	req=0	pos=0	in=1	out=0	cnt=0..1	def=false	choices=	min=	max=	ds=	dsin=0	dsout=0	mx=overwrite-append	md=	deps=	hid=0/0/0	cat=Base	meta=	desc=Append as a subdataset to existing output
gdal raster stack	band	b		integer_list	req=0	pos=0	in=1	out=0	cnt=0..-1	def=	choices=	min=	max=	ds=	dsin=0	dsout=0	mx=	md=	deps=	hid=0/0/0	cat=Base	meta=	desc=Input band(s) (1-based index)
gdal raster stack	absolute-path			boolean	req=0	pos=0	in=1	out=0	cnt=0..1	def=	choices=	min=	max=	ds=	dsin=0	dsout=0	mx=	md=	deps=	hid=0/0/0	cat=Base	meta=	desc=Whether the path to the input datasets should be stored as an absolute path
gdal raster stack	resolution			string	req=0	pos=0	in=1	out=0	cnt=0..1	def=same	choices=	min=	max=	ds=	dsin=0	dsout=0	mx=	md=	deps=	hid=0/0/0	cat=Base	meta=	desc=Target resolution (in destination CRS units)
gdal raster stack	bbox			real_list	req=0	pos=0	in=1	out=0	cnt=4..4	def=	choices=	min=	max=	ds=	dsin=0	dsout=0	mx=	md=	deps=	hid=0/0/0	cat=Base	meta=	desc=Target bounding box as xmin,ymin,xmax,ymax (in destination CRS units)
gdal raster stack	target-aligned-pixels			boolean	req=0	pos=0	in=1	out=0	cnt=0..1	def=	choices=	min=	max=	ds=	dsin=0	dsout=0	mx=	md=	deps=	hid=0/0/0	cat=Base	meta=	desc=Round target extent to target resolution
gdal raster stack	input-nodata			real_list	req=0	pos=0	in=1	out=0	cnt=1..-1	def=	choices=	min=	max=	ds=	dsin=0	dsout=0	mx=	md=	deps=	hid=0/0/0	cat=Base	meta=	desc=Set nodata values for input bands.
gdal raster stack	output-nodata			real_list	req=0	pos=0	in=1	out=0	cnt=1..-1	def=	choices=	min=	max=	ds=	dsin=0	dsout=0	mx=	md=	deps=	hid=0/0/0	cat=Base	meta=	desc=Set nodata values at the destination band level.
gdal raster stack	hide-nodata			boolean	req=0	pos=0	in=1	out=0	cnt=0..1	def=	choices=	min=	max=	ds=	dsin=0	dsout=0	mx=	md=	deps=	hid=0/0/0	cat=Base	meta=	desc=Makes the destination band not report the NoData.
gdal raster tile	help	h		boolean	req=0	pos=0	in=1	out=0	cnt=0..1	def=	choices=	min=	max=	ds=	dsin=0	dsout=0	mx=	md=	deps=	hid=0/0/1	cat=Common	meta=	desc=Display help message and exit
gdal raster tile	help-doc			boolean	req=0	pos=0	in=1	out=0	cnt=0..1	def=	choices=	min=	max=	ds=	dsin=0	dsout=0	mx=	md=	deps=	hid=1/1/1	cat=Base	meta=	desc=Display help message for use by documentation
gdal raster tile	json-usage			boolean	req=0	pos=0	in=1	out=0	cnt=0..1	def=	choices=	min=	max=	ds=	dsin=0	dsout=0	mx=	md=	deps=	hid=0/0/1	cat=Common	meta=	desc=Display usage as JSON document and exit
gdal raster tile	config			string_list	req=0	pos=0	in=1	out=0	cnt=0..-1	def=	choices=	min=	max=	ds=	dsin=0	dsout=0	mx=	md=	deps=	hid=0/0/1	cat=Common	meta=	desc=Configuration option
gdal raster tile	quiet	q		boolean	req=0	pos=0	in=1	out=0	cnt=0..1	def=	choices=	min=	max=	ds=	dsin=0	dsout=0	mx=	md=	deps=	hid=0/0/0	cat=Common	meta=	desc=Quiet mode (no progress bar or warning message)
gdal raster tile	progress			boolean	req=0	pos=0	in=1	out=0	cnt=0..1	def=	choices=	min=	max=	ds=	dsin=0	dsout=0	mx=	md=	deps=	hid=1/1/1	cat=Base	meta=	desc=Display progress bar
gdal raster tile	spawned			boolean	req=0	pos=0	in=1	out=0	cnt=0..1	def=	choices=	min=	max=	ds=	dsin=0	dsout=0	mx=	md=	deps=	hid=1/1/1	cat=Base	meta=	desc=Whether this is a spawned worker
gdal raster tile	config-options-in-stdin			boolean	req=0	pos=0	in=1	out=0	cnt=0..1	def=	choices=	min=	max=	ds=	dsin=0	dsout=0	mx=	md=	deps=	hid=1/1/1	cat=Base	meta=	desc=
gdal raster tile	ovr-zoom-level			integer	req=0	pos=0	in=1	out=0	cnt=0..1	def=	choices=	min=[0	max=	ds=	dsin=0	dsout=0	mx=	md=	deps=	hid=1/1/1	cat=Base	meta=	desc=Overview zoom level to compute
gdal raster tile	ovr-min-x			integer	req=0	pos=0	in=1	out=0	cnt=0..1	def=	choices=	min=[0	max=	ds=	dsin=0	dsout=0	mx=	md=	deps=	hid=1/1/1	cat=Base	meta=	desc=Minimum tile X coordinate
gdal raster tile	ovr-max-x			integer	req=0	pos=0	in=1	out=0	cnt=0..1	def=	choices=	min=[0	max=	ds=	dsin=0	dsout=0	mx=	md=	deps=	hid=1/1/1	cat=Base	meta=	desc=Maximum tile X coordinate
gdal raster tile	ovr-min-y			integer	req=0	pos=0	in=1	out=0	cnt=0..1	def=	choices=	min=[0	max=	ds=	dsin=0	dsout=0	mx=	md=	deps=	hid=1/1/1	cat=Base	meta=	desc=Minimum tile Y coordinate
gdal raster tile	ovr-max-y			integer	req=0	pos=0	in=1	out=0	cnt=0..1	def=	choices=	min=[0	max=	ds=	dsin=0	dsout=0	mx=	md=	deps=	hid=1/1/1	cat=Base	meta=	desc=Maximum tile Y coordinate
gdal raster tile	input-format		if	string_list	req=0	pos=0	in=1	out=0	cnt=0..-1	def=	choices=	min=	max=	ds=	dsin=0	dsout=0	mx=	md=	deps=	hid=0/0/0	cat=Advanced	meta=required_capabilities=DCAP_RASTER;	desc=Input formats
gdal raster tile	open-option		oo	string_list	req=0	pos=0	in=1	out=0	cnt=0..-1	def=	choices=	min=	max=	ds=	dsin=0	dsout=0	mx=	md=	deps=	hid=0/0/0	cat=Advanced	meta=	desc=Open options
gdal raster tile	input	i	dataset	dataset_list	req=1	pos=1	in=1	out=0	cnt=1..1	def=	choices=	min=	max=	ds=raster	dsin=3	dsout=2	mx=	md=	deps=	hid=0/0/0	cat=Base	meta=	desc=Input raster datasets
gdal raster tile	output-format	f	of|format	string	req=0	pos=0	in=1	out=0	cnt=0..1	def=PNG	choices=	min=	max=	ds=	dsin=0	dsout=0	mx=	md=	deps=	hid=0/0/0	cat=Base	meta=required_capabilities=DCAP_RASTER,DCAP_CREATECOPY,DMD_EXTENSIONS;vrt_compatible=false;	desc=Output format
gdal raster tile	creation-option		co	string_list	req=0	pos=0	in=1	out=0	cnt=0..-1	def=	choices=	min=	max=	ds=	dsin=0	dsout=0	mx=	md=	deps=	hid=0/0/0	cat=Base	meta=	desc=Creation option
gdal raster tile	output	o		string	req=1	pos=1	in=1	out=0	cnt=0..1	def=	choices=	min=	max=	ds=	dsin=0	dsout=0	mx=	md=	deps=	hid=0/0/0	cat=Base	meta=	desc=Output directory
gdal raster tile	tiling-scheme			string	req=0	pos=0	in=1	out=0	cnt=0..1	def=WebMercatorQuad	choices=raster|WebMercatorQuad|WorldCRS84Quad|WorldMercatorWGS84Quad|GoogleCRS84Quad|PseudoTMS_GlobalMercator|GlobalGeodeticOriginLat270|LINZAntarticaMapTilegrid|APSTILE|CBMTILE|NZTM2000	min=	max=	ds=	dsin=0	dsout=0	mx=	md=	deps=	hid=0/0/0	cat=Base	meta=	desc=Tiling scheme
gdal raster tile	min-zoom			integer	req=0	pos=0	in=1	out=0	cnt=0..1	def=	choices=	min=[0	max=	ds=	dsin=0	dsout=0	mx=	md=	deps=	hid=0/0/0	cat=Base	meta=	desc=Minimum zoom level
gdal raster tile	max-zoom			integer	req=0	pos=0	in=1	out=0	cnt=0..1	def=	choices=	min=[0	max=	ds=	dsin=0	dsout=0	mx=	md=	deps=	hid=0/0/0	cat=Base	meta=	desc=Maximum zoom level
gdal raster tile	min-x			integer	req=0	pos=0	in=1	out=0	cnt=0..1	def=	choices=	min=[0	max=	ds=	dsin=0	dsout=0	mx=	md=	deps=	hid=0/0/0	cat=Base	meta=	desc=Minimum tile X coordinate
gdal raster tile	max-x			integer	req=0	pos=0	in=1	out=0	cnt=0..1	def=	choices=	min=[0	max=	ds=	dsin=0	dsout=0	mx=	md=	deps=	hid=0/0/0	cat=Base	meta=	desc=Maximum tile X coordinate
gdal raster tile	min-y			integer	req=0	pos=0	in=1	out=0	cnt=0..1	def=	choices=	min=[0	max=	ds=	dsin=0	dsout=0	mx=	md=	deps=	hid=0/0/0	cat=Base	meta=	desc=Minimum tile Y coordinate
gdal raster tile	max-y			integer	req=0	pos=0	in=1	out=0	cnt=0..1	def=	choices=	min=[0	max=	ds=	dsin=0	dsout=0	mx=	md=	deps=	hid=0/0/0	cat=Base	meta=	desc=Maximum tile Y coordinate
gdal raster tile	no-intersection-ok			boolean	req=0	pos=0	in=1	out=0	cnt=0..1	def=	choices=	min=	max=	ds=	dsin=0	dsout=0	mx=	md=	deps=	hid=0/0/0	cat=Base	meta=	desc=Whether dataset extent not intersecting tile matrix is only a warning
gdal raster tile	resampling	r		string	req=0	pos=0	in=1	out=0	cnt=0..1	def=cubic	choices=nearest|bilinear|cubic|cubicspline|lanczos|average|rms|mode|min|max|med|q1|q3|sum	min=	max=	ds=	dsin=0	dsout=0	mx=	md=	deps=	hid=0/0/0	cat=Base	meta=	desc=Resampling method for max zoom
gdal raster tile	overview-resampling			string	req=0	pos=0	in=1	out=0	cnt=0..1	def=	choices=nearest|bilinear|cubic|cubicspline|lanczos|average|rms|mode|min|max|med|q1|q3|sum	min=	max=	ds=	dsin=0	dsout=0	mx=	md=	deps=	hid=0/0/0	cat=Base	meta=	desc=Resampling method for overviews
gdal raster tile	convention			string	req=0	pos=0	in=1	out=0	cnt=0..1	def=xyz	choices=xyz|tms	min=	max=	ds=	dsin=0	dsout=0	mx=	md=	deps=	hid=0/0/0	cat=Base	meta=	desc=Tile numbering convention: xyz (from top) or tms (from bottom)
gdal raster tile	tile-size			integer	req=0	pos=0	in=1	out=0	cnt=0..1	def=	choices=	min=[64	max=32768]	ds=	dsin=0	dsout=0	mx=	md=	deps=	hid=0/0/0	cat=Base	meta=	desc=Override default tile size
gdal raster tile	add-alpha			boolean	req=0	pos=0	in=1	out=0	cnt=0..1	def=	choices=	min=	max=	ds=	dsin=0	dsout=0	mx=alpha	md=	deps=	hid=0/0/0	cat=Base	meta=	desc=Whether to force adding an alpha channel
gdal raster tile	no-alpha			boolean	req=0	pos=0	in=1	out=0	cnt=0..1	def=	choices=	min=	max=	ds=	dsin=0	dsout=0	mx=alpha	md=	deps=	hid=0/0/0	cat=Base	meta=	desc=Whether to disable adding an alpha channel
gdal raster tile	output-nodata			real	req=0	pos=0	in=1	out=0	cnt=0..1	def=	choices=	min=	max=	ds=	dsin=0	dsout=0	mx=	md=	deps=	hid=0/0/0	cat=Base	meta=	desc=Output nodata value
gdal raster tile	skip-blank			boolean	req=0	pos=0	in=1	out=0	cnt=0..1	def=	choices=	min=	max=	ds=	dsin=0	dsout=0	mx=	md=	deps=	hid=0/0/0	cat=Base	meta=	desc=Do not generate blank tiles
gdal raster tile	metadata			string_list	req=0	pos=0	in=1	out=0	cnt=0..-1	def=	choices=	min=	max=	ds=	dsin=0	dsout=0	mx=	md=	deps=	hid=0/0/0	cat=Base	meta=	desc=Add metadata item to output tiles
gdal raster tile	copy-src-metadata			boolean	req=0	pos=0	in=1	out=0	cnt=0..1	def=	choices=	min=	max=	ds=	dsin=0	dsout=0	mx=	md=	deps=	hid=0/0/0	cat=Base	meta=	desc=Whether to copy metadata from source dataset
gdal raster tile	aux-xml			boolean	req=0	pos=0	in=1	out=0	cnt=0..1	def=	choices=	min=	max=	ds=	dsin=0	dsout=0	mx=	md=	deps=	hid=0/0/0	cat=Base	meta=	desc=Generate .aux.xml sidecar files when needed
gdal raster tile	kml			boolean	req=0	pos=0	in=1	out=0	cnt=0..1	def=	choices=	min=	max=	ds=	dsin=0	dsout=0	mx=	md=	deps=	hid=0/0/0	cat=Base	meta=	desc=Generate KML files
gdal raster tile	resume			boolean	req=0	pos=0	in=1	out=0	cnt=0..1	def=	choices=	min=	max=	ds=	dsin=0	dsout=0	mx=	md=	deps=	hid=0/0/0	cat=Base	meta=	desc=Generate only missing files
gdal raster tile	num-threads	j		string	req=0	pos=0	in=1	out=0	cnt=0..1	def=ALL_CPUS	choices=	min=	max=	ds=	dsin=0	dsout=0	mx=	md=	deps=	hid=0/0/0	cat=Base	meta=	desc=Number of jobs (or ALL_CPUS)
gdal raster tile	num-threads-int-hidden			integer	req=0	pos=0	in=1	out=0	cnt=0..1	def=	choices=	min=	max=	ds=	dsin=0	dsout=0	mx=	md=	deps=	hid=1/1/1	cat=Base	meta=	desc=Number of jobs (read-only, hidden argument)
gdal raster tile	parallel-method			string	req=0	pos=0	in=1	out=0	cnt=0..1	def=	choices=thread|spawn	min=	max=	ds=	dsin=0	dsout=0	mx=	md=	deps=	hid=0/0/0	cat=Base	meta=	desc=Parallelization method (thread / spawn)
gdal raster tile	excluded-values			string	req=0	pos=0	in=1	out=0	cnt=0..1	def=	choices=	min=	max=	ds=	dsin=0	dsout=0	mx=	md=	deps=	hid=0/0/0	cat=Advanced Resampling	meta=	desc=Tuples of values (e.g. <R>,<G>,<B> or (<R1>,<G1>,<B1>),(<R2>,<G2>,<B2>)) that must beignored as contributing source pixels during (average) resampling
gdal raster tile	excluded-values-pct-threshold			real	req=0	pos=0	in=1	out=0	cnt=0..1	def=50	choices=	min=[0	max=100]	ds=	dsin=0	dsout=0	mx=	md=	deps=	hid=0/0/0	cat=Advanced Resampling	meta=	desc=Minimum percentage of source pixels that must be set at one of the --excluded-values to cause the excluded value to be used as the target pixel value
gdal raster tile	nodata-values-pct-threshold			real	req=0	pos=0	in=1	out=0	cnt=0..1	def=100	choices=	min=[0	max=100]	ds=	dsin=0	dsout=0	mx=	md=	deps=	hid=0/0/0	cat=Advanced Resampling	meta=	desc=Minimum percentage of source pixels that must be set at one of nodata (or alpha=0 or any other way to express transparent pixelto cause the target pixel value to be transparent
gdal raster tile	webviewer			string_list	req=0	pos=0	in=1	out=0	cnt=0..-1	def=all	choices=none|all|leaflet|openlayers|mapml|stac	min=	max=	ds=	dsin=0	dsout=0	mx=	md=	deps=	hid=0/0/0	cat=Publication	meta=	desc=Web viewer to generate
gdal raster tile	url			string	req=0	pos=0	in=1	out=0	cnt=0..1	def=	choices=	min=	max=	ds=	dsin=0	dsout=0	mx=	md=	deps=	hid=0/0/0	cat=Publication	meta=	desc=URL address where the generated tiles are going to be published
gdal raster tile	title			string	req=0	pos=0	in=1	out=0	cnt=0..1	def=	choices=	min=	max=	ds=	dsin=0	dsout=0	mx=	md=	deps=	hid=0/0/0	cat=Publication	meta=	desc=Title of the map
gdal raster tile	copyright			string	req=0	pos=0	in=1	out=0	cnt=0..1	def=	choices=	min=	max=	ds=	dsin=0	dsout=0	mx=	md=	deps=	hid=0/0/0	cat=Publication	meta=	desc=Copyright for the map
gdal raster tile	mapml-template			string	req=0	pos=0	in=1	out=0	cnt=0..1	def=	choices=	min=	max=	ds=	dsin=0	dsout=0	mx=	md=	deps=	hid=0/0/0	cat=Publication	meta=	desc=Filename of a template mapml file where variables will be substituted
gdal raster tpi	help	h		boolean	req=0	pos=0	in=1	out=0	cnt=0..1	def=	choices=	min=	max=	ds=	dsin=0	dsout=0	mx=	md=	deps=	hid=0/0/1	cat=Common	meta=	desc=Display help message and exit
gdal raster tpi	help-doc			boolean	req=0	pos=0	in=1	out=0	cnt=0..1	def=	choices=	min=	max=	ds=	dsin=0	dsout=0	mx=	md=	deps=	hid=1/1/1	cat=Base	meta=	desc=Display help message for use by documentation
gdal raster tpi	json-usage			boolean	req=0	pos=0	in=1	out=0	cnt=0..1	def=	choices=	min=	max=	ds=	dsin=0	dsout=0	mx=	md=	deps=	hid=0/0/1	cat=Common	meta=	desc=Display usage as JSON document and exit
gdal raster tpi	config			string_list	req=0	pos=0	in=1	out=0	cnt=0..-1	def=	choices=	min=	max=	ds=	dsin=0	dsout=0	mx=	md=	deps=	hid=0/0/1	cat=Common	meta=	desc=Configuration option
gdal raster tpi	input-format		if	string_list	req=0	pos=0	in=1	out=0	cnt=0..-1	def=	choices=	min=	max=	ds=	dsin=0	dsout=0	mx=	md=	deps=	hid=0/0/0	cat=Advanced	meta=required_capabilities=DCAP_RASTER;	desc=Input formats
gdal raster tpi	open-option		oo	string_list	req=0	pos=0	in=1	out=0	cnt=0..-1	def=	choices=	min=	max=	ds=	dsin=0	dsout=0	mx=	md=	deps=	hid=0/0/0	cat=Advanced	meta=	desc=Open options
gdal raster tpi	input	i		dataset_list	req=1	pos=1	in=1	out=0	cnt=1..1	def=	choices=	min=	max=	ds=raster	dsin=3	dsout=2	mx=	md=	deps=	hid=0/0/0	cat=Base	meta=	desc=Input raster datasets
gdal raster tpi	quiet	q		boolean	req=0	pos=0	in=1	out=0	cnt=0..1	def=	choices=	min=	max=	ds=	dsin=0	dsout=0	mx=	md=	deps=	hid=0/0/0	cat=Common	meta=	desc=Quiet mode (no progress bar or warning message)
gdal raster tpi	progress			boolean	req=0	pos=0	in=1	out=0	cnt=0..1	def=	choices=	min=	max=	ds=	dsin=0	dsout=0	mx=	md=	deps=	hid=1/1/1	cat=Base	meta=	desc=Display progress bar
gdal raster tpi	output-format	f	of|format	string	req=0	pos=0	in=1	out=0	cnt=0..1	def=	choices=	min=	max=	ds=	dsin=0	dsout=0	mx=	md=	deps=	hid=0/0/0	cat=Base	meta=required_capabilities=DCAP_RASTER,DCAP_CREATECOPY;vrt_compatible=false;	desc=Output format ("GDALG" allowed)
gdal raster tpi	output	o		dataset	req=1	pos=1	in=1	out=1	cnt=0..1	def=	choices=	min=	max=	ds=raster	dsin=3	dsout=2	mx=	md=	deps=	hid=0/0/0	cat=Base	meta=	desc=Output raster dataset
gdal raster tpi	creation-option		co	string_list	req=0	pos=0	in=1	out=0	cnt=0..-1	def=	choices=	min=	max=	ds=	dsin=0	dsout=0	mx=	md=	deps=	hid=0/0/0	cat=Base	meta=	desc=Creation option
gdal raster tpi	overwrite			boolean	req=0	pos=0	in=1	out=0	cnt=0..1	def=false	choices=	min=	max=	ds=	dsin=0	dsout=0	mx=overwrite-append	md=	deps=	hid=0/0/0	cat=Base	meta=	desc=Whether overwriting existing output dataset is allowed
gdal raster tpi	append			boolean	req=0	pos=0	in=1	out=0	cnt=0..1	def=false	choices=	min=	max=	ds=	dsin=0	dsout=0	mx=overwrite-append	md=	deps=	hid=0/0/0	cat=Base	meta=	desc=Append as a subdataset to existing output
gdal raster tpi	band	b		integer	req=0	pos=0	in=1	out=0	cnt=0..1	def=1	choices=	min=	max=	ds=	dsin=0	dsout=0	mx=	md=	deps=	hid=0/0/0	cat=Base	meta=	desc=Input band (1-based index)
gdal raster tpi	no-edges			boolean	req=0	pos=0	in=1	out=0	cnt=0..1	def=	choices=	min=	max=	ds=	dsin=0	dsout=0	mx=	md=	deps=	hid=0/0/0	cat=Base	meta=	desc=Do not try to interpolate values at dataset edges or close to nodata values
gdal raster tri	help	h		boolean	req=0	pos=0	in=1	out=0	cnt=0..1	def=	choices=	min=	max=	ds=	dsin=0	dsout=0	mx=	md=	deps=	hid=0/0/1	cat=Common	meta=	desc=Display help message and exit
gdal raster tri	help-doc			boolean	req=0	pos=0	in=1	out=0	cnt=0..1	def=	choices=	min=	max=	ds=	dsin=0	dsout=0	mx=	md=	deps=	hid=1/1/1	cat=Base	meta=	desc=Display help message for use by documentation
gdal raster tri	json-usage			boolean	req=0	pos=0	in=1	out=0	cnt=0..1	def=	choices=	min=	max=	ds=	dsin=0	dsout=0	mx=	md=	deps=	hid=0/0/1	cat=Common	meta=	desc=Display usage as JSON document and exit
gdal raster tri	config			string_list	req=0	pos=0	in=1	out=0	cnt=0..-1	def=	choices=	min=	max=	ds=	dsin=0	dsout=0	mx=	md=	deps=	hid=0/0/1	cat=Common	meta=	desc=Configuration option
gdal raster tri	input-format		if	string_list	req=0	pos=0	in=1	out=0	cnt=0..-1	def=	choices=	min=	max=	ds=	dsin=0	dsout=0	mx=	md=	deps=	hid=0/0/0	cat=Advanced	meta=required_capabilities=DCAP_RASTER;	desc=Input formats
gdal raster tri	open-option		oo	string_list	req=0	pos=0	in=1	out=0	cnt=0..-1	def=	choices=	min=	max=	ds=	dsin=0	dsout=0	mx=	md=	deps=	hid=0/0/0	cat=Advanced	meta=	desc=Open options
gdal raster tri	input	i		dataset_list	req=1	pos=1	in=1	out=0	cnt=1..1	def=	choices=	min=	max=	ds=raster	dsin=3	dsout=2	mx=	md=	deps=	hid=0/0/0	cat=Base	meta=	desc=Input raster datasets
gdal raster tri	quiet	q		boolean	req=0	pos=0	in=1	out=0	cnt=0..1	def=	choices=	min=	max=	ds=	dsin=0	dsout=0	mx=	md=	deps=	hid=0/0/0	cat=Common	meta=	desc=Quiet mode (no progress bar or warning message)
gdal raster tri	progress			boolean	req=0	pos=0	in=1	out=0	cnt=0..1	def=	choices=	min=	max=	ds=	dsin=0	dsout=0	mx=	md=	deps=	hid=1/1/1	cat=Base	meta=	desc=Display progress bar
gdal raster tri	output-format	f	of|format	string	req=0	pos=0	in=1	out=0	cnt=0..1	def=	choices=	min=	max=	ds=	dsin=0	dsout=0	mx=	md=	deps=	hid=0/0/0	cat=Base	meta=required_capabilities=DCAP_RASTER,DCAP_CREATECOPY;vrt_compatible=false;	desc=Output format ("GDALG" allowed)
gdal raster tri	output	o		dataset	req=1	pos=1	in=1	out=1	cnt=0..1	def=	choices=	min=	max=	ds=raster	dsin=3	dsout=2	mx=	md=	deps=	hid=0/0/0	cat=Base	meta=	desc=Output raster dataset
gdal raster tri	creation-option		co	string_list	req=0	pos=0	in=1	out=0	cnt=0..-1	def=	choices=	min=	max=	ds=	dsin=0	dsout=0	mx=	md=	deps=	hid=0/0/0	cat=Base	meta=	desc=Creation option
gdal raster tri	overwrite			boolean	req=0	pos=0	in=1	out=0	cnt=0..1	def=false	choices=	min=	max=	ds=	dsin=0	dsout=0	mx=overwrite-append	md=	deps=	hid=0/0/0	cat=Base	meta=	desc=Whether overwriting existing output dataset is allowed
gdal raster tri	append			boolean	req=0	pos=0	in=1	out=0	cnt=0..1	def=false	choices=	min=	max=	ds=	dsin=0	dsout=0	mx=overwrite-append	md=	deps=	hid=0/0/0	cat=Base	meta=	desc=Append as a subdataset to existing output
gdal raster tri	band	b		integer	req=0	pos=0	in=1	out=0	cnt=0..1	def=1	choices=	min=	max=	ds=	dsin=0	dsout=0	mx=	md=	deps=	hid=0/0/0	cat=Base	meta=	desc=Input band (1-based index)
gdal raster tri	algorithm			string	req=0	pos=0	in=1	out=0	cnt=0..1	def=Riley	choices=Riley|Wilson	min=	max=	ds=	dsin=0	dsout=0	mx=	md=	deps=	hid=0/0/0	cat=Base	meta=	desc=Algorithm to compute TRI
gdal raster tri	no-edges			boolean	req=0	pos=0	in=1	out=0	cnt=0..1	def=	choices=	min=	max=	ds=	dsin=0	dsout=0	mx=	md=	deps=	hid=0/0/0	cat=Base	meta=	desc=Do not try to interpolate values at dataset edges or close to nodata values
gdal raster unscale	help	h		boolean	req=0	pos=0	in=1	out=0	cnt=0..1	def=	choices=	min=	max=	ds=	dsin=0	dsout=0	mx=	md=	deps=	hid=0/0/1	cat=Common	meta=	desc=Display help message and exit
gdal raster unscale	help-doc			boolean	req=0	pos=0	in=1	out=0	cnt=0..1	def=	choices=	min=	max=	ds=	dsin=0	dsout=0	mx=	md=	deps=	hid=1/1/1	cat=Base	meta=	desc=Display help message for use by documentation
gdal raster unscale	json-usage			boolean	req=0	pos=0	in=1	out=0	cnt=0..1	def=	choices=	min=	max=	ds=	dsin=0	dsout=0	mx=	md=	deps=	hid=0/0/1	cat=Common	meta=	desc=Display usage as JSON document and exit
gdal raster unscale	config			string_list	req=0	pos=0	in=1	out=0	cnt=0..-1	def=	choices=	min=	max=	ds=	dsin=0	dsout=0	mx=	md=	deps=	hid=0/0/1	cat=Common	meta=	desc=Configuration option
gdal raster unscale	input-format		if	string_list	req=0	pos=0	in=1	out=0	cnt=0..-1	def=	choices=	min=	max=	ds=	dsin=0	dsout=0	mx=	md=	deps=	hid=0/0/0	cat=Advanced	meta=required_capabilities=DCAP_RASTER;	desc=Input formats
gdal raster unscale	open-option		oo	string_list	req=0	pos=0	in=1	out=0	cnt=0..-1	def=	choices=	min=	max=	ds=	dsin=0	dsout=0	mx=	md=	deps=	hid=0/0/0	cat=Advanced	meta=	desc=Open options
gdal raster unscale	input	i		dataset_list	req=1	pos=1	in=1	out=0	cnt=1..1	def=	choices=	min=	max=	ds=raster	dsin=3	dsout=2	mx=	md=	deps=	hid=0/0/0	cat=Base	meta=	desc=Input raster datasets
gdal raster unscale	quiet	q		boolean	req=0	pos=0	in=1	out=0	cnt=0..1	def=	choices=	min=	max=	ds=	dsin=0	dsout=0	mx=	md=	deps=	hid=0/0/0	cat=Common	meta=	desc=Quiet mode (no progress bar or warning message)
gdal raster unscale	progress			boolean	req=0	pos=0	in=1	out=0	cnt=0..1	def=	choices=	min=	max=	ds=	dsin=0	dsout=0	mx=	md=	deps=	hid=1/1/1	cat=Base	meta=	desc=Display progress bar
gdal raster unscale	output-format	f	of|format	string	req=0	pos=0	in=1	out=0	cnt=0..1	def=	choices=	min=	max=	ds=	dsin=0	dsout=0	mx=	md=	deps=	hid=0/0/0	cat=Base	meta=required_capabilities=DCAP_RASTER,DCAP_CREATECOPY;	desc=Output format ("GDALG" allowed)
gdal raster unscale	output	o		dataset	req=1	pos=1	in=1	out=1	cnt=0..1	def=	choices=	min=	max=	ds=raster	dsin=3	dsout=2	mx=	md=	deps=	hid=0/0/0	cat=Base	meta=	desc=Output raster dataset
gdal raster unscale	creation-option		co	string_list	req=0	pos=0	in=1	out=0	cnt=0..-1	def=	choices=	min=	max=	ds=	dsin=0	dsout=0	mx=	md=	deps=	hid=0/0/0	cat=Base	meta=	desc=Creation option
gdal raster unscale	overwrite			boolean	req=0	pos=0	in=1	out=0	cnt=0..1	def=false	choices=	min=	max=	ds=	dsin=0	dsout=0	mx=overwrite-append	md=	deps=	hid=0/0/0	cat=Base	meta=	desc=Whether overwriting existing output dataset is allowed
gdal raster unscale	append			boolean	req=0	pos=0	in=1	out=0	cnt=0..1	def=false	choices=	min=	max=	ds=	dsin=0	dsout=0	mx=overwrite-append	md=	deps=	hid=0/0/0	cat=Base	meta=	desc=Append as a subdataset to existing output
gdal raster unscale	output-data-type		ot|datatype	string	req=0	pos=0	in=1	out=0	cnt=0..1	def=	choices=UInt8|Int8|UInt16|Int16|UInt32|Int32|UInt64|Int64|CInt16|CInt32|Float16|Float32|Float64|CFloat32|CFloat64	min=	max=	ds=	dsin=0	dsout=0	mx=	md=	deps=	hid=0/0/0	cat=Base	meta=type=GDALDataType;	desc=Output data type
gdal raster update	help	h		boolean	req=0	pos=0	in=1	out=0	cnt=0..1	def=	choices=	min=	max=	ds=	dsin=0	dsout=0	mx=	md=	deps=	hid=0/0/1	cat=Common	meta=	desc=Display help message and exit
gdal raster update	help-doc			boolean	req=0	pos=0	in=1	out=0	cnt=0..1	def=	choices=	min=	max=	ds=	dsin=0	dsout=0	mx=	md=	deps=	hid=1/1/1	cat=Base	meta=	desc=Display help message for use by documentation
gdal raster update	json-usage			boolean	req=0	pos=0	in=1	out=0	cnt=0..1	def=	choices=	min=	max=	ds=	dsin=0	dsout=0	mx=	md=	deps=	hid=0/0/1	cat=Common	meta=	desc=Display usage as JSON document and exit
gdal raster update	config			string_list	req=0	pos=0	in=1	out=0	cnt=0..-1	def=	choices=	min=	max=	ds=	dsin=0	dsout=0	mx=	md=	deps=	hid=0/0/1	cat=Common	meta=	desc=Configuration option
gdal raster update	quiet	q		boolean	req=0	pos=0	in=1	out=0	cnt=0..1	def=	choices=	min=	max=	ds=	dsin=0	dsout=0	mx=	md=	deps=	hid=0/0/0	cat=Common	meta=	desc=Quiet mode (no progress bar or warning message)
gdal raster update	progress			boolean	req=0	pos=0	in=1	out=0	cnt=0..1	def=	choices=	min=	max=	ds=	dsin=0	dsout=0	mx=	md=	deps=	hid=1/1/1	cat=Base	meta=	desc=Display progress bar
gdal raster update	input-format		if	string_list	req=0	pos=0	in=1	out=0	cnt=0..-1	def=	choices=	min=	max=	ds=	dsin=0	dsout=0	mx=	md=	deps=	hid=0/0/0	cat=Advanced	meta=required_capabilities=DCAP_RASTER;	desc=Input formats
gdal raster update	open-option		oo	string_list	req=0	pos=0	in=1	out=0	cnt=0..-1	def=	choices=	min=	max=	ds=	dsin=0	dsout=0	mx=	md=	deps=	hid=0/0/0	cat=Advanced	meta=	desc=Open options
gdal raster update	input	i		dataset_list	req=1	pos=1	in=1	out=0	cnt=1..1	def=	choices=	min=	max=	ds=raster	dsin=3	dsout=2	mx=	md=	deps=	hid=0/0/0	cat=Base	meta=	desc=Input raster datasets
gdal raster update	output	o		dataset	req=1	pos=1	in=1	out=1	cnt=0..1	def=	choices=	min=	max=	ds=raster	dsin=3	dsout=2	mx=	md=	deps=	hid=0/0/0	cat=Base	meta=	desc=Output raster dataset
gdal raster update	update			boolean	req=0	pos=0	in=1	out=0	cnt=0..1	def=true	choices=	min=	max=	ds=	dsin=0	dsout=0	mx=	md=	deps=	hid=1/1/1	cat=Base	meta=	desc=Whether to open existing dataset in update mode
gdal raster update	geometry			string	req=0	pos=0	in=1	out=0	cnt=0..1	def=	choices=	min=	max=	ds=	dsin=0	dsout=0	mx=bbox-geometry-like	md=	deps=	hid=0/0/0	cat=Base	meta=	desc=Clipping geometry (WKT or GeoJSON)
gdal raster update	geometry-crs			string	req=0	pos=0	in=1	out=0	cnt=0..1	def=	choices=	min=	max=	ds=	dsin=0	dsout=0	mx=	md=	deps=	hid=0/0/0	cat=Base	meta=	desc=CRS of clipping geometry
gdal raster update	resampling	r		string	req=0	pos=0	in=1	out=0	cnt=0..1	def=nearest	choices=nearest|bilinear|cubic|cubicspline|lanczos|average|rms|mode|min|max|med|q1|q3|sum	min=	max=	ds=	dsin=0	dsout=0	mx=	md=	deps=	hid=0/0/0	cat=Base	meta=	desc=Resampling method
gdal raster update	warp-option		wo	string_list	req=0	pos=0	in=1	out=0	cnt=0..-1	def=	choices=	min=	max=	ds=	dsin=0	dsout=0	mx=	md=	deps=	hid=0/0/0	cat=Advanced	meta=	desc=Warping option(s)
gdal raster update	transform-option		to	string_list	req=0	pos=0	in=1	out=0	cnt=0..-1	def=	choices=	min=	max=	ds=	dsin=0	dsout=0	mx=	md=	deps=	hid=0/0/0	cat=Advanced	meta=	desc=Transform option(s)
gdal raster update	error-threshold		et	real	req=0	pos=0	in=1	out=0	cnt=0..1	def=	choices=	min=[0	max=	ds=	dsin=0	dsout=0	mx=	md=	deps=	hid=0/0/0	cat=Advanced	meta=	desc=Error threshold
gdal raster update	no-update-overviews			boolean	req=0	pos=0	in=1	out=0	cnt=0..1	def=	choices=	min=	max=	ds=	dsin=0	dsout=0	mx=	md=	deps=	hid=0/0/0	cat=Base	meta=	desc=Do not update existing overviews
gdal raster viewshed	help	h		boolean	req=0	pos=0	in=1	out=0	cnt=0..1	def=	choices=	min=	max=	ds=	dsin=0	dsout=0	mx=	md=	deps=	hid=0/0/1	cat=Common	meta=	desc=Display help message and exit
gdal raster viewshed	help-doc			boolean	req=0	pos=0	in=1	out=0	cnt=0..1	def=	choices=	min=	max=	ds=	dsin=0	dsout=0	mx=	md=	deps=	hid=1/1/1	cat=Base	meta=	desc=Display help message for use by documentation
gdal raster viewshed	json-usage			boolean	req=0	pos=0	in=1	out=0	cnt=0..1	def=	choices=	min=	max=	ds=	dsin=0	dsout=0	mx=	md=	deps=	hid=0/0/1	cat=Common	meta=	desc=Display usage as JSON document and exit
gdal raster viewshed	config			string_list	req=0	pos=0	in=1	out=0	cnt=0..-1	def=	choices=	min=	max=	ds=	dsin=0	dsout=0	mx=	md=	deps=	hid=0/0/1	cat=Common	meta=	desc=Configuration option
gdal raster viewshed	input-format		if	string_list	req=0	pos=0	in=1	out=0	cnt=0..-1	def=	choices=	min=	max=	ds=	dsin=0	dsout=0	mx=	md=	deps=	hid=0/0/0	cat=Advanced	meta=required_capabilities=DCAP_RASTER;	desc=Input formats
gdal raster viewshed	open-option		oo	string_list	req=0	pos=0	in=1	out=0	cnt=0..-1	def=	choices=	min=	max=	ds=	dsin=0	dsout=0	mx=	md=	deps=	hid=0/0/0	cat=Advanced	meta=	desc=Open options
gdal raster viewshed	input	i		dataset_list	req=1	pos=1	in=1	out=0	cnt=1..1	def=	choices=	min=	max=	ds=raster	dsin=3	dsout=2	mx=	md=	deps=	hid=0/0/0	cat=Base	meta=	desc=Input raster datasets
gdal raster viewshed	quiet	q		boolean	req=0	pos=0	in=1	out=0	cnt=0..1	def=	choices=	min=	max=	ds=	dsin=0	dsout=0	mx=	md=	deps=	hid=0/0/0	cat=Common	meta=	desc=Quiet mode (no progress bar or warning message)
gdal raster viewshed	progress			boolean	req=0	pos=0	in=1	out=0	cnt=0..1	def=	choices=	min=	max=	ds=	dsin=0	dsout=0	mx=	md=	deps=	hid=1/1/1	cat=Base	meta=	desc=Display progress bar
gdal raster viewshed	output-format	f	of|format	string	req=0	pos=0	in=1	out=0	cnt=0..1	def=	choices=	min=	max=	ds=	dsin=0	dsout=0	mx=	md=	deps=	hid=0/0/0	cat=Base	meta=required_capabilities=DCAP_RASTER,DCAP_CREATECOPY;	desc=Output format ("GDALG" allowed)
gdal raster viewshed	output	o		dataset	req=1	pos=1	in=1	out=1	cnt=0..1	def=	choices=	min=	max=	ds=raster	dsin=3	dsout=2	mx=	md=	deps=	hid=0/0/0	cat=Base	meta=	desc=Output raster dataset
gdal raster viewshed	creation-option		co	string_list	req=0	pos=0	in=1	out=0	cnt=0..-1	def=	choices=	min=	max=	ds=	dsin=0	dsout=0	mx=	md=	deps=	hid=0/0/0	cat=Base	meta=	desc=Creation option
gdal raster viewshed	overwrite			boolean	req=0	pos=0	in=1	out=0	cnt=0..1	def=false	choices=	min=	max=	ds=	dsin=0	dsout=0	mx=overwrite-append	md=	deps=	hid=0/0/0	cat=Base	meta=	desc=Whether overwriting existing output dataset is allowed
gdal raster viewshed	append			boolean	req=0	pos=0	in=1	out=0	cnt=0..1	def=false	choices=	min=	max=	ds=	dsin=0	dsout=0	mx=overwrite-append	md=	deps=	hid=0/0/0	cat=Base	meta=	desc=Append as a subdataset to existing output
gdal raster viewshed	position	p	pos	real_list	req=0	pos=0	in=1	out=0	cnt=2..3	def=	choices=	min=	max=	ds=	dsin=0	dsout=0	mx=	md=	deps=	hid=0/0/0	cat=Base	meta=	desc=Observer position
gdal raster viewshed	height	z		real	req=0	pos=0	in=1	out=0	cnt=0..1	def=	choices=	min=	max=	ds=	dsin=0	dsout=0	mx=	md=	deps=	hid=0/0/0	cat=Base	meta=	desc=Observer height
gdal raster viewshed	sd-filename			dataset	req=0	pos=0	in=1	out=0	cnt=0..1	def=	choices=	min=	max=	ds=raster	dsin=3	dsout=2	mx=	md=	deps=	hid=0/0/0	cat=Base	meta=	desc=Filename of standard-deviation raster
gdal raster viewshed	target-height			real	req=0	pos=0	in=1	out=0	cnt=0..1	def=0	choices=	min=	max=	ds=	dsin=0	dsout=0	mx=	md=	deps=	hid=0/0/0	cat=Base	meta=	desc=Height of the target above the DEM surface in the height unit of the DEM.
gdal raster viewshed	mode			string	req=0	pos=0	in=1	out=0	cnt=0..1	def=normal	choices=normal|DEM|ground|cumulative	min=	max=	ds=	dsin=0	dsout=0	mx=	md=	deps=	hid=0/0/0	cat=Base	meta=	desc=Sets what information the output contains.
gdal raster viewshed	max-distance			real	req=0	pos=0	in=1	out=0	cnt=0..1	def=	choices=	min=[0	max=	ds=	dsin=0	dsout=0	mx=	md=	deps=	hid=0/0/0	cat=Base	meta=	desc=Maximum distance from observer to compute visibility. It is also used to clamp the extent of the output raster.
gdal raster viewshed	min-distance			real	req=0	pos=0	in=1	out=0	cnt=0..1	def=	choices=	min=[0	max=	ds=	dsin=0	dsout=0	mx=	md=	deps=	hid=0/0/0	cat=Base	meta=	desc=Mask all cells less than this distance from the observer. Must be less than 'max-distance'.
gdal raster viewshed	start-angle			real	req=0	pos=0	in=1	out=0	cnt=0..1	def=	choices=	min=[0	max=360)	ds=	dsin=0	dsout=0	mx=	md=	deps=	hid=0/0/0	cat=Base	meta=	desc=Mask all cells outside of the arc ('start-angle', 'end-angle'). Clockwise degrees from north. Also used to clamp the extent of the output raster.
gdal raster viewshed	end-angle			real	req=0	pos=0	in=1	out=0	cnt=0..1	def=	choices=	min=[0	max=360)	ds=	dsin=0	dsout=0	mx=	md=	deps=	hid=0/0/0	cat=Base	meta=	desc=Mask all cells outside of the arc ('start-angle', 'end-angle'). Clockwise degrees from north. Also used to clamp the extent of the output raster.
gdal raster viewshed	high-pitch			real	req=0	pos=0	in=1	out=0	cnt=0..1	def=	choices=	min=(-90	max=90]	ds=	dsin=0	dsout=0	mx=	md=	deps=	hid=0/0/0	cat=Base	meta=	desc=Mark all cells out-of-range where the observable height would be higher than the 'high-pitch' angle from the observer. Degrees from horizontal - positive is up. Must be greater than 'low-pitch'.
gdal raster viewshed	low-pitch			real	req=0	pos=0	in=1	out=0	cnt=0..1	def=	choices=	min=[-90	max=90)	ds=	dsin=0	dsout=0	mx=	md=	deps=	hid=0/0/0	cat=Base	meta=	desc=Bound observable height to be no lower than the 'low-pitch' angle from the observer. Degrees from horizontal - positive is up. Must be less than 'high-pitch'.
gdal raster viewshed	curvature-coefficient			real	req=0	pos=0	in=1	out=0	cnt=0..1	def=	choices=	min=[0	max=	ds=	dsin=0	dsout=0	mx=	md=	deps=	hid=0/0/0	cat=Base	meta=	desc=Coefficient to consider the effect of the curvature and refraction.
gdal raster viewshed	band	b		integer	req=0	pos=0	in=1	out=0	cnt=0..1	def=1	choices=	min=	max=	ds=	dsin=0	dsout=0	mx=	md=	deps=	hid=0/0/0	cat=Base	meta=	desc=Input band (1-based index)
gdal raster viewshed	visible-value			real	req=0	pos=0	in=1	out=0	cnt=0..1	def=255	choices=	min=[0	max=255]	ds=	dsin=0	dsout=0	mx=	md=	deps=	hid=0/0/0	cat=Base	meta=	desc=Pixel value to set for visible areas
gdal raster viewshed	invisible-value			real	req=0	pos=0	in=1	out=0	cnt=0..1	def=0	choices=	min=[0	max=255]	ds=	dsin=0	dsout=0	mx=	md=	deps=	hid=0/0/0	cat=Base	meta=	desc=Pixel value to set for invisible areas
gdal raster viewshed	maybe-visible-value			real	req=0	pos=0	in=1	out=0	cnt=0..1	def=2	choices=	min=[0	max=255]	ds=	dsin=0	dsout=0	mx=	md=	deps=	hid=0/0/0	cat=Base	meta=	desc=Pixel value to set for potentially visible areas
gdal raster viewshed	out-of-range-value			real	req=0	pos=0	in=1	out=0	cnt=0..1	def=0	choices=	min=	max=	ds=	dsin=0	dsout=0	mx=	md=	deps=	hid=0/0/0	cat=Base	meta=	desc=Pixel value to set for the cells that fall outside of the range specified by the observer location and the maximum distance
gdal raster viewshed	output-nodata			real	req=0	pos=0	in=1	out=0	cnt=0..1	def=	choices=	min=[0	max=255]	ds=	dsin=0	dsout=0	mx=	md=	deps=	hid=0/0/0	cat=Base	meta=	desc=The value to be set for the cells in the output raster that have no data.
gdal raster viewshed	observer-spacing			integer	req=0	pos=0	in=1	out=0	cnt=0..1	def=10	choices=	min=[1	max=	ds=	dsin=0	dsout=0	mx=	md=	deps=	hid=0/0/0	cat=Base	meta=	desc=Cell Spacing between observers
gdal raster viewshed	num-threads	j		string	req=0	pos=0	in=1	out=0	cnt=0..1	def=3	choices=	min=	max=	ds=	dsin=0	dsout=0	mx=	md=	deps=	hid=0/0/0	cat=Base	meta=	desc=Number of jobs (or ALL_CPUS)
gdal raster viewshed	num-threads-int-hidden			integer	req=0	pos=0	in=1	out=0	cnt=0..1	def=	choices=	min=	max=	ds=	dsin=0	dsout=0	mx=	md=	deps=	hid=1/1/1	cat=Base	meta=	desc=Number of jobs (read-only, hidden argument)
gdal raster zonal-stats	help	h		boolean	req=0	pos=0	in=1	out=0	cnt=0..1	def=	choices=	min=	max=	ds=	dsin=0	dsout=0	mx=	md=	deps=	hid=0/0/1	cat=Common	meta=	desc=Display help message and exit
gdal raster zonal-stats	help-doc			boolean	req=0	pos=0	in=1	out=0	cnt=0..1	def=	choices=	min=	max=	ds=	dsin=0	dsout=0	mx=	md=	deps=	hid=1/1/1	cat=Base	meta=	desc=Display help message for use by documentation
gdal raster zonal-stats	json-usage			boolean	req=0	pos=0	in=1	out=0	cnt=0..1	def=	choices=	min=	max=	ds=	dsin=0	dsout=0	mx=	md=	deps=	hid=0/0/1	cat=Common	meta=	desc=Display usage as JSON document and exit
gdal raster zonal-stats	config			string_list	req=0	pos=0	in=1	out=0	cnt=0..-1	def=	choices=	min=	max=	ds=	dsin=0	dsout=0	mx=	md=	deps=	hid=0/0/1	cat=Common	meta=	desc=Configuration option
gdal raster zonal-stats	input-format		if	string_list	req=0	pos=0	in=1	out=0	cnt=0..-1	def=	choices=	min=	max=	ds=	dsin=0	dsout=0	mx=	md=	deps=	hid=0/0/0	cat=Advanced	meta=required_capabilities=DCAP_RASTER;	desc=Input formats
gdal raster zonal-stats	open-option		oo	string_list	req=0	pos=0	in=1	out=0	cnt=0..-1	def=	choices=	min=	max=	ds=	dsin=0	dsout=0	mx=	md=	deps=	hid=0/0/0	cat=Advanced	meta=	desc=Open options
gdal raster zonal-stats	input	i		dataset_list	req=1	pos=1	in=1	out=0	cnt=1..1	def=	choices=	min=	max=	ds=raster	dsin=3	dsout=2	mx=	md=	deps=	hid=0/0/0	cat=Base	meta=	desc=Input raster datasets
gdal raster zonal-stats	output-format	f	of|format	string	req=0	pos=0	in=1	out=0	cnt=0..1	def=	choices=	min=	max=	ds=	dsin=0	dsout=0	mx=	md=	deps=	hid=0/0/0	cat=Base	meta=required_capabilities=DCAP_VECTOR,DCAP_CREATE;	desc=Output format ("GDALG" allowed)
gdal raster zonal-stats	output-open-option		output-oo	string_list	req=0	pos=0	in=1	out=0	cnt=0..-1	def=	choices=	min=	max=	ds=	dsin=0	dsout=0	mx=	md=	deps=	hid=0/0/0	cat=Advanced	meta=	desc=Output open options
gdal raster zonal-stats	output	o		dataset	req=1	pos=1	in=1	out=1	cnt=0..1	def=	choices=	min=	max=	ds=vector	dsin=3	dsout=2	mx=	md=	deps=	hid=0/0/0	cat=Base	meta=	desc=Output vector dataset
gdal raster zonal-stats	creation-option		co	string_list	req=0	pos=0	in=1	out=0	cnt=0..-1	def=	choices=	min=	max=	ds=	dsin=0	dsout=0	mx=	md=	deps=	hid=0/0/0	cat=Base	meta=	desc=Creation option
gdal raster zonal-stats	layer-creation-option		lco	string_list	req=0	pos=0	in=1	out=0	cnt=0..-1	def=	choices=	min=	max=	ds=	dsin=0	dsout=0	mx=	md=	deps=	hid=0/0/0	cat=Base	meta=	desc=Layer creation option
gdal raster zonal-stats	overwrite			boolean	req=0	pos=0	in=1	out=0	cnt=0..1	def=false	choices=	min=	max=	ds=	dsin=0	dsout=0	mx=	md=	deps=	hid=0/0/0	cat=Base	meta=	desc=Whether overwriting existing output dataset is allowed
gdal raster zonal-stats	update			boolean	req=0	pos=0	in=1	out=0	cnt=0..1	def=false	choices=	min=	max=	ds=	dsin=0	dsout=0	mx=	md=	deps=	hid=0/0/0	cat=Base	meta=	desc=Whether to open existing dataset in update mode
gdal raster zonal-stats	overwrite-layer			boolean	req=0	pos=0	in=1	out=0	cnt=0..1	def=false	choices=	min=	max=	ds=	dsin=0	dsout=0	mx=	md=	deps=	hid=0/0/0	cat=Base	meta=	desc=Whether overwriting existing output layer is allowed
gdal raster zonal-stats	append			boolean	req=0	pos=0	in=1	out=0	cnt=0..1	def=false	choices=	min=	max=	ds=	dsin=0	dsout=0	mx=append-upsert	md=	deps=	hid=0/0/0	cat=Base	meta=	desc=Whether appending to existing layer is allowed
gdal raster zonal-stats	upsert			boolean	req=0	pos=0	in=1	out=0	cnt=0..1	def=	choices=	min=	max=	ds=	dsin=0	dsout=0	mx=append-upsert	md=	deps=	hid=0/0/0	cat=Advanced	meta=	desc=Upsert features (implies 'append')
gdal raster zonal-stats	output-layer			string	req=0	pos=0	in=1	out=0	cnt=0..1	def=	choices=	min=	max=	ds=	dsin=0	dsout=0	mx=	md=	deps=	hid=0/0/0	cat=Base	meta=	desc=Output layer name
gdal raster zonal-stats	skip-errors			boolean	req=0	pos=0	in=1	out=0	cnt=0..1	def=	choices=	min=	max=	ds=	dsin=0	dsout=0	mx=	md=	deps=	hid=0/0/0	cat=Base	meta=	desc=Skip errors when writing features
gdal raster zonal-stats	band	b		integer_list	req=0	pos=0	in=1	out=0	cnt=0..-1	def=	choices=	min=	max=	ds=	dsin=0	dsout=0	mx=	md=	deps=	hid=0/0/0	cat=Base	meta=	desc=Input band(s) (1-based index)
gdal raster zonal-stats	zones			dataset	req=1	pos=0	in=1	out=0	cnt=0..1	def=	choices=	min=	max=	ds=raster,vector,multidim	dsin=3	dsout=2	mx=	md=	deps=	hid=0/0/0	cat=Base	meta=	desc=Dataset containing zone definitions
gdal raster zonal-stats	zones-band			integer	req=0	pos=0	in=1	out=0	cnt=0..1	def=	choices=	min=	max=	ds=	dsin=0	dsout=0	mx=BAND_OR_LAYER	md=	deps=	hid=0/0/0	cat=Base	meta=	desc=Band from which zones should be read
gdal raster zonal-stats	zones-layer			string	req=0	pos=0	in=1	out=0	cnt=0..1	def=	choices=	min=	max=	ds=	dsin=0	dsout=0	mx=BAND_OR_LAYER	md=	deps=	hid=0/0/0	cat=Base	meta=	desc=Layer from which zones should be read
gdal raster zonal-stats	weights			dataset	req=0	pos=0	in=1	out=0	cnt=0..1	def=	choices=	min=	max=	ds=raster,vector,multidim	dsin=3	dsout=2	mx=	md=	deps=	hid=0/0/0	cat=Base	meta=	desc=Weighting raster dataset
gdal raster zonal-stats	weights-band			integer	req=0	pos=0	in=1	out=0	cnt=0..1	def=1	choices=	min=	max=	ds=	dsin=0	dsout=0	mx=	md=	deps=	hid=0/0/0	cat=Base	meta=	desc=Band from which weights should be read
gdal raster zonal-stats	pixels			string	req=0	pos=0	in=1	out=0	cnt=0..1	def=	choices=default|fractional|all-touched	min=	max=	ds=	dsin=0	dsout=0	mx=	md=	deps=	hid=0/0/0	cat=Base	meta=	desc=Method to determine which pixels are included in stat calculation.
gdal raster zonal-stats	stat			string_list	req=1	pos=0	in=1	out=0	cnt=0..-1	def=	choices=center_x|center_y|count|coverage|frac|max|max_center_x|max_center_y|mean|median|min|minority|min_center_x|min_center_y|mode|stdev|sum|unique|values|variance|variety|weighted_mean|weighted_stdev|weighted_sum|weighted_variance|weights	min=[1	max=	ds=	dsin=0	dsout=0	mx=	md=	deps=	hid=0/0/0	cat=Base	meta=	desc=Statistic(s) to compute for each zone
gdal raster zonal-stats	include-field			string_list	req=0	pos=0	in=1	out=0	cnt=0..-1	def=	choices=	min=	max=	ds=	dsin=0	dsout=0	mx=	md=	deps=	hid=0/0/0	cat=Base	meta=	desc=Fields from polygon zones to include in output
gdal raster zonal-stats	include-geom			boolean	req=0	pos=0	in=1	out=0	cnt=0..1	def=	choices=	min=	max=	ds=	dsin=0	dsout=0	mx=	md=	deps=	hid=0/0/0	cat=Base	meta=	desc=Include polygon zone geometry in the output
gdal raster zonal-stats	strategy			string	req=0	pos=0	in=1	out=0	cnt=0..1	def=feature	choices=feature|raster	min=	max=	ds=	dsin=0	dsout=0	mx=	md=	deps=	hid=0/0/0	cat=Base	meta=	desc=For polygon zones, whether to iterate over input features or raster chunks
gdal raster zonal-stats	chunk-size			string	req=0	pos=0	in=1	out=0	cnt=0..1	def=5%	choices=	min=	max=	ds=	dsin=0	dsout=0	mx=	md=	deps=	hid=0/0/0	cat=Base	meta=	desc=Maximum size of raster chunks read into memory
gdal raster zonal-stats	quiet	q		boolean	req=0	pos=0	in=1	out=0	cnt=0..1	def=	choices=	min=	max=	ds=	dsin=0	dsout=0	mx=	md=	deps=	hid=0/0/0	cat=Common	meta=	desc=Quiet mode (no progress bar or warning message)
gdal raster zonal-stats	progress			boolean	req=0	pos=0	in=1	out=0	cnt=0..1	def=	choices=	min=	max=	ds=	dsin=0	dsout=0	mx=	md=	deps=	hid=1/1/1	cat=Base	meta=	desc=Display progress bar
gdal vector	help	h		boolean	req=0	pos=0	in=1	out=0	cnt=0..1	def=	choices=	min=	max=	ds=	dsin=0	dsout=0	mx=	md=	deps=	hid=0/0/1	cat=Common	meta=	desc=Display help message and exit
gdal vector	help-doc			boolean	req=0	pos=0	in=1	out=0	cnt=0..1	def=	choices=	min=	max=	ds=	dsin=0	dsout=0	mx=	md=	deps=	hid=1/1/1	cat=Base	meta=	desc=Display help message for use by documentation
gdal vector	json-usage			boolean	req=0	pos=0	in=1	out=0	cnt=0..1	def=	choices=	min=	max=	ds=	dsin=0	dsout=0	mx=	md=	deps=	hid=0/0/1	cat=Common	meta=	desc=Display usage as JSON document and exit
gdal vector	config			string_list	req=0	pos=0	in=1	out=0	cnt=0..-1	def=	choices=	min=	max=	ds=	dsin=0	dsout=0	mx=	md=	deps=	hid=0/0/1	cat=Common	meta=	desc=Configuration option
gdal vector	drivers			boolean	req=0	pos=0	in=1	out=0	cnt=0..1	def=	choices=	min=	max=	ds=	dsin=0	dsout=0	mx=	md=	deps=	hid=0/0/0	cat=Base	meta=	desc=Display vector driver list as JSON document and exit
gdal vector	output-string			string	req=0	pos=0	in=0	out=1	cnt=0..1	def=	choices=	min=	max=	ds=	dsin=0	dsout=0	mx=	md=	deps=	hid=0/1/0	cat=Base	meta=	desc=Output string, in which the result is placed
gdal vector buffer	help	h		boolean	req=0	pos=0	in=1	out=0	cnt=0..1	def=	choices=	min=	max=	ds=	dsin=0	dsout=0	mx=	md=	deps=	hid=0/0/1	cat=Common	meta=	desc=Display help message and exit
gdal vector buffer	help-doc			boolean	req=0	pos=0	in=1	out=0	cnt=0..1	def=	choices=	min=	max=	ds=	dsin=0	dsout=0	mx=	md=	deps=	hid=1/1/1	cat=Base	meta=	desc=Display help message for use by documentation
gdal vector buffer	json-usage			boolean	req=0	pos=0	in=1	out=0	cnt=0..1	def=	choices=	min=	max=	ds=	dsin=0	dsout=0	mx=	md=	deps=	hid=0/0/1	cat=Common	meta=	desc=Display usage as JSON document and exit
gdal vector buffer	config			string_list	req=0	pos=0	in=1	out=0	cnt=0..-1	def=	choices=	min=	max=	ds=	dsin=0	dsout=0	mx=	md=	deps=	hid=0/0/1	cat=Common	meta=	desc=Configuration option
gdal vector buffer	input-format		if	string_list	req=0	pos=0	in=1	out=0	cnt=0..-1	def=	choices=	min=	max=	ds=	dsin=0	dsout=0	mx=	md=	deps=	hid=0/0/0	cat=Advanced	meta=required_capabilities=DCAP_VECTOR;	desc=Input formats
gdal vector buffer	open-option		oo	string_list	req=0	pos=0	in=1	out=0	cnt=0..-1	def=	choices=	min=	max=	ds=	dsin=0	dsout=0	mx=	md=	deps=	hid=0/0/0	cat=Advanced	meta=	desc=Open options
gdal vector buffer	input	i		dataset_list	req=1	pos=1	in=1	out=0	cnt=1..1	def=	choices=	min=	max=	ds=vector	dsin=3	dsout=2	mx=	md=	deps=	hid=0/0/0	cat=Base	meta=	desc=Input vector datasets
gdal vector buffer	input-layer	l	layer	string_list	req=0	pos=0	in=1	out=0	cnt=0..-1	def=	choices=	min=	max=	ds=	dsin=0	dsout=0	mx=	md=	deps=	hid=0/0/0	cat=Base	meta=	desc=Input layer name(s)
gdal vector buffer	quiet	q		boolean	req=0	pos=0	in=1	out=0	cnt=0..1	def=	choices=	min=	max=	ds=	dsin=0	dsout=0	mx=	md=	deps=	hid=0/0/0	cat=Common	meta=	desc=Quiet mode (no progress bar or warning message)
gdal vector buffer	progress			boolean	req=0	pos=0	in=1	out=0	cnt=0..1	def=	choices=	min=	max=	ds=	dsin=0	dsout=0	mx=	md=	deps=	hid=1/1/1	cat=Base	meta=	desc=Display progress bar
gdal vector buffer	output-format	f	of|format	string	req=0	pos=0	in=1	out=0	cnt=0..1	def=	choices=	min=	max=	ds=	dsin=0	dsout=0	mx=	md=	deps=	hid=0/0/0	cat=Base	meta=required_capabilities=DCAP_VECTOR,DCAP_CREATE;	desc=Output format ("GDALG" allowed)
gdal vector buffer	output-open-option		output-oo	string_list	req=0	pos=0	in=1	out=0	cnt=0..-1	def=	choices=	min=	max=	ds=	dsin=0	dsout=0	mx=	md=	deps=	hid=0/0/0	cat=Advanced	meta=	desc=Output open options
gdal vector buffer	output	o		dataset	req=1	pos=1	in=1	out=1	cnt=0..1	def=	choices=	min=	max=	ds=vector	dsin=3	dsout=2	mx=	md=	deps=	hid=0/0/0	cat=Base	meta=	desc=Output vector dataset
gdal vector buffer	creation-option		co	string_list	req=0	pos=0	in=1	out=0	cnt=0..-1	def=	choices=	min=	max=	ds=	dsin=0	dsout=0	mx=	md=	deps=	hid=0/0/0	cat=Base	meta=	desc=Creation option
gdal vector buffer	layer-creation-option		lco	string_list	req=0	pos=0	in=1	out=0	cnt=0..-1	def=	choices=	min=	max=	ds=	dsin=0	dsout=0	mx=	md=	deps=	hid=0/0/0	cat=Base	meta=	desc=Layer creation option
gdal vector buffer	overwrite			boolean	req=0	pos=0	in=1	out=0	cnt=0..1	def=false	choices=	min=	max=	ds=	dsin=0	dsout=0	mx=	md=	deps=	hid=0/0/0	cat=Base	meta=	desc=Whether overwriting existing output dataset is allowed
gdal vector buffer	update			boolean	req=0	pos=0	in=1	out=0	cnt=0..1	def=false	choices=	min=	max=	ds=	dsin=0	dsout=0	mx=	md=	deps=	hid=0/0/0	cat=Base	meta=	desc=Whether to open existing dataset in update mode
gdal vector buffer	overwrite-layer			boolean	req=0	pos=0	in=1	out=0	cnt=0..1	def=false	choices=	min=	max=	ds=	dsin=0	dsout=0	mx=	md=	deps=	hid=0/0/0	cat=Base	meta=	desc=Whether overwriting existing output layer is allowed
gdal vector buffer	append			boolean	req=0	pos=0	in=1	out=0	cnt=0..1	def=false	choices=	min=	max=	ds=	dsin=0	dsout=0	mx=append-upsert	md=	deps=	hid=0/0/0	cat=Base	meta=	desc=Whether appending to existing layer is allowed
gdal vector buffer	upsert			boolean	req=0	pos=0	in=1	out=0	cnt=0..1	def=	choices=	min=	max=	ds=	dsin=0	dsout=0	mx=append-upsert	md=	deps=	hid=0/0/0	cat=Advanced	meta=	desc=Upsert features (implies 'append')
gdal vector buffer	output-layer			string	req=0	pos=0	in=1	out=0	cnt=0..1	def=	choices=	min=	max=	ds=	dsin=0	dsout=0	mx=	md=	deps=	hid=0/0/0	cat=Base	meta=	desc=Output layer name
gdal vector buffer	skip-errors			boolean	req=0	pos=0	in=1	out=0	cnt=0..1	def=	choices=	min=	max=	ds=	dsin=0	dsout=0	mx=	md=	deps=	hid=0/0/0	cat=Base	meta=	desc=Skip errors when writing features
gdal vector buffer	active-layer			string	req=0	pos=0	in=1	out=0	cnt=0..1	def=	choices=	min=	max=	ds=	dsin=0	dsout=0	mx=	md=	deps=	hid=0/0/0	cat=Base	meta=	desc=Set active layer (if not specified, all)
gdal vector buffer	active-geometry			string	req=0	pos=0	in=1	out=0	cnt=0..1	def=	choices=	min=	max=	ds=	dsin=0	dsout=0	mx=	md=	deps=	hid=0/0/0	cat=Base	meta=	desc=Geometry field name to which to restrict the processing (if not specified, all)
gdal vector buffer	distance			real	req=1	pos=1	in=1	out=0	cnt=0..1	def=	choices=	min=	max=	ds=	dsin=0	dsout=0	mx=	md=	deps=	hid=0/0/0	cat=Base	meta=	desc=Distance to which to extend the geometry.
gdal vector buffer	endcap-style			string	req=0	pos=0	in=1	out=0	cnt=0..1	def=round	choices=round|flat|square	min=	max=	ds=	dsin=0	dsout=0	mx=	md=	deps=	hid=0/0/0	cat=Base	meta=	desc=Endcap style.
gdal vector buffer	join-style			string	req=0	pos=0	in=1	out=0	cnt=0..1	def=round	choices=round|mitre|bevel	min=	max=	ds=	dsin=0	dsout=0	mx=	md=	deps=	hid=0/0/0	cat=Base	meta=	desc=Join style.
gdal vector buffer	mitre-limit			real	req=0	pos=0	in=1	out=0	cnt=0..1	def=5	choices=	min=[0	max=	ds=	dsin=0	dsout=0	mx=	md=	deps=	hid=0/0/0	cat=Base	meta=	desc=Mitre ratio limit (only affects mitered join style).
gdal vector buffer	quadrant-segments			integer	req=0	pos=0	in=1	out=0	cnt=0..1	def=8	choices=	min=[1	max=	ds=	dsin=0	dsout=0	mx=	md=	deps=	hid=0/0/0	cat=Base	meta=	desc=Number of line segments used to approximate a quarter circle.
gdal vector buffer	side			string	req=0	pos=0	in=1	out=0	cnt=0..1	def=both	choices=both|left|right	min=	max=	ds=	dsin=0	dsout=0	mx=	md=	deps=	hid=0/0/0	cat=Base	meta=	desc=Sets whether the computed buffer should be single-sided or not.
gdal vector check-coverage	help	h		boolean	req=0	pos=0	in=1	out=0	cnt=0..1	def=	choices=	min=	max=	ds=	dsin=0	dsout=0	mx=	md=	deps=	hid=0/0/1	cat=Common	meta=	desc=Display help message and exit
gdal vector check-coverage	help-doc			boolean	req=0	pos=0	in=1	out=0	cnt=0..1	def=	choices=	min=	max=	ds=	dsin=0	dsout=0	mx=	md=	deps=	hid=1/1/1	cat=Base	meta=	desc=Display help message for use by documentation
gdal vector check-coverage	json-usage			boolean	req=0	pos=0	in=1	out=0	cnt=0..1	def=	choices=	min=	max=	ds=	dsin=0	dsout=0	mx=	md=	deps=	hid=0/0/1	cat=Common	meta=	desc=Display usage as JSON document and exit
gdal vector check-coverage	config			string_list	req=0	pos=0	in=1	out=0	cnt=0..-1	def=	choices=	min=	max=	ds=	dsin=0	dsout=0	mx=	md=	deps=	hid=0/0/1	cat=Common	meta=	desc=Configuration option
gdal vector check-coverage	input-format		if	string_list	req=0	pos=0	in=1	out=0	cnt=0..-1	def=	choices=	min=	max=	ds=	dsin=0	dsout=0	mx=	md=	deps=	hid=0/0/0	cat=Advanced	meta=required_capabilities=DCAP_VECTOR;	desc=Input formats
gdal vector check-coverage	open-option		oo	string_list	req=0	pos=0	in=1	out=0	cnt=0..-1	def=	choices=	min=	max=	ds=	dsin=0	dsout=0	mx=	md=	deps=	hid=0/0/0	cat=Advanced	meta=	desc=Open options
gdal vector check-coverage	input	i		dataset_list	req=1	pos=1	in=1	out=0	cnt=1..1	def=	choices=	min=	max=	ds=vector	dsin=3	dsout=2	mx=	md=	deps=	hid=0/0/0	cat=Base	meta=	desc=Input vector datasets
gdal vector check-coverage	input-layer	l	layer	string_list	req=0	pos=0	in=1	out=0	cnt=0..-1	def=	choices=	min=	max=	ds=	dsin=0	dsout=0	mx=	md=	deps=	hid=0/0/0	cat=Base	meta=	desc=Input layer name(s)
gdal vector check-coverage	quiet	q		boolean	req=0	pos=0	in=1	out=0	cnt=0..1	def=	choices=	min=	max=	ds=	dsin=0	dsout=0	mx=	md=	deps=	hid=0/0/0	cat=Common	meta=	desc=Quiet mode (no progress bar or warning message)
gdal vector check-coverage	progress			boolean	req=0	pos=0	in=1	out=0	cnt=0..1	def=	choices=	min=	max=	ds=	dsin=0	dsout=0	mx=	md=	deps=	hid=1/1/1	cat=Base	meta=	desc=Display progress bar
gdal vector check-coverage	output-format	f	of|format	string	req=0	pos=0	in=1	out=0	cnt=0..1	def=	choices=	min=	max=	ds=	dsin=0	dsout=0	mx=	md=	deps=	hid=0/0/0	cat=Base	meta=required_capabilities=DCAP_VECTOR,DCAP_CREATE;	desc=Output format ("GDALG" allowed)
gdal vector check-coverage	output-open-option		output-oo	string_list	req=0	pos=0	in=1	out=0	cnt=0..-1	def=	choices=	min=	max=	ds=	dsin=0	dsout=0	mx=	md=	deps=	hid=0/0/0	cat=Advanced	meta=	desc=Output open options
gdal vector check-coverage	output	o		dataset	req=1	pos=1	in=1	out=1	cnt=0..1	def=	choices=	min=	max=	ds=vector	dsin=3	dsout=2	mx=	md=	deps=	hid=0/0/0	cat=Base	meta=	desc=Output vector dataset
gdal vector check-coverage	creation-option		co	string_list	req=0	pos=0	in=1	out=0	cnt=0..-1	def=	choices=	min=	max=	ds=	dsin=0	dsout=0	mx=	md=	deps=	hid=0/0/0	cat=Base	meta=	desc=Creation option
gdal vector check-coverage	layer-creation-option		lco	string_list	req=0	pos=0	in=1	out=0	cnt=0..-1	def=	choices=	min=	max=	ds=	dsin=0	dsout=0	mx=	md=	deps=	hid=0/0/0	cat=Base	meta=	desc=Layer creation option
gdal vector check-coverage	overwrite			boolean	req=0	pos=0	in=1	out=0	cnt=0..1	def=false	choices=	min=	max=	ds=	dsin=0	dsout=0	mx=	md=	deps=	hid=0/0/0	cat=Base	meta=	desc=Whether overwriting existing output dataset is allowed
gdal vector check-coverage	update			boolean	req=0	pos=0	in=1	out=0	cnt=0..1	def=false	choices=	min=	max=	ds=	dsin=0	dsout=0	mx=	md=	deps=	hid=0/0/0	cat=Base	meta=	desc=Whether to open existing dataset in update mode
gdal vector check-coverage	overwrite-layer			boolean	req=0	pos=0	in=1	out=0	cnt=0..1	def=false	choices=	min=	max=	ds=	dsin=0	dsout=0	mx=	md=	deps=	hid=0/0/0	cat=Base	meta=	desc=Whether overwriting existing output layer is allowed
gdal vector check-coverage	append			boolean	req=0	pos=0	in=1	out=0	cnt=0..1	def=false	choices=	min=	max=	ds=	dsin=0	dsout=0	mx=append-upsert	md=	deps=	hid=0/0/0	cat=Base	meta=	desc=Whether appending to existing layer is allowed
gdal vector check-coverage	upsert			boolean	req=0	pos=0	in=1	out=0	cnt=0..1	def=	choices=	min=	max=	ds=	dsin=0	dsout=0	mx=append-upsert	md=	deps=	hid=0/0/0	cat=Advanced	meta=	desc=Upsert features (implies 'append')
gdal vector check-coverage	output-layer			string	req=0	pos=0	in=1	out=0	cnt=0..1	def=	choices=	min=	max=	ds=	dsin=0	dsout=0	mx=	md=	deps=	hid=0/0/0	cat=Base	meta=	desc=Output layer name
gdal vector check-coverage	skip-errors			boolean	req=0	pos=0	in=1	out=0	cnt=0..1	def=	choices=	min=	max=	ds=	dsin=0	dsout=0	mx=	md=	deps=	hid=0/0/0	cat=Base	meta=	desc=Skip errors when writing features
gdal vector check-coverage	no-create-empty-layers			boolean	req=0	pos=0	in=1	out=0	cnt=0..1	def=	choices=	min=	max=	ds=	dsin=0	dsout=0	mx=	md=	deps=	hid=0/0/0	cat=Base	meta=	desc=Avoid creating layers to which no features will be written
gdal vector check-coverage	include-valid			boolean	req=0	pos=0	in=1	out=0	cnt=0..1	def=	choices=	min=	max=	ds=	dsin=0	dsout=0	mx=	md=	deps=	hid=0/0/0	cat=Base	meta=	desc=Include valid inputs in output, with empty geometry
gdal vector check-coverage	geometry-field			string	req=0	pos=0	in=1	out=0	cnt=0..1	def=	choices=	min=	max=	ds=	dsin=0	dsout=0	mx=	md=	deps=	hid=0/0/0	cat=Base	meta=	desc=Name of geometry field to check
gdal vector check-coverage	maximum-gap-width			real	req=0	pos=0	in=1	out=0	cnt=0..1	def=	choices=	min=[0	max=	ds=	dsin=0	dsout=0	mx=	md=	deps=	hid=0/0/0	cat=Base	meta=	desc=Maximum width of a gap to be flagged
gdal vector check-geometry	help	h		boolean	req=0	pos=0	in=1	out=0	cnt=0..1	def=	choices=	min=	max=	ds=	dsin=0	dsout=0	mx=	md=	deps=	hid=0/0/1	cat=Common	meta=	desc=Display help message and exit
gdal vector check-geometry	help-doc			boolean	req=0	pos=0	in=1	out=0	cnt=0..1	def=	choices=	min=	max=	ds=	dsin=0	dsout=0	mx=	md=	deps=	hid=1/1/1	cat=Base	meta=	desc=Display help message for use by documentation
gdal vector check-geometry	json-usage			boolean	req=0	pos=0	in=1	out=0	cnt=0..1	def=	choices=	min=	max=	ds=	dsin=0	dsout=0	mx=	md=	deps=	hid=0/0/1	cat=Common	meta=	desc=Display usage as JSON document and exit
gdal vector check-geometry	config			string_list	req=0	pos=0	in=1	out=0	cnt=0..-1	def=	choices=	min=	max=	ds=	dsin=0	dsout=0	mx=	md=	deps=	hid=0/0/1	cat=Common	meta=	desc=Configuration option
gdal vector check-geometry	input-format		if	string_list	req=0	pos=0	in=1	out=0	cnt=0..-1	def=	choices=	min=	max=	ds=	dsin=0	dsout=0	mx=	md=	deps=	hid=0/0/0	cat=Advanced	meta=required_capabilities=DCAP_VECTOR;	desc=Input formats
gdal vector check-geometry	open-option		oo	string_list	req=0	pos=0	in=1	out=0	cnt=0..-1	def=	choices=	min=	max=	ds=	dsin=0	dsout=0	mx=	md=	deps=	hid=0/0/0	cat=Advanced	meta=	desc=Open options
gdal vector check-geometry	input	i		dataset_list	req=1	pos=1	in=1	out=0	cnt=1..1	def=	choices=	min=	max=	ds=vector	dsin=3	dsout=2	mx=	md=	deps=	hid=0/0/0	cat=Base	meta=	desc=Input vector datasets
gdal vector check-geometry	input-layer	l	layer	string_list	req=0	pos=0	in=1	out=0	cnt=0..-1	def=	choices=	min=	max=	ds=	dsin=0	dsout=0	mx=	md=	deps=	hid=0/0/0	cat=Base	meta=	desc=Input layer name(s)
gdal vector check-geometry	quiet	q		boolean	req=0	pos=0	in=1	out=0	cnt=0..1	def=	choices=	min=	max=	ds=	dsin=0	dsout=0	mx=	md=	deps=	hid=0/0/0	cat=Common	meta=	desc=Quiet mode (no progress bar or warning message)
gdal vector check-geometry	progress			boolean	req=0	pos=0	in=1	out=0	cnt=0..1	def=	choices=	min=	max=	ds=	dsin=0	dsout=0	mx=	md=	deps=	hid=1/1/1	cat=Base	meta=	desc=Display progress bar
gdal vector check-geometry	output-format	f	of|format	string	req=0	pos=0	in=1	out=0	cnt=0..1	def=	choices=	min=	max=	ds=	dsin=0	dsout=0	mx=	md=	deps=	hid=0/0/0	cat=Base	meta=required_capabilities=DCAP_VECTOR,DCAP_CREATE;	desc=Output format ("GDALG" allowed)
gdal vector check-geometry	output-open-option		output-oo	string_list	req=0	pos=0	in=1	out=0	cnt=0..-1	def=	choices=	min=	max=	ds=	dsin=0	dsout=0	mx=	md=	deps=	hid=0/0/0	cat=Advanced	meta=	desc=Output open options
gdal vector check-geometry	output	o		dataset	req=1	pos=1	in=1	out=1	cnt=0..1	def=	choices=	min=	max=	ds=vector	dsin=3	dsout=2	mx=	md=	deps=	hid=0/0/0	cat=Base	meta=	desc=Output vector dataset
gdal vector check-geometry	creation-option		co	string_list	req=0	pos=0	in=1	out=0	cnt=0..-1	def=	choices=	min=	max=	ds=	dsin=0	dsout=0	mx=	md=	deps=	hid=0/0/0	cat=Base	meta=	desc=Creation option
gdal vector check-geometry	layer-creation-option		lco	string_list	req=0	pos=0	in=1	out=0	cnt=0..-1	def=	choices=	min=	max=	ds=	dsin=0	dsout=0	mx=	md=	deps=	hid=0/0/0	cat=Base	meta=	desc=Layer creation option
gdal vector check-geometry	overwrite			boolean	req=0	pos=0	in=1	out=0	cnt=0..1	def=false	choices=	min=	max=	ds=	dsin=0	dsout=0	mx=	md=	deps=	hid=0/0/0	cat=Base	meta=	desc=Whether overwriting existing output dataset is allowed
gdal vector check-geometry	update			boolean	req=0	pos=0	in=1	out=0	cnt=0..1	def=false	choices=	min=	max=	ds=	dsin=0	dsout=0	mx=	md=	deps=	hid=0/0/0	cat=Base	meta=	desc=Whether to open existing dataset in update mode
gdal vector check-geometry	overwrite-layer			boolean	req=0	pos=0	in=1	out=0	cnt=0..1	def=false	choices=	min=	max=	ds=	dsin=0	dsout=0	mx=	md=	deps=	hid=0/0/0	cat=Base	meta=	desc=Whether overwriting existing output layer is allowed
gdal vector check-geometry	append			boolean	req=0	pos=0	in=1	out=0	cnt=0..1	def=false	choices=	min=	max=	ds=	dsin=0	dsout=0	mx=append-upsert	md=	deps=	hid=0/0/0	cat=Base	meta=	desc=Whether appending to existing layer is allowed
gdal vector check-geometry	upsert			boolean	req=0	pos=0	in=1	out=0	cnt=0..1	def=	choices=	min=	max=	ds=	dsin=0	dsout=0	mx=append-upsert	md=	deps=	hid=0/0/0	cat=Advanced	meta=	desc=Upsert features (implies 'append')
gdal vector check-geometry	output-layer			string	req=0	pos=0	in=1	out=0	cnt=0..1	def=	choices=	min=	max=	ds=	dsin=0	dsout=0	mx=	md=	deps=	hid=0/0/0	cat=Base	meta=	desc=Output layer name
gdal vector check-geometry	skip-errors			boolean	req=0	pos=0	in=1	out=0	cnt=0..1	def=	choices=	min=	max=	ds=	dsin=0	dsout=0	mx=	md=	deps=	hid=0/0/0	cat=Base	meta=	desc=Skip errors when writing features
gdal vector check-geometry	no-create-empty-layers			boolean	req=0	pos=0	in=1	out=0	cnt=0..1	def=	choices=	min=	max=	ds=	dsin=0	dsout=0	mx=	md=	deps=	hid=0/0/0	cat=Base	meta=	desc=Avoid creating layers to which no features will be written
gdal vector check-geometry	include-field			string_list	req=0	pos=0	in=1	out=0	cnt=0..-1	def=NONE	choices=	min=	max=	ds=	dsin=0	dsout=0	mx=	md=	deps=	hid=0/0/0	cat=Base	meta=	desc=Fields from input layer to include in output (special values: ALL and NONE)
gdal vector check-geometry	include-valid			boolean	req=0	pos=0	in=1	out=0	cnt=0..1	def=	choices=	min=	max=	ds=	dsin=0	dsout=0	mx=	md=	deps=	hid=0/0/0	cat=Base	meta=	desc=Include valid inputs in output, with empty geometry
gdal vector check-geometry	geometry-field			string	req=0	pos=0	in=1	out=0	cnt=0..1	def=	choices=	min=	max=	ds=	dsin=0	dsout=0	mx=	md=	deps=	hid=0/0/0	cat=Base	meta=	desc=Name of geometry field to check
gdal vector clean-coverage	help	h		boolean	req=0	pos=0	in=1	out=0	cnt=0..1	def=	choices=	min=	max=	ds=	dsin=0	dsout=0	mx=	md=	deps=	hid=0/0/1	cat=Common	meta=	desc=Display help message and exit
gdal vector clean-coverage	help-doc			boolean	req=0	pos=0	in=1	out=0	cnt=0..1	def=	choices=	min=	max=	ds=	dsin=0	dsout=0	mx=	md=	deps=	hid=1/1/1	cat=Base	meta=	desc=Display help message for use by documentation
gdal vector clean-coverage	json-usage			boolean	req=0	pos=0	in=1	out=0	cnt=0..1	def=	choices=	min=	max=	ds=	dsin=0	dsout=0	mx=	md=	deps=	hid=0/0/1	cat=Common	meta=	desc=Display usage as JSON document and exit
gdal vector clean-coverage	config			string_list	req=0	pos=0	in=1	out=0	cnt=0..-1	def=	choices=	min=	max=	ds=	dsin=0	dsout=0	mx=	md=	deps=	hid=0/0/1	cat=Common	meta=	desc=Configuration option
gdal vector clean-coverage	input-format		if	string_list	req=0	pos=0	in=1	out=0	cnt=0..-1	def=	choices=	min=	max=	ds=	dsin=0	dsout=0	mx=	md=	deps=	hid=0/0/0	cat=Advanced	meta=required_capabilities=DCAP_VECTOR;	desc=Input formats
gdal vector clean-coverage	open-option		oo	string_list	req=0	pos=0	in=1	out=0	cnt=0..-1	def=	choices=	min=	max=	ds=	dsin=0	dsout=0	mx=	md=	deps=	hid=0/0/0	cat=Advanced	meta=	desc=Open options
gdal vector clean-coverage	input	i		dataset_list	req=1	pos=1	in=1	out=0	cnt=1..1	def=	choices=	min=	max=	ds=vector	dsin=3	dsout=2	mx=	md=	deps=	hid=0/0/0	cat=Base	meta=	desc=Input vector datasets
gdal vector clean-coverage	input-layer	l	layer	string_list	req=0	pos=0	in=1	out=0	cnt=0..-1	def=	choices=	min=	max=	ds=	dsin=0	dsout=0	mx=	md=	deps=	hid=0/0/0	cat=Base	meta=	desc=Input layer name(s)
gdal vector clean-coverage	quiet	q		boolean	req=0	pos=0	in=1	out=0	cnt=0..1	def=	choices=	min=	max=	ds=	dsin=0	dsout=0	mx=	md=	deps=	hid=0/0/0	cat=Common	meta=	desc=Quiet mode (no progress bar or warning message)
gdal vector clean-coverage	progress			boolean	req=0	pos=0	in=1	out=0	cnt=0..1	def=	choices=	min=	max=	ds=	dsin=0	dsout=0	mx=	md=	deps=	hid=1/1/1	cat=Base	meta=	desc=Display progress bar
gdal vector clean-coverage	output-format	f	of|format	string	req=0	pos=0	in=1	out=0	cnt=0..1	def=	choices=	min=	max=	ds=	dsin=0	dsout=0	mx=	md=	deps=	hid=0/0/0	cat=Base	meta=required_capabilities=DCAP_VECTOR,DCAP_CREATE;	desc=Output format ("GDALG" allowed)
gdal vector clean-coverage	output-open-option		output-oo	string_list	req=0	pos=0	in=1	out=0	cnt=0..-1	def=	choices=	min=	max=	ds=	dsin=0	dsout=0	mx=	md=	deps=	hid=0/0/0	cat=Advanced	meta=	desc=Output open options
gdal vector clean-coverage	output	o		dataset	req=1	pos=1	in=1	out=1	cnt=0..1	def=	choices=	min=	max=	ds=vector	dsin=3	dsout=2	mx=	md=	deps=	hid=0/0/0	cat=Base	meta=	desc=Output vector dataset
gdal vector clean-coverage	creation-option		co	string_list	req=0	pos=0	in=1	out=0	cnt=0..-1	def=	choices=	min=	max=	ds=	dsin=0	dsout=0	mx=	md=	deps=	hid=0/0/0	cat=Base	meta=	desc=Creation option
gdal vector clean-coverage	layer-creation-option		lco	string_list	req=0	pos=0	in=1	out=0	cnt=0..-1	def=	choices=	min=	max=	ds=	dsin=0	dsout=0	mx=	md=	deps=	hid=0/0/0	cat=Base	meta=	desc=Layer creation option
gdal vector clean-coverage	overwrite			boolean	req=0	pos=0	in=1	out=0	cnt=0..1	def=false	choices=	min=	max=	ds=	dsin=0	dsout=0	mx=	md=	deps=	hid=0/0/0	cat=Base	meta=	desc=Whether overwriting existing output dataset is allowed
gdal vector clean-coverage	update			boolean	req=0	pos=0	in=1	out=0	cnt=0..1	def=false	choices=	min=	max=	ds=	dsin=0	dsout=0	mx=	md=	deps=	hid=0/0/0	cat=Base	meta=	desc=Whether to open existing dataset in update mode
gdal vector clean-coverage	overwrite-layer			boolean	req=0	pos=0	in=1	out=0	cnt=0..1	def=false	choices=	min=	max=	ds=	dsin=0	dsout=0	mx=	md=	deps=	hid=0/0/0	cat=Base	meta=	desc=Whether overwriting existing output layer is allowed
gdal vector clean-coverage	append			boolean	req=0	pos=0	in=1	out=0	cnt=0..1	def=false	choices=	min=	max=	ds=	dsin=0	dsout=0	mx=append-upsert	md=	deps=	hid=0/0/0	cat=Base	meta=	desc=Whether appending to existing layer is allowed
gdal vector clean-coverage	upsert			boolean	req=0	pos=0	in=1	out=0	cnt=0..1	def=	choices=	min=	max=	ds=	dsin=0	dsout=0	mx=append-upsert	md=	deps=	hid=0/0/0	cat=Advanced	meta=	desc=Upsert features (implies 'append')
gdal vector clean-coverage	output-layer			string	req=0	pos=0	in=1	out=0	cnt=0..1	def=	choices=	min=	max=	ds=	dsin=0	dsout=0	mx=	md=	deps=	hid=0/0/0	cat=Base	meta=	desc=Output layer name
gdal vector clean-coverage	skip-errors			boolean	req=0	pos=0	in=1	out=0	cnt=0..1	def=	choices=	min=	max=	ds=	dsin=0	dsout=0	mx=	md=	deps=	hid=0/0/0	cat=Base	meta=	desc=Skip errors when writing features
gdal vector clean-coverage	active-layer			string	req=0	pos=0	in=1	out=0	cnt=0..1	def=	choices=	min=	max=	ds=	dsin=0	dsout=0	mx=	md=	deps=	hid=0/0/0	cat=Base	meta=	desc=Set active layer (if not specified, all)
gdal vector clean-coverage	snapping-distance			real	req=0	pos=0	in=1	out=0	cnt=0..1	def=	choices=	min=[0	max=	ds=	dsin=0	dsout=0	mx=	md=	deps=	hid=0/0/0	cat=Base	meta=	desc=Distance tolerance for snapping nodes
gdal vector clean-coverage	merge-strategy			string	req=0	pos=0	in=1	out=0	cnt=0..1	def=	choices=longest-border|max-area|min-area|min-index	min=	max=	ds=	dsin=0	dsout=0	mx=	md=	deps=	hid=0/0/0	cat=Base	meta=	desc=Algorithm to assign overlaps to neighboring polygons
gdal vector clean-coverage	maximum-gap-width			real	req=0	pos=0	in=1	out=0	cnt=0..1	def=	choices=	min=[0	max=	ds=	dsin=0	dsout=0	mx=	md=	deps=	hid=0/0/0	cat=Base	meta=	desc=Maximum width of a gap to be closed
gdal vector clip	help	h		boolean	req=0	pos=0	in=1	out=0	cnt=0..1	def=	choices=	min=	max=	ds=	dsin=0	dsout=0	mx=	md=	deps=	hid=0/0/1	cat=Common	meta=	desc=Display help message and exit
gdal vector clip	help-doc			boolean	req=0	pos=0	in=1	out=0	cnt=0..1	def=	choices=	min=	max=	ds=	dsin=0	dsout=0	mx=	md=	deps=	hid=1/1/1	cat=Base	meta=	desc=Display help message for use by documentation
gdal vector clip	json-usage			boolean	req=0	pos=0	in=1	out=0	cnt=0..1	def=	choices=	min=	max=	ds=	dsin=0	dsout=0	mx=	md=	deps=	hid=0/0/1	cat=Common	meta=	desc=Display usage as JSON document and exit
gdal vector clip	config			string_list	req=0	pos=0	in=1	out=0	cnt=0..-1	def=	choices=	min=	max=	ds=	dsin=0	dsout=0	mx=	md=	deps=	hid=0/0/1	cat=Common	meta=	desc=Configuration option
gdal vector clip	input-format		if	string_list	req=0	pos=0	in=1	out=0	cnt=0..-1	def=	choices=	min=	max=	ds=	dsin=0	dsout=0	mx=	md=	deps=	hid=0/0/0	cat=Advanced	meta=required_capabilities=DCAP_VECTOR;	desc=Input formats
gdal vector clip	open-option		oo	string_list	req=0	pos=0	in=1	out=0	cnt=0..-1	def=	choices=	min=	max=	ds=	dsin=0	dsout=0	mx=	md=	deps=	hid=0/0/0	cat=Advanced	meta=	desc=Open options
gdal vector clip	input	i		dataset_list	req=1	pos=1	in=1	out=0	cnt=1..1	def=	choices=	min=	max=	ds=vector	dsin=3	dsout=2	mx=	md=	deps=	hid=0/0/0	cat=Base	meta=	desc=Input vector datasets
gdal vector clip	input-layer	l	layer	string_list	req=0	pos=0	in=1	out=0	cnt=0..-1	def=	choices=	min=	max=	ds=	dsin=0	dsout=0	mx=	md=	deps=	hid=0/0/0	cat=Base	meta=	desc=Input layer name(s)
gdal vector clip	quiet	q		boolean	req=0	pos=0	in=1	out=0	cnt=0..1	def=	choices=	min=	max=	ds=	dsin=0	dsout=0	mx=	md=	deps=	hid=0/0/0	cat=Common	meta=	desc=Quiet mode (no progress bar or warning message)
gdal vector clip	progress			boolean	req=0	pos=0	in=1	out=0	cnt=0..1	def=	choices=	min=	max=	ds=	dsin=0	dsout=0	mx=	md=	deps=	hid=1/1/1	cat=Base	meta=	desc=Display progress bar
gdal vector clip	output-format	f	of|format	string	req=0	pos=0	in=1	out=0	cnt=0..1	def=	choices=	min=	max=	ds=	dsin=0	dsout=0	mx=	md=	deps=	hid=0/0/0	cat=Base	meta=required_capabilities=DCAP_VECTOR,DCAP_CREATE;	desc=Output format ("GDALG" allowed)
gdal vector clip	output-open-option		output-oo	string_list	req=0	pos=0	in=1	out=0	cnt=0..-1	def=	choices=	min=	max=	ds=	dsin=0	dsout=0	mx=	md=	deps=	hid=0/0/0	cat=Advanced	meta=	desc=Output open options
gdal vector clip	output	o		dataset	req=1	pos=1	in=1	out=1	cnt=0..1	def=	choices=	min=	max=	ds=vector	dsin=3	dsout=2	mx=	md=	deps=	hid=0/0/0	cat=Base	meta=	desc=Output vector dataset
gdal vector clip	creation-option		co	string_list	req=0	pos=0	in=1	out=0	cnt=0..-1	def=	choices=	min=	max=	ds=	dsin=0	dsout=0	mx=	md=	deps=	hid=0/0/0	cat=Base	meta=	desc=Creation option
gdal vector clip	layer-creation-option		lco	string_list	req=0	pos=0	in=1	out=0	cnt=0..-1	def=	choices=	min=	max=	ds=	dsin=0	dsout=0	mx=	md=	deps=	hid=0/0/0	cat=Base	meta=	desc=Layer creation option
gdal vector clip	overwrite			boolean	req=0	pos=0	in=1	out=0	cnt=0..1	def=false	choices=	min=	max=	ds=	dsin=0	dsout=0	mx=	md=	deps=	hid=0/0/0	cat=Base	meta=	desc=Whether overwriting existing output dataset is allowed
gdal vector clip	update			boolean	req=0	pos=0	in=1	out=0	cnt=0..1	def=false	choices=	min=	max=	ds=	dsin=0	dsout=0	mx=	md=	deps=	hid=0/0/0	cat=Base	meta=	desc=Whether to open existing dataset in update mode
gdal vector clip	overwrite-layer			boolean	req=0	pos=0	in=1	out=0	cnt=0..1	def=false	choices=	min=	max=	ds=	dsin=0	dsout=0	mx=	md=	deps=	hid=0/0/0	cat=Base	meta=	desc=Whether overwriting existing output layer is allowed
gdal vector clip	append			boolean	req=0	pos=0	in=1	out=0	cnt=0..1	def=false	choices=	min=	max=	ds=	dsin=0	dsout=0	mx=append-upsert	md=	deps=	hid=0/0/0	cat=Base	meta=	desc=Whether appending to existing layer is allowed
gdal vector clip	upsert			boolean	req=0	pos=0	in=1	out=0	cnt=0..1	def=	choices=	min=	max=	ds=	dsin=0	dsout=0	mx=append-upsert	md=	deps=	hid=0/0/0	cat=Advanced	meta=	desc=Upsert features (implies 'append')
gdal vector clip	output-layer			string	req=0	pos=0	in=1	out=0	cnt=0..1	def=	choices=	min=	max=	ds=	dsin=0	dsout=0	mx=	md=	deps=	hid=0/0/0	cat=Base	meta=	desc=Output layer name
gdal vector clip	skip-errors			boolean	req=0	pos=0	in=1	out=0	cnt=0..1	def=	choices=	min=	max=	ds=	dsin=0	dsout=0	mx=	md=	deps=	hid=0/0/0	cat=Base	meta=	desc=Skip errors when writing features
gdal vector clip	active-layer			string	req=0	pos=0	in=1	out=0	cnt=0..1	def=	choices=	min=	max=	ds=	dsin=0	dsout=0	mx=	md=	deps=	hid=0/0/0	cat=Base	meta=	desc=Set active layer (if not specified, all)
gdal vector clip	bbox			real_list	req=0	pos=0	in=1	out=0	cnt=4..4	def=	choices=	min=	max=	ds=	dsin=0	dsout=0	mx=bbox-geometry-like	md=	deps=	hid=0/0/0	cat=Base	meta=	desc=Clipping bounding box as xmin,ymin,xmax,ymax
gdal vector clip	bbox-crs			string	req=0	pos=0	in=1	out=0	cnt=0..1	def=	choices=	min=	max=	ds=	dsin=0	dsout=0	mx=	md=	deps=	hid=0/0/0	cat=Base	meta=	desc=CRS of clipping bounding box
gdal vector clip	geometry			string	req=0	pos=0	in=1	out=0	cnt=0..1	def=	choices=	min=	max=	ds=	dsin=0	dsout=0	mx=bbox-geometry-like	md=	deps=	hid=0/0/0	cat=Base	meta=	desc=Clipping geometry (WKT or GeoJSON)
gdal vector clip	geometry-crs			string	req=0	pos=0	in=1	out=0	cnt=0..1	def=	choices=	min=	max=	ds=	dsin=0	dsout=0	mx=	md=	deps=	hid=0/0/0	cat=Base	meta=	desc=CRS of clipping geometry
gdal vector clip	like			dataset	req=0	pos=0	in=1	out=0	cnt=0..1	def=	choices=	min=	max=	ds=raster,vector	dsin=3	dsout=2	mx=bbox-geometry-like	md=	deps=	hid=0/0/0	cat=Base	meta=	desc=Dataset to use as a template for bounds
gdal vector clip	like-sql			string	req=0	pos=0	in=1	out=0	cnt=0..1	def=	choices=	min=	max=	ds=	dsin=0	dsout=0	mx=sql-where	md=	deps=	hid=0/0/0	cat=Base	meta=	desc=SELECT statement to run on the 'like' dataset
gdal vector clip	like-layer			string	req=0	pos=0	in=1	out=0	cnt=0..1	def=	choices=	min=	max=	ds=	dsin=0	dsout=0	mx=	md=	deps=	hid=0/0/0	cat=Base	meta=	desc=Name of the layer of the 'like' dataset
gdal vector clip	like-where			string	req=0	pos=0	in=1	out=0	cnt=0..1	def=	choices=	min=	max=	ds=	dsin=0	dsout=0	mx=sql-where	md=	deps=	hid=0/0/0	cat=Base	meta=	desc=WHERE SQL clause to run on the 'like' dataset
gdal vector combine	help	h		boolean	req=0	pos=0	in=1	out=0	cnt=0..1	def=	choices=	min=	max=	ds=	dsin=0	dsout=0	mx=	md=	deps=	hid=0/0/1	cat=Common	meta=	desc=Display help message and exit
gdal vector combine	help-doc			boolean	req=0	pos=0	in=1	out=0	cnt=0..1	def=	choices=	min=	max=	ds=	dsin=0	dsout=0	mx=	md=	deps=	hid=1/1/1	cat=Base	meta=	desc=Display help message for use by documentation
gdal vector combine	json-usage			boolean	req=0	pos=0	in=1	out=0	cnt=0..1	def=	choices=	min=	max=	ds=	dsin=0	dsout=0	mx=	md=	deps=	hid=0/0/1	cat=Common	meta=	desc=Display usage as JSON document and exit
gdal vector combine	config			string_list	req=0	pos=0	in=1	out=0	cnt=0..-1	def=	choices=	min=	max=	ds=	dsin=0	dsout=0	mx=	md=	deps=	hid=0/0/1	cat=Common	meta=	desc=Configuration option
gdal vector combine	input-format		if	string_list	req=0	pos=0	in=1	out=0	cnt=0..-1	def=	choices=	min=	max=	ds=	dsin=0	dsout=0	mx=	md=	deps=	hid=0/0/0	cat=Advanced	meta=required_capabilities=DCAP_VECTOR;	desc=Input formats
gdal vector combine	open-option		oo	string_list	req=0	pos=0	in=1	out=0	cnt=0..-1	def=	choices=	min=	max=	ds=	dsin=0	dsout=0	mx=	md=	deps=	hid=0/0/0	cat=Advanced	meta=	desc=Open options
gdal vector combine	input	i		dataset_list	req=1	pos=1	in=1	out=0	cnt=1..1	def=	choices=	min=	max=	ds=vector	dsin=3	dsout=2	mx=	md=	deps=	hid=0/0/0	cat=Base	meta=	desc=Input vector datasets
gdal vector combine	input-layer	l	layer	string_list	req=0	pos=0	in=1	out=0	cnt=0..-1	def=	choices=	min=	max=	ds=	dsin=0	dsout=0	mx=	md=	deps=	hid=0/0/0	cat=Base	meta=	desc=Input layer name(s)
gdal vector combine	quiet	q		boolean	req=0	pos=0	in=1	out=0	cnt=0..1	def=	choices=	min=	max=	ds=	dsin=0	dsout=0	mx=	md=	deps=	hid=0/0/0	cat=Common	meta=	desc=Quiet mode (no progress bar or warning message)
gdal vector combine	progress			boolean	req=0	pos=0	in=1	out=0	cnt=0..1	def=	choices=	min=	max=	ds=	dsin=0	dsout=0	mx=	md=	deps=	hid=1/1/1	cat=Base	meta=	desc=Display progress bar
gdal vector combine	output-format	f	of|format	string	req=0	pos=0	in=1	out=0	cnt=0..1	def=	choices=	min=	max=	ds=	dsin=0	dsout=0	mx=	md=	deps=	hid=0/0/0	cat=Base	meta=required_capabilities=DCAP_VECTOR,DCAP_CREATE;	desc=Output format ("GDALG" allowed)
gdal vector combine	output-open-option		output-oo	string_list	req=0	pos=0	in=1	out=0	cnt=0..-1	def=	choices=	min=	max=	ds=	dsin=0	dsout=0	mx=	md=	deps=	hid=0/0/0	cat=Advanced	meta=	desc=Output open options
gdal vector combine	output	o		dataset	req=1	pos=1	in=1	out=1	cnt=0..1	def=	choices=	min=	max=	ds=vector	dsin=3	dsout=2	mx=	md=	deps=	hid=0/0/0	cat=Base	meta=	desc=Output vector dataset
gdal vector combine	creation-option		co	string_list	req=0	pos=0	in=1	out=0	cnt=0..-1	def=	choices=	min=	max=	ds=	dsin=0	dsout=0	mx=	md=	deps=	hid=0/0/0	cat=Base	meta=	desc=Creation option
gdal vector combine	layer-creation-option		lco	string_list	req=0	pos=0	in=1	out=0	cnt=0..-1	def=	choices=	min=	max=	ds=	dsin=0	dsout=0	mx=	md=	deps=	hid=0/0/0	cat=Base	meta=	desc=Layer creation option
gdal vector combine	overwrite			boolean	req=0	pos=0	in=1	out=0	cnt=0..1	def=false	choices=	min=	max=	ds=	dsin=0	dsout=0	mx=	md=	deps=	hid=0/0/0	cat=Base	meta=	desc=Whether overwriting existing output dataset is allowed
gdal vector combine	update			boolean	req=0	pos=0	in=1	out=0	cnt=0..1	def=false	choices=	min=	max=	ds=	dsin=0	dsout=0	mx=	md=	deps=	hid=0/0/0	cat=Base	meta=	desc=Whether to open existing dataset in update mode
gdal vector combine	overwrite-layer			boolean	req=0	pos=0	in=1	out=0	cnt=0..1	def=false	choices=	min=	max=	ds=	dsin=0	dsout=0	mx=	md=	deps=	hid=0/0/0	cat=Base	meta=	desc=Whether overwriting existing output layer is allowed
gdal vector combine	append			boolean	req=0	pos=0	in=1	out=0	cnt=0..1	def=false	choices=	min=	max=	ds=	dsin=0	dsout=0	mx=append-upsert	md=	deps=	hid=0/0/0	cat=Base	meta=	desc=Whether appending to existing layer is allowed
gdal vector combine	upsert			boolean	req=0	pos=0	in=1	out=0	cnt=0..1	def=	choices=	min=	max=	ds=	dsin=0	dsout=0	mx=append-upsert	md=	deps=	hid=0/0/0	cat=Advanced	meta=	desc=Upsert features (implies 'append')
gdal vector combine	output-layer			string	req=0	pos=0	in=1	out=0	cnt=0..1	def=	choices=	min=	max=	ds=	dsin=0	dsout=0	mx=	md=	deps=	hid=0/0/0	cat=Base	meta=	desc=Output layer name
gdal vector combine	skip-errors			boolean	req=0	pos=0	in=1	out=0	cnt=0..1	def=	choices=	min=	max=	ds=	dsin=0	dsout=0	mx=	md=	deps=	hid=0/0/0	cat=Base	meta=	desc=Skip errors when writing features
gdal vector combine	group-by			string_list	req=0	pos=0	in=1	out=0	cnt=0..-1	def=	choices=	min=	max=	ds=	dsin=0	dsout=0	mx=	md=	deps=	hid=0/0/0	cat=Base	meta=	desc=Names of field(s) by which inputs should be grouped
gdal vector combine	keep-nested			boolean	req=0	pos=0	in=1	out=0	cnt=0..1	def=	choices=	min=	max=	ds=	dsin=0	dsout=0	mx=	md=	deps=	hid=0/0/0	cat=Base	meta=	desc=Avoid combining the components of multipart geometries
gdal vector combine	add-extra-fields			string	req=0	pos=0	in=1	out=0	cnt=0..1	def=no	choices=no|sometimes-identical|always-identical	min=	max=	ds=	dsin=0	dsout=0	mx=	md=	deps=	hid=0/0/0	cat=Base	meta=	desc=Whether to add extra fields, depending on if they have identical values within each group
gdal vector concat	help	h		boolean	req=0	pos=0	in=1	out=0	cnt=0..1	def=	choices=	min=	max=	ds=	dsin=0	dsout=0	mx=	md=	deps=	hid=0/0/1	cat=Common	meta=	desc=Display help message and exit
gdal vector concat	help-doc			boolean	req=0	pos=0	in=1	out=0	cnt=0..1	def=	choices=	min=	max=	ds=	dsin=0	dsout=0	mx=	md=	deps=	hid=1/1/1	cat=Base	meta=	desc=Display help message for use by documentation
gdal vector concat	json-usage			boolean	req=0	pos=0	in=1	out=0	cnt=0..1	def=	choices=	min=	max=	ds=	dsin=0	dsout=0	mx=	md=	deps=	hid=0/0/1	cat=Common	meta=	desc=Display usage as JSON document and exit
gdal vector concat	config			string_list	req=0	pos=0	in=1	out=0	cnt=0..-1	def=	choices=	min=	max=	ds=	dsin=0	dsout=0	mx=	md=	deps=	hid=0/0/1	cat=Common	meta=	desc=Configuration option
gdal vector concat	input-format		if	string_list	req=0	pos=0	in=1	out=0	cnt=0..-1	def=	choices=	min=	max=	ds=	dsin=0	dsout=0	mx=	md=	deps=	hid=0/0/0	cat=Advanced	meta=required_capabilities=DCAP_VECTOR;	desc=Input formats
gdal vector concat	open-option		oo	string_list	req=0	pos=0	in=1	out=0	cnt=0..-1	def=	choices=	min=	max=	ds=	dsin=0	dsout=0	mx=	md=	deps=	hid=0/0/0	cat=Advanced	meta=	desc=Open options
gdal vector concat	input	i		dataset_list	req=1	pos=1	in=1	out=0	cnt=1..-1	def=	choices=	min=	max=	ds=vector	dsin=3	dsout=2	mx=	md=	deps=	hid=0/0/0	cat=Base	meta=	desc=Input vector datasets
gdal vector concat	input-layer	l	layer	string_list	req=0	pos=0	in=1	out=0	cnt=0..-1	def=	choices=	min=	max=	ds=	dsin=0	dsout=0	mx=	md=	deps=	hid=0/0/0	cat=Base	meta=	desc=Input layer name(s)
gdal vector concat	quiet	q		boolean	req=0	pos=0	in=1	out=0	cnt=0..1	def=	choices=	min=	max=	ds=	dsin=0	dsout=0	mx=	md=	deps=	hid=0/0/0	cat=Common	meta=	desc=Quiet mode (no progress bar or warning message)
gdal vector concat	progress			boolean	req=0	pos=0	in=1	out=0	cnt=0..1	def=	choices=	min=	max=	ds=	dsin=0	dsout=0	mx=	md=	deps=	hid=1/1/1	cat=Base	meta=	desc=Display progress bar
gdal vector concat	output-format	f	of|format	string	req=0	pos=0	in=1	out=0	cnt=0..1	def=	choices=	min=	max=	ds=	dsin=0	dsout=0	mx=	md=	deps=	hid=0/0/0	cat=Base	meta=required_capabilities=DCAP_VECTOR,DCAP_CREATE;	desc=Output format ("GDALG" allowed)
gdal vector concat	output-open-option		output-oo	string_list	req=0	pos=0	in=1	out=0	cnt=0..-1	def=	choices=	min=	max=	ds=	dsin=0	dsout=0	mx=	md=	deps=	hid=0/0/0	cat=Advanced	meta=	desc=Output open options
gdal vector concat	output	o		dataset	req=1	pos=1	in=1	out=1	cnt=0..1	def=	choices=	min=	max=	ds=vector	dsin=3	dsout=2	mx=	md=	deps=	hid=0/0/0	cat=Base	meta=	desc=Output vector dataset
gdal vector concat	creation-option		co	string_list	req=0	pos=0	in=1	out=0	cnt=0..-1	def=	choices=	min=	max=	ds=	dsin=0	dsout=0	mx=	md=	deps=	hid=0/0/0	cat=Base	meta=	desc=Creation option
gdal vector concat	layer-creation-option		lco	string_list	req=0	pos=0	in=1	out=0	cnt=0..-1	def=	choices=	min=	max=	ds=	dsin=0	dsout=0	mx=	md=	deps=	hid=0/0/0	cat=Base	meta=	desc=Layer creation option
gdal vector concat	overwrite			boolean	req=0	pos=0	in=1	out=0	cnt=0..1	def=false	choices=	min=	max=	ds=	dsin=0	dsout=0	mx=	md=	deps=	hid=0/0/0	cat=Base	meta=	desc=Whether overwriting existing output dataset is allowed
gdal vector concat	update			boolean	req=0	pos=0	in=1	out=0	cnt=0..1	def=false	choices=	min=	max=	ds=	dsin=0	dsout=0	mx=	md=	deps=	hid=0/0/0	cat=Base	meta=	desc=Whether to open existing dataset in update mode
gdal vector concat	overwrite-layer			boolean	req=0	pos=0	in=1	out=0	cnt=0..1	def=false	choices=	min=	max=	ds=	dsin=0	dsout=0	mx=	md=	deps=	hid=0/0/0	cat=Base	meta=	desc=Whether overwriting existing output layer is allowed
gdal vector concat	append			boolean	req=0	pos=0	in=1	out=0	cnt=0..1	def=false	choices=	min=	max=	ds=	dsin=0	dsout=0	mx=append-upsert	md=	deps=	hid=0/0/0	cat=Base	meta=	desc=Whether appending to existing layer is allowed
gdal vector concat	upsert			boolean	req=0	pos=0	in=1	out=0	cnt=0..1	def=	choices=	min=	max=	ds=	dsin=0	dsout=0	mx=append-upsert	md=	deps=	hid=0/0/0	cat=Advanced	meta=	desc=Upsert features (implies 'append')
gdal vector concat	skip-errors			boolean	req=0	pos=0	in=1	out=0	cnt=0..1	def=	choices=	min=	max=	ds=	dsin=0	dsout=0	mx=	md=	deps=	hid=0/0/0	cat=Base	meta=	desc=Skip errors when writing features
gdal vector concat	mode			string	req=0	pos=0	in=1	out=0	cnt=0..1	def=merge-per-layer-name	choices=merge-per-layer-name|stack|single	min=	max=	ds=	dsin=0	dsout=0	mx=	md=	deps=	hid=0/0/0	cat=Base	meta=	desc=Determine the strategy to create output layers from source layers 
gdal vector concat	output-layer			string	req=0	pos=0	in=1	out=0	cnt=0..1	def=	choices=	min=	max=	ds=	dsin=0	dsout=0	mx=	md=	deps=	hid=0/0/0	cat=Base	meta=	desc=Name of the output vector layer (single mode), or template to name the output vector layers (stack mode)
gdal vector concat	source-layer-field-name			string	req=0	pos=0	in=1	out=0	cnt=0..1	def=	choices=	min=	max=	ds=	dsin=0	dsout=0	mx=	md=	deps=	hid=0/0/0	cat=Base	meta=	desc=Name of the new field to add to contain identification of the source layer, with value determined from 'source-layer-field-content'
gdal vector concat	source-layer-field-content			string	req=0	pos=0	in=1	out=0	cnt=0..1	def=	choices=	min=	max=	ds=	dsin=0	dsout=0	mx=	md=	deps=	hid=0/0/0	cat=Base	meta=	desc=A string, possibly using {AUTO_NAME}, {DS_NAME}, {DS_BASENAME}, {DS_INDEX}, {LAYER_NAME}, {LAYER_INDEX}
gdal vector concat	field-strategy			string	req=0	pos=0	in=1	out=0	cnt=0..1	def=union	choices=union|intersection	min=	max=	ds=	dsin=0	dsout=0	mx=	md=	deps=	hid=0/0/0	cat=Base	meta=	desc=How to determine target fields from source fields
gdal vector concat	input-crs	s		string	req=0	pos=0	in=1	out=0	cnt=0..1	def=	choices=	min=	max=	ds=	dsin=0	dsout=0	mx=	md=	deps=	hid=0/0/0	cat=Base	meta=	desc=Input CRS
gdal vector concat	output-crs	d		string	req=0	pos=0	in=1	out=0	cnt=0..1	def=	choices=	min=	max=	ds=	dsin=0	dsout=0	mx=	md=	deps=	hid=0/0/0	cat=Base	meta=	desc=Output CRS
gdal vector concave-hull	help	h		boolean	req=0	pos=0	in=1	out=0	cnt=0..1	def=	choices=	min=	max=	ds=	dsin=0	dsout=0	mx=	md=	deps=	hid=0/0/1	cat=Common	meta=	desc=Display help message and exit
gdal vector concave-hull	help-doc			boolean	req=0	pos=0	in=1	out=0	cnt=0..1	def=	choices=	min=	max=	ds=	dsin=0	dsout=0	mx=	md=	deps=	hid=1/1/1	cat=Base	meta=	desc=Display help message for use by documentation
gdal vector concave-hull	json-usage			boolean	req=0	pos=0	in=1	out=0	cnt=0..1	def=	choices=	min=	max=	ds=	dsin=0	dsout=0	mx=	md=	deps=	hid=0/0/1	cat=Common	meta=	desc=Display usage as JSON document and exit
gdal vector concave-hull	config			string_list	req=0	pos=0	in=1	out=0	cnt=0..-1	def=	choices=	min=	max=	ds=	dsin=0	dsout=0	mx=	md=	deps=	hid=0/0/1	cat=Common	meta=	desc=Configuration option
gdal vector concave-hull	input-format		if	string_list	req=0	pos=0	in=1	out=0	cnt=0..-1	def=	choices=	min=	max=	ds=	dsin=0	dsout=0	mx=	md=	deps=	hid=0/0/0	cat=Advanced	meta=required_capabilities=DCAP_VECTOR;	desc=Input formats
gdal vector concave-hull	open-option		oo	string_list	req=0	pos=0	in=1	out=0	cnt=0..-1	def=	choices=	min=	max=	ds=	dsin=0	dsout=0	mx=	md=	deps=	hid=0/0/0	cat=Advanced	meta=	desc=Open options
gdal vector concave-hull	input	i		dataset_list	req=1	pos=1	in=1	out=0	cnt=1..1	def=	choices=	min=	max=	ds=vector	dsin=3	dsout=2	mx=	md=	deps=	hid=0/0/0	cat=Base	meta=	desc=Input vector datasets
gdal vector concave-hull	input-layer	l	layer	string_list	req=0	pos=0	in=1	out=0	cnt=0..-1	def=	choices=	min=	max=	ds=	dsin=0	dsout=0	mx=	md=	deps=	hid=0/0/0	cat=Base	meta=	desc=Input layer name(s)
gdal vector concave-hull	quiet	q		boolean	req=0	pos=0	in=1	out=0	cnt=0..1	def=	choices=	min=	max=	ds=	dsin=0	dsout=0	mx=	md=	deps=	hid=0/0/0	cat=Common	meta=	desc=Quiet mode (no progress bar or warning message)
gdal vector concave-hull	progress			boolean	req=0	pos=0	in=1	out=0	cnt=0..1	def=	choices=	min=	max=	ds=	dsin=0	dsout=0	mx=	md=	deps=	hid=1/1/1	cat=Base	meta=	desc=Display progress bar
gdal vector concave-hull	output-format	f	of|format	string	req=0	pos=0	in=1	out=0	cnt=0..1	def=	choices=	min=	max=	ds=	dsin=0	dsout=0	mx=	md=	deps=	hid=0/0/0	cat=Base	meta=required_capabilities=DCAP_VECTOR,DCAP_CREATE;	desc=Output format ("GDALG" allowed)
gdal vector concave-hull	output-open-option		output-oo	string_list	req=0	pos=0	in=1	out=0	cnt=0..-1	def=	choices=	min=	max=	ds=	dsin=0	dsout=0	mx=	md=	deps=	hid=0/0/0	cat=Advanced	meta=	desc=Output open options
gdal vector concave-hull	output	o		dataset	req=1	pos=1	in=1	out=1	cnt=0..1	def=	choices=	min=	max=	ds=vector	dsin=3	dsout=2	mx=	md=	deps=	hid=0/0/0	cat=Base	meta=	desc=Output vector dataset
gdal vector concave-hull	creation-option		co	string_list	req=0	pos=0	in=1	out=0	cnt=0..-1	def=	choices=	min=	max=	ds=	dsin=0	dsout=0	mx=	md=	deps=	hid=0/0/0	cat=Base	meta=	desc=Creation option
gdal vector concave-hull	layer-creation-option		lco	string_list	req=0	pos=0	in=1	out=0	cnt=0..-1	def=	choices=	min=	max=	ds=	dsin=0	dsout=0	mx=	md=	deps=	hid=0/0/0	cat=Base	meta=	desc=Layer creation option
gdal vector concave-hull	overwrite			boolean	req=0	pos=0	in=1	out=0	cnt=0..1	def=false	choices=	min=	max=	ds=	dsin=0	dsout=0	mx=	md=	deps=	hid=0/0/0	cat=Base	meta=	desc=Whether overwriting existing output dataset is allowed
gdal vector concave-hull	update			boolean	req=0	pos=0	in=1	out=0	cnt=0..1	def=false	choices=	min=	max=	ds=	dsin=0	dsout=0	mx=	md=	deps=	hid=0/0/0	cat=Base	meta=	desc=Whether to open existing dataset in update mode
gdal vector concave-hull	overwrite-layer			boolean	req=0	pos=0	in=1	out=0	cnt=0..1	def=false	choices=	min=	max=	ds=	dsin=0	dsout=0	mx=	md=	deps=	hid=0/0/0	cat=Base	meta=	desc=Whether overwriting existing output layer is allowed
gdal vector concave-hull	append			boolean	req=0	pos=0	in=1	out=0	cnt=0..1	def=false	choices=	min=	max=	ds=	dsin=0	dsout=0	mx=append-upsert	md=	deps=	hid=0/0/0	cat=Base	meta=	desc=Whether appending to existing layer is allowed
gdal vector concave-hull	upsert			boolean	req=0	pos=0	in=1	out=0	cnt=0..1	def=	choices=	min=	max=	ds=	dsin=0	dsout=0	mx=append-upsert	md=	deps=	hid=0/0/0	cat=Advanced	meta=	desc=Upsert features (implies 'append')
gdal vector concave-hull	output-layer			string	req=0	pos=0	in=1	out=0	cnt=0..1	def=	choices=	min=	max=	ds=	dsin=0	dsout=0	mx=	md=	deps=	hid=0/0/0	cat=Base	meta=	desc=Output layer name
gdal vector concave-hull	skip-errors			boolean	req=0	pos=0	in=1	out=0	cnt=0..1	def=	choices=	min=	max=	ds=	dsin=0	dsout=0	mx=	md=	deps=	hid=0/0/0	cat=Base	meta=	desc=Skip errors when writing features
gdal vector concave-hull	active-layer			string	req=0	pos=0	in=1	out=0	cnt=0..1	def=	choices=	min=	max=	ds=	dsin=0	dsout=0	mx=	md=	deps=	hid=0/0/0	cat=Base	meta=	desc=Set active layer (if not specified, all)
gdal vector concave-hull	active-geometry			string	req=0	pos=0	in=1	out=0	cnt=0..1	def=	choices=	min=	max=	ds=	dsin=0	dsout=0	mx=	md=	deps=	hid=0/0/0	cat=Base	meta=	desc=Geometry field name to which to restrict the processing (if not specified, all)
gdal vector concave-hull	ratio			real	req=1	pos=0	in=1	out=0	cnt=0..1	def=	choices=	min=[0	max=1]	ds=	dsin=0	dsout=0	mx=	md=	deps=	hid=0/0/0	cat=Base	meta=	desc=Ratio controlling the concavity
gdal vector concave-hull	allow-holes			boolean	req=0	pos=0	in=1	out=0	cnt=0..1	def=false	choices=	min=	max=	ds=	dsin=0	dsout=0	mx=	md=	deps=	hid=0/0/0	cat=Base	meta=	desc=Allow holes in the output polygon
gdal vector concave-hull	tight			boolean	req=0	pos=0	in=1	out=0	cnt=0..1	def=false	choices=	min=	max=	ds=	dsin=0	dsout=0	mx=	md=	deps=	hid=0/0/0	cat=Base	meta=	desc=Whether the hull must follow the outer boundaries of the input polygons
gdal vector convert	help	h		boolean	req=0	pos=0	in=1	out=0	cnt=0..1	def=	choices=	min=	max=	ds=	dsin=0	dsout=0	mx=	md=	deps=	hid=0/0/1	cat=Common	meta=	desc=Display help message and exit
gdal vector convert	help-doc			boolean	req=0	pos=0	in=1	out=0	cnt=0..1	def=	choices=	min=	max=	ds=	dsin=0	dsout=0	mx=	md=	deps=	hid=1/1/1	cat=Base	meta=	desc=Display help message for use by documentation
gdal vector convert	json-usage			boolean	req=0	pos=0	in=1	out=0	cnt=0..1	def=	choices=	min=	max=	ds=	dsin=0	dsout=0	mx=	md=	deps=	hid=0/0/1	cat=Common	meta=	desc=Display usage as JSON document and exit
gdal vector convert	config			string_list	req=0	pos=0	in=1	out=0	cnt=0..-1	def=	choices=	min=	max=	ds=	dsin=0	dsout=0	mx=	md=	deps=	hid=0/0/1	cat=Common	meta=	desc=Configuration option
gdal vector convert	input-format		if	string_list	req=0	pos=0	in=1	out=0	cnt=0..-1	def=	choices=	min=	max=	ds=	dsin=0	dsout=0	mx=	md=	deps=	hid=0/0/0	cat=Advanced	meta=required_capabilities=DCAP_VECTOR;	desc=Input formats
gdal vector convert	open-option		oo	string_list	req=0	pos=0	in=1	out=0	cnt=0..-1	def=	choices=	min=	max=	ds=	dsin=0	dsout=0	mx=	md=	deps=	hid=0/0/0	cat=Advanced	meta=	desc=Open options
gdal vector convert	input	i		dataset_list	req=1	pos=1	in=1	out=0	cnt=1..1	def=	choices=	min=	max=	ds=vector	dsin=3	dsout=2	mx=	md=	deps=	hid=0/0/0	cat=Base	meta=	desc=Input vector datasets
gdal vector convert	input-layer	l	layer	string_list	req=0	pos=0	in=1	out=0	cnt=0..-1	def=	choices=	min=	max=	ds=	dsin=0	dsout=0	mx=	md=	deps=	hid=0/0/0	cat=Base	meta=	desc=Input layer name(s)
gdal vector convert	quiet	q		boolean	req=0	pos=0	in=1	out=0	cnt=0..1	def=	choices=	min=	max=	ds=	dsin=0	dsout=0	mx=	md=	deps=	hid=0/0/0	cat=Common	meta=	desc=Quiet mode (no progress bar or warning message)
gdal vector convert	progress			boolean	req=0	pos=0	in=1	out=0	cnt=0..1	def=	choices=	min=	max=	ds=	dsin=0	dsout=0	mx=	md=	deps=	hid=1/1/1	cat=Base	meta=	desc=Display progress bar
gdal vector convert	output-format	f	of|format	string	req=0	pos=0	in=1	out=0	cnt=0..1	def=	choices=	min=	max=	ds=	dsin=0	dsout=0	mx=	md=	deps=	hid=0/0/0	cat=Base	meta=required_capabilities=DCAP_VECTOR,DCAP_CREATE;	desc=Output format ("GDALG" allowed)
gdal vector convert	output-open-option		output-oo	string_list	req=0	pos=0	in=1	out=0	cnt=0..-1	def=	choices=	min=	max=	ds=	dsin=0	dsout=0	mx=	md=	deps=	hid=0/0/0	cat=Advanced	meta=	desc=Output open options
gdal vector convert	output	o		dataset	req=1	pos=1	in=1	out=1	cnt=0..1	def=	choices=	min=	max=	ds=vector	dsin=3	dsout=2	mx=	md=	deps=	hid=0/0/0	cat=Base	meta=	desc=Output vector dataset
gdal vector convert	creation-option		co	string_list	req=0	pos=0	in=1	out=0	cnt=0..-1	def=	choices=	min=	max=	ds=	dsin=0	dsout=0	mx=	md=	deps=	hid=0/0/0	cat=Base	meta=	desc=Creation option
gdal vector convert	layer-creation-option		lco	string_list	req=0	pos=0	in=1	out=0	cnt=0..-1	def=	choices=	min=	max=	ds=	dsin=0	dsout=0	mx=	md=	deps=	hid=0/0/0	cat=Base	meta=	desc=Layer creation option
gdal vector convert	overwrite			boolean	req=0	pos=0	in=1	out=0	cnt=0..1	def=false	choices=	min=	max=	ds=	dsin=0	dsout=0	mx=	md=	deps=	hid=0/0/0	cat=Base	meta=	desc=Whether overwriting existing output dataset is allowed
gdal vector convert	update			boolean	req=0	pos=0	in=1	out=0	cnt=0..1	def=false	choices=	min=	max=	ds=	dsin=0	dsout=0	mx=	md=	deps=	hid=0/0/0	cat=Base	meta=	desc=Whether to open existing dataset in update mode
gdal vector convert	overwrite-layer			boolean	req=0	pos=0	in=1	out=0	cnt=0..1	def=false	choices=	min=	max=	ds=	dsin=0	dsout=0	mx=	md=	deps=	hid=0/0/0	cat=Base	meta=	desc=Whether overwriting existing output layer is allowed
gdal vector convert	append			boolean	req=0	pos=0	in=1	out=0	cnt=0..1	def=false	choices=	min=	max=	ds=	dsin=0	dsout=0	mx=append-upsert	md=	deps=	hid=0/0/0	cat=Base	meta=	desc=Whether appending to existing layer is allowed
gdal vector convert	upsert			boolean	req=0	pos=0	in=1	out=0	cnt=0..1	def=	choices=	min=	max=	ds=	dsin=0	dsout=0	mx=append-upsert	md=	deps=	hid=0/0/0	cat=Advanced	meta=	desc=Upsert features (implies 'append')
gdal vector convert	output-layer			string	req=0	pos=0	in=1	out=0	cnt=0..1	def=	choices=	min=	max=	ds=	dsin=0	dsout=0	mx=	md=	deps=	hid=0/0/0	cat=Base	meta=	desc=Output layer name
gdal vector convert	skip-errors			boolean	req=0	pos=0	in=1	out=0	cnt=0..1	def=	choices=	min=	max=	ds=	dsin=0	dsout=0	mx=	md=	deps=	hid=0/0/0	cat=Base	meta=	desc=Skip errors when writing features
gdal vector convert	no-create-empty-layers			boolean	req=0	pos=0	in=1	out=0	cnt=0..1	def=	choices=	min=	max=	ds=	dsin=0	dsout=0	mx=	md=	deps=	hid=0/0/0	cat=Base	meta=	desc=Avoid creating layers to which no features will be written
gdal vector convex-hull	help	h		boolean	req=0	pos=0	in=1	out=0	cnt=0..1	def=	choices=	min=	max=	ds=	dsin=0	dsout=0	mx=	md=	deps=	hid=0/0/1	cat=Common	meta=	desc=Display help message and exit
gdal vector convex-hull	help-doc			boolean	req=0	pos=0	in=1	out=0	cnt=0..1	def=	choices=	min=	max=	ds=	dsin=0	dsout=0	mx=	md=	deps=	hid=1/1/1	cat=Base	meta=	desc=Display help message for use by documentation
gdal vector convex-hull	json-usage			boolean	req=0	pos=0	in=1	out=0	cnt=0..1	def=	choices=	min=	max=	ds=	dsin=0	dsout=0	mx=	md=	deps=	hid=0/0/1	cat=Common	meta=	desc=Display usage as JSON document and exit
gdal vector convex-hull	config			string_list	req=0	pos=0	in=1	out=0	cnt=0..-1	def=	choices=	min=	max=	ds=	dsin=0	dsout=0	mx=	md=	deps=	hid=0/0/1	cat=Common	meta=	desc=Configuration option
gdal vector convex-hull	input-format		if	string_list	req=0	pos=0	in=1	out=0	cnt=0..-1	def=	choices=	min=	max=	ds=	dsin=0	dsout=0	mx=	md=	deps=	hid=0/0/0	cat=Advanced	meta=required_capabilities=DCAP_VECTOR;	desc=Input formats
gdal vector convex-hull	open-option		oo	string_list	req=0	pos=0	in=1	out=0	cnt=0..-1	def=	choices=	min=	max=	ds=	dsin=0	dsout=0	mx=	md=	deps=	hid=0/0/0	cat=Advanced	meta=	desc=Open options
gdal vector convex-hull	input	i		dataset_list	req=1	pos=1	in=1	out=0	cnt=1..1	def=	choices=	min=	max=	ds=vector	dsin=3	dsout=2	mx=	md=	deps=	hid=0/0/0	cat=Base	meta=	desc=Input vector datasets
gdal vector convex-hull	input-layer	l	layer	string_list	req=0	pos=0	in=1	out=0	cnt=0..-1	def=	choices=	min=	max=	ds=	dsin=0	dsout=0	mx=	md=	deps=	hid=0/0/0	cat=Base	meta=	desc=Input layer name(s)
gdal vector convex-hull	quiet	q		boolean	req=0	pos=0	in=1	out=0	cnt=0..1	def=	choices=	min=	max=	ds=	dsin=0	dsout=0	mx=	md=	deps=	hid=0/0/0	cat=Common	meta=	desc=Quiet mode (no progress bar or warning message)
gdal vector convex-hull	progress			boolean	req=0	pos=0	in=1	out=0	cnt=0..1	def=	choices=	min=	max=	ds=	dsin=0	dsout=0	mx=	md=	deps=	hid=1/1/1	cat=Base	meta=	desc=Display progress bar
gdal vector convex-hull	output-format	f	of|format	string	req=0	pos=0	in=1	out=0	cnt=0..1	def=	choices=	min=	max=	ds=	dsin=0	dsout=0	mx=	md=	deps=	hid=0/0/0	cat=Base	meta=required_capabilities=DCAP_VECTOR,DCAP_CREATE;	desc=Output format ("GDALG" allowed)
gdal vector convex-hull	output-open-option		output-oo	string_list	req=0	pos=0	in=1	out=0	cnt=0..-1	def=	choices=	min=	max=	ds=	dsin=0	dsout=0	mx=	md=	deps=	hid=0/0/0	cat=Advanced	meta=	desc=Output open options
gdal vector convex-hull	output	o		dataset	req=1	pos=1	in=1	out=1	cnt=0..1	def=	choices=	min=	max=	ds=vector	dsin=3	dsout=2	mx=	md=	deps=	hid=0/0/0	cat=Base	meta=	desc=Output vector dataset
gdal vector convex-hull	creation-option		co	string_list	req=0	pos=0	in=1	out=0	cnt=0..-1	def=	choices=	min=	max=	ds=	dsin=0	dsout=0	mx=	md=	deps=	hid=0/0/0	cat=Base	meta=	desc=Creation option
gdal vector convex-hull	layer-creation-option		lco	string_list	req=0	pos=0	in=1	out=0	cnt=0..-1	def=	choices=	min=	max=	ds=	dsin=0	dsout=0	mx=	md=	deps=	hid=0/0/0	cat=Base	meta=	desc=Layer creation option
gdal vector convex-hull	overwrite			boolean	req=0	pos=0	in=1	out=0	cnt=0..1	def=false	choices=	min=	max=	ds=	dsin=0	dsout=0	mx=	md=	deps=	hid=0/0/0	cat=Base	meta=	desc=Whether overwriting existing output dataset is allowed
gdal vector convex-hull	update			boolean	req=0	pos=0	in=1	out=0	cnt=0..1	def=false	choices=	min=	max=	ds=	dsin=0	dsout=0	mx=	md=	deps=	hid=0/0/0	cat=Base	meta=	desc=Whether to open existing dataset in update mode
gdal vector convex-hull	overwrite-layer			boolean	req=0	pos=0	in=1	out=0	cnt=0..1	def=false	choices=	min=	max=	ds=	dsin=0	dsout=0	mx=	md=	deps=	hid=0/0/0	cat=Base	meta=	desc=Whether overwriting existing output layer is allowed
gdal vector convex-hull	append			boolean	req=0	pos=0	in=1	out=0	cnt=0..1	def=false	choices=	min=	max=	ds=	dsin=0	dsout=0	mx=append-upsert	md=	deps=	hid=0/0/0	cat=Base	meta=	desc=Whether appending to existing layer is allowed
gdal vector convex-hull	upsert			boolean	req=0	pos=0	in=1	out=0	cnt=0..1	def=	choices=	min=	max=	ds=	dsin=0	dsout=0	mx=append-upsert	md=	deps=	hid=0/0/0	cat=Advanced	meta=	desc=Upsert features (implies 'append')
gdal vector convex-hull	output-layer			string	req=0	pos=0	in=1	out=0	cnt=0..1	def=	choices=	min=	max=	ds=	dsin=0	dsout=0	mx=	md=	deps=	hid=0/0/0	cat=Base	meta=	desc=Output layer name
gdal vector convex-hull	skip-errors			boolean	req=0	pos=0	in=1	out=0	cnt=0..1	def=	choices=	min=	max=	ds=	dsin=0	dsout=0	mx=	md=	deps=	hid=0/0/0	cat=Base	meta=	desc=Skip errors when writing features
gdal vector convex-hull	active-layer			string	req=0	pos=0	in=1	out=0	cnt=0..1	def=	choices=	min=	max=	ds=	dsin=0	dsout=0	mx=	md=	deps=	hid=0/0/0	cat=Base	meta=	desc=Set active layer (if not specified, all)
gdal vector convex-hull	active-geometry			string	req=0	pos=0	in=1	out=0	cnt=0..1	def=	choices=	min=	max=	ds=	dsin=0	dsout=0	mx=	md=	deps=	hid=0/0/0	cat=Base	meta=	desc=Geometry field name to which to restrict the processing (if not specified, all)
gdal vector create	help	h		boolean	req=0	pos=0	in=1	out=0	cnt=0..1	def=	choices=	min=	max=	ds=	dsin=0	dsout=0	mx=	md=	deps=	hid=0/0/1	cat=Common	meta=	desc=Display help message and exit
gdal vector create	help-doc			boolean	req=0	pos=0	in=1	out=0	cnt=0..1	def=	choices=	min=	max=	ds=	dsin=0	dsout=0	mx=	md=	deps=	hid=1/1/1	cat=Base	meta=	desc=Display help message for use by documentation
gdal vector create	json-usage			boolean	req=0	pos=0	in=1	out=0	cnt=0..1	def=	choices=	min=	max=	ds=	dsin=0	dsout=0	mx=	md=	deps=	hid=0/0/1	cat=Common	meta=	desc=Display usage as JSON document and exit
gdal vector create	config			string_list	req=0	pos=0	in=1	out=0	cnt=0..-1	def=	choices=	min=	max=	ds=	dsin=0	dsout=0	mx=	md=	deps=	hid=0/0/1	cat=Common	meta=	desc=Configuration option
gdal vector create	input-format		if	string_list	req=0	pos=0	in=1	out=0	cnt=0..-1	def=	choices=	min=	max=	ds=	dsin=0	dsout=0	mx=	md=	deps=	hid=0/0/0	cat=Advanced	meta=required_capabilities=DCAP_VECTOR;	desc=Input formats
gdal vector create	open-option		oo	string_list	req=0	pos=0	in=1	out=0	cnt=0..-1	def=	choices=	min=	max=	ds=	dsin=0	dsout=0	mx=	md=	deps=	hid=0/0/0	cat=Advanced	meta=	desc=Open options
gdal vector create	input	i	like	dataset_list	req=0	pos=0	in=1	out=0	cnt=0..1	def=	choices=	min=	max=	ds=vector	dsin=3	dsout=2	mx=like-schema-field	md=	deps=	hid=0/0/0	cat=Base	meta=	desc=Input vector datasets
gdal vector create	input-layer	l	layer	string_list	req=0	pos=0	in=1	out=0	cnt=0..-1	def=	choices=	min=	max=	ds=	dsin=0	dsout=0	mx=	md=	deps=	hid=0/0/0	cat=Base	meta=	desc=Input layer name(s)
gdal vector create	output-format	f	of|format	string	req=0	pos=0	in=1	out=0	cnt=0..1	def=	choices=	min=	max=	ds=	dsin=0	dsout=0	mx=	md=	deps=	hid=0/0/0	cat=Base	meta=required_capabilities=DCAP_VECTOR,DCAP_CREATE;	desc=Output format ("GDALG" allowed)
gdal vector create	output-open-option		output-oo	string_list	req=0	pos=0	in=1	out=0	cnt=0..-1	def=	choices=	min=	max=	ds=	dsin=0	dsout=0	mx=	md=	deps=	hid=0/0/0	cat=Advanced	meta=	desc=Output open options
gdal vector create	output	o		dataset	req=1	pos=1	in=1	out=1	cnt=0..1	def=	choices=	min=	max=	ds=vector	dsin=3	dsout=2	mx=	md=	deps=	hid=0/0/0	cat=Base	meta=	desc=Output vector dataset
gdal vector create	creation-option		co	string_list	req=0	pos=0	in=1	out=0	cnt=0..-1	def=	choices=	min=	max=	ds=	dsin=0	dsout=0	mx=	md=	deps=	hid=0/0/0	cat=Base	meta=	desc=Creation option
gdal vector create	layer-creation-option		lco	string_list	req=0	pos=0	in=1	out=0	cnt=0..-1	def=	choices=	min=	max=	ds=	dsin=0	dsout=0	mx=	md=	deps=	hid=0/0/0	cat=Base	meta=	desc=Layer creation option
gdal vector create	overwrite			boolean	req=0	pos=0	in=1	out=0	cnt=0..1	def=false	choices=	min=	max=	ds=	dsin=0	dsout=0	mx=	md=	deps=	hid=0/0/0	cat=Base	meta=	desc=Whether overwriting existing output dataset is allowed
gdal vector create	update			boolean	req=0	pos=0	in=1	out=0	cnt=0..1	def=false	choices=	min=	max=	ds=	dsin=0	dsout=0	mx=	md=	deps=	hid=0/0/0	cat=Base	meta=	desc=Whether to open existing dataset in update mode
gdal vector create	overwrite-layer			boolean	req=0	pos=0	in=1	out=0	cnt=0..1	def=false	choices=	min=	max=	ds=	dsin=0	dsout=0	mx=	md=	deps=	hid=0/0/0	cat=Base	meta=	desc=Whether overwriting existing output layer is allowed
gdal vector create	output-layer			string	req=0	pos=0	in=1	out=0	cnt=0..1	def=	choices=	min=	max=	ds=	dsin=0	dsout=0	mx=	md=	deps=	hid=0/0/0	cat=Base	meta=	desc=Output layer name
gdal vector create	geometry-type			string	req=0	pos=0	in=1	out=0	cnt=0..1	def=	choices=	min=	max=	ds=	dsin=0	dsout=0	mx=	md=	deps=	hid=0/0/0	cat=Base	meta=	desc=Layer geometry type
gdal vector create	geometry-field			string	req=0	pos=0	in=1	out=0	cnt=0..1	def=geom	choices=	min=	max=	ds=	dsin=0	dsout=0	mx=	md=	deps=	hid=0/0/0	cat=Base	meta=	desc=Name of the geometry field to create (if supported by the output format)
gdal vector create	crs			string	req=0	pos=0	in=1	out=0	cnt=0..1	def=	choices=	min=	max=	ds=	dsin=0	dsout=0	mx=	md=	deps=	hid=0/0/0	cat=Base	meta=	desc=Set CRS
gdal vector create	fid			string	req=0	pos=0	in=1	out=0	cnt=0..1	def=	choices=	min=	max=	ds=	dsin=0	dsout=0	mx=	md=	deps=	hid=0/0/0	cat=Base	meta=	desc=FID column name
gdal vector create	schema			string	req=0	pos=0	in=1	out=0	cnt=0..1	def=	choices=	min=	max=	ds=	dsin=0	dsout=0	mx=like-schema-field	md=	deps=	hid=0/0/0	cat=Base	meta=	desc=Read OGR_SCHEMA and populate field definitions from it
gdal vector create	field			string_list	req=0	pos=0	in=1	out=0	cnt=0..-1	def=	choices=	min=	max=	ds=	dsin=0	dsout=0	mx=like-schema-field	md=	deps=	hid=0/0/0	cat=Base	meta=	desc=Add a field definition to the output layer
gdal vector dissolve	help	h		boolean	req=0	pos=0	in=1	out=0	cnt=0..1	def=	choices=	min=	max=	ds=	dsin=0	dsout=0	mx=	md=	deps=	hid=0/0/1	cat=Common	meta=	desc=Display help message and exit
gdal vector dissolve	help-doc			boolean	req=0	pos=0	in=1	out=0	cnt=0..1	def=	choices=	min=	max=	ds=	dsin=0	dsout=0	mx=	md=	deps=	hid=1/1/1	cat=Base	meta=	desc=Display help message for use by documentation
gdal vector dissolve	json-usage			boolean	req=0	pos=0	in=1	out=0	cnt=0..1	def=	choices=	min=	max=	ds=	dsin=0	dsout=0	mx=	md=	deps=	hid=0/0/1	cat=Common	meta=	desc=Display usage as JSON document and exit
gdal vector dissolve	config			string_list	req=0	pos=0	in=1	out=0	cnt=0..-1	def=	choices=	min=	max=	ds=	dsin=0	dsout=0	mx=	md=	deps=	hid=0/0/1	cat=Common	meta=	desc=Configuration option
gdal vector dissolve	input-format		if	string_list	req=0	pos=0	in=1	out=0	cnt=0..-1	def=	choices=	min=	max=	ds=	dsin=0	dsout=0	mx=	md=	deps=	hid=0/0/0	cat=Advanced	meta=required_capabilities=DCAP_VECTOR;	desc=Input formats
gdal vector dissolve	open-option		oo	string_list	req=0	pos=0	in=1	out=0	cnt=0..-1	def=	choices=	min=	max=	ds=	dsin=0	dsout=0	mx=	md=	deps=	hid=0/0/0	cat=Advanced	meta=	desc=Open options
gdal vector dissolve	input	i		dataset_list	req=1	pos=1	in=1	out=0	cnt=1..1	def=	choices=	min=	max=	ds=vector	dsin=3	dsout=2	mx=	md=	deps=	hid=0/0/0	cat=Base	meta=	desc=Input vector datasets
gdal vector dissolve	input-layer	l	layer	string_list	req=0	pos=0	in=1	out=0	cnt=0..-1	def=	choices=	min=	max=	ds=	dsin=0	dsout=0	mx=	md=	deps=	hid=0/0/0	cat=Base	meta=	desc=Input layer name(s)
gdal vector dissolve	quiet	q		boolean	req=0	pos=0	in=1	out=0	cnt=0..1	def=	choices=	min=	max=	ds=	dsin=0	dsout=0	mx=	md=	deps=	hid=0/0/0	cat=Common	meta=	desc=Quiet mode (no progress bar or warning message)
gdal vector dissolve	progress			boolean	req=0	pos=0	in=1	out=0	cnt=0..1	def=	choices=	min=	max=	ds=	dsin=0	dsout=0	mx=	md=	deps=	hid=1/1/1	cat=Base	meta=	desc=Display progress bar
gdal vector dissolve	output-format	f	of|format	string	req=0	pos=0	in=1	out=0	cnt=0..1	def=	choices=	min=	max=	ds=	dsin=0	dsout=0	mx=	md=	deps=	hid=0/0/0	cat=Base	meta=required_capabilities=DCAP_VECTOR,DCAP_CREATE;	desc=Output format ("GDALG" allowed)
gdal vector dissolve	output-open-option		output-oo	string_list	req=0	pos=0	in=1	out=0	cnt=0..-1	def=	choices=	min=	max=	ds=	dsin=0	dsout=0	mx=	md=	deps=	hid=0/0/0	cat=Advanced	meta=	desc=Output open options
gdal vector dissolve	output	o		dataset	req=1	pos=1	in=1	out=1	cnt=0..1	def=	choices=	min=	max=	ds=vector	dsin=3	dsout=2	mx=	md=	deps=	hid=0/0/0	cat=Base	meta=	desc=Output vector dataset
gdal vector dissolve	creation-option		co	string_list	req=0	pos=0	in=1	out=0	cnt=0..-1	def=	choices=	min=	max=	ds=	dsin=0	dsout=0	mx=	md=	deps=	hid=0/0/0	cat=Base	meta=	desc=Creation option
gdal vector dissolve	layer-creation-option		lco	string_list	req=0	pos=0	in=1	out=0	cnt=0..-1	def=	choices=	min=	max=	ds=	dsin=0	dsout=0	mx=	md=	deps=	hid=0/0/0	cat=Base	meta=	desc=Layer creation option
gdal vector dissolve	overwrite			boolean	req=0	pos=0	in=1	out=0	cnt=0..1	def=false	choices=	min=	max=	ds=	dsin=0	dsout=0	mx=	md=	deps=	hid=0/0/0	cat=Base	meta=	desc=Whether overwriting existing output dataset is allowed
gdal vector dissolve	update			boolean	req=0	pos=0	in=1	out=0	cnt=0..1	def=false	choices=	min=	max=	ds=	dsin=0	dsout=0	mx=	md=	deps=	hid=0/0/0	cat=Base	meta=	desc=Whether to open existing dataset in update mode
gdal vector dissolve	overwrite-layer			boolean	req=0	pos=0	in=1	out=0	cnt=0..1	def=false	choices=	min=	max=	ds=	dsin=0	dsout=0	mx=	md=	deps=	hid=0/0/0	cat=Base	meta=	desc=Whether overwriting existing output layer is allowed
gdal vector dissolve	append			boolean	req=0	pos=0	in=1	out=0	cnt=0..1	def=false	choices=	min=	max=	ds=	dsin=0	dsout=0	mx=append-upsert	md=	deps=	hid=0/0/0	cat=Base	meta=	desc=Whether appending to existing layer is allowed
gdal vector dissolve	upsert			boolean	req=0	pos=0	in=1	out=0	cnt=0..1	def=	choices=	min=	max=	ds=	dsin=0	dsout=0	mx=append-upsert	md=	deps=	hid=0/0/0	cat=Advanced	meta=	desc=Upsert features (implies 'append')
gdal vector dissolve	output-layer			string	req=0	pos=0	in=1	out=0	cnt=0..1	def=	choices=	min=	max=	ds=	dsin=0	dsout=0	mx=	md=	deps=	hid=0/0/0	cat=Base	meta=	desc=Output layer name
gdal vector dissolve	skip-errors			boolean	req=0	pos=0	in=1	out=0	cnt=0..1	def=	choices=	min=	max=	ds=	dsin=0	dsout=0	mx=	md=	deps=	hid=0/0/0	cat=Base	meta=	desc=Skip errors when writing features
gdal vector dissolve	active-layer			string	req=0	pos=0	in=1	out=0	cnt=0..1	def=	choices=	min=	max=	ds=	dsin=0	dsout=0	mx=	md=	deps=	hid=0/0/0	cat=Base	meta=	desc=Set active layer (if not specified, all)
gdal vector dissolve	active-geometry			string	req=0	pos=0	in=1	out=0	cnt=0..1	def=	choices=	min=	max=	ds=	dsin=0	dsout=0	mx=	md=	deps=	hid=0/0/0	cat=Base	meta=	desc=Geometry field name to which to restrict the processing (if not specified, all)
gdal vector edit	help	h		boolean	req=0	pos=0	in=1	out=0	cnt=0..1	def=	choices=	min=	max=	ds=	dsin=0	dsout=0	mx=	md=	deps=	hid=0/0/1	cat=Common	meta=	desc=Display help message and exit
gdal vector edit	help-doc			boolean	req=0	pos=0	in=1	out=0	cnt=0..1	def=	choices=	min=	max=	ds=	dsin=0	dsout=0	mx=	md=	deps=	hid=1/1/1	cat=Base	meta=	desc=Display help message for use by documentation
gdal vector edit	json-usage			boolean	req=0	pos=0	in=1	out=0	cnt=0..1	def=	choices=	min=	max=	ds=	dsin=0	dsout=0	mx=	md=	deps=	hid=0/0/1	cat=Common	meta=	desc=Display usage as JSON document and exit
gdal vector edit	config			string_list	req=0	pos=0	in=1	out=0	cnt=0..-1	def=	choices=	min=	max=	ds=	dsin=0	dsout=0	mx=	md=	deps=	hid=0/0/1	cat=Common	meta=	desc=Configuration option
gdal vector edit	input-format		if	string_list	req=0	pos=0	in=1	out=0	cnt=0..-1	def=	choices=	min=	max=	ds=	dsin=0	dsout=0	mx=	md=	deps=	hid=0/0/0	cat=Advanced	meta=required_capabilities=DCAP_VECTOR;	desc=Input formats
gdal vector edit	open-option		oo	string_list	req=0	pos=0	in=1	out=0	cnt=0..-1	def=	choices=	min=	max=	ds=	dsin=0	dsout=0	mx=	md=	deps=	hid=0/0/0	cat=Advanced	meta=	desc=Open options
gdal vector edit	input	i		dataset_list	req=1	pos=1	in=1	out=0	cnt=1..1	def=	choices=	min=	max=	ds=vector	dsin=3	dsout=2	mx=	md=	deps=	hid=0/0/0	cat=Base	meta=	desc=Input vector datasets
gdal vector edit	input-layer	l	layer	string_list	req=0	pos=0	in=1	out=0	cnt=0..-1	def=	choices=	min=	max=	ds=	dsin=0	dsout=0	mx=	md=	deps=	hid=0/0/0	cat=Base	meta=	desc=Input layer name(s)
gdal vector edit	quiet	q		boolean	req=0	pos=0	in=1	out=0	cnt=0..1	def=	choices=	min=	max=	ds=	dsin=0	dsout=0	mx=	md=	deps=	hid=0/0/0	cat=Common	meta=	desc=Quiet mode (no progress bar or warning message)
gdal vector edit	progress			boolean	req=0	pos=0	in=1	out=0	cnt=0..1	def=	choices=	min=	max=	ds=	dsin=0	dsout=0	mx=	md=	deps=	hid=1/1/1	cat=Base	meta=	desc=Display progress bar
gdal vector edit	output-format	f	of|format	string	req=0	pos=0	in=1	out=0	cnt=0..1	def=	choices=	min=	max=	ds=	dsin=0	dsout=0	mx=	md=	deps=	hid=0/0/0	cat=Base	meta=required_capabilities=DCAP_VECTOR,DCAP_CREATE;	desc=Output format ("GDALG" allowed)
gdal vector edit	output-open-option		output-oo	string_list	req=0	pos=0	in=1	out=0	cnt=0..-1	def=	choices=	min=	max=	ds=	dsin=0	dsout=0	mx=	md=	deps=	hid=0/0/0	cat=Advanced	meta=	desc=Output open options
gdal vector edit	output	o		dataset	req=1	pos=1	in=1	out=1	cnt=0..1	def=	choices=	min=	max=	ds=vector	dsin=3	dsout=2	mx=	md=	deps=	hid=0/0/0	cat=Base	meta=	desc=Output vector dataset
gdal vector edit	creation-option		co	string_list	req=0	pos=0	in=1	out=0	cnt=0..-1	def=	choices=	min=	max=	ds=	dsin=0	dsout=0	mx=	md=	deps=	hid=0/0/0	cat=Base	meta=	desc=Creation option
gdal vector edit	layer-creation-option		lco	string_list	req=0	pos=0	in=1	out=0	cnt=0..-1	def=	choices=	min=	max=	ds=	dsin=0	dsout=0	mx=	md=	deps=	hid=0/0/0	cat=Base	meta=	desc=Layer creation option
gdal vector edit	overwrite			boolean	req=0	pos=0	in=1	out=0	cnt=0..1	def=false	choices=	min=	max=	ds=	dsin=0	dsout=0	mx=	md=	deps=	hid=0/0/0	cat=Base	meta=	desc=Whether overwriting existing output dataset is allowed
gdal vector edit	update			boolean	req=0	pos=0	in=1	out=0	cnt=0..1	def=false	choices=	min=	max=	ds=	dsin=0	dsout=0	mx=	md=	deps=	hid=0/0/0	cat=Base	meta=	desc=Whether to open existing dataset in update mode
gdal vector edit	overwrite-layer			boolean	req=0	pos=0	in=1	out=0	cnt=0..1	def=false	choices=	min=	max=	ds=	dsin=0	dsout=0	mx=	md=	deps=	hid=0/0/0	cat=Base	meta=	desc=Whether overwriting existing output layer is allowed
gdal vector edit	append			boolean	req=0	pos=0	in=1	out=0	cnt=0..1	def=false	choices=	min=	max=	ds=	dsin=0	dsout=0	mx=append-upsert	md=	deps=	hid=0/0/0	cat=Base	meta=	desc=Whether appending to existing layer is allowed
gdal vector edit	upsert			boolean	req=0	pos=0	in=1	out=0	cnt=0..1	def=	choices=	min=	max=	ds=	dsin=0	dsout=0	mx=append-upsert	md=	deps=	hid=0/0/0	cat=Advanced	meta=	desc=Upsert features (implies 'append')
gdal vector edit	output-layer			string	req=0	pos=0	in=1	out=0	cnt=0..1	def=	choices=	min=	max=	ds=	dsin=0	dsout=0	mx=	md=	deps=	hid=0/0/0	cat=Base	meta=	desc=Output layer name
gdal vector edit	skip-errors			boolean	req=0	pos=0	in=1	out=0	cnt=0..1	def=	choices=	min=	max=	ds=	dsin=0	dsout=0	mx=	md=	deps=	hid=0/0/0	cat=Base	meta=	desc=Skip errors when writing features
gdal vector edit	active-layer			string	req=0	pos=0	in=1	out=0	cnt=0..1	def=	choices=	min=	max=	ds=	dsin=0	dsout=0	mx=	md=	deps=	hid=0/0/0	cat=Base	meta=	desc=Set active layer (if not specified, all)
gdal vector edit	geometry-type			string	req=0	pos=0	in=1	out=0	cnt=0..1	def=	choices=	min=	max=	ds=	dsin=0	dsout=0	mx=	md=	deps=	hid=0/0/0	cat=Base	meta=	desc=Layer geometry type
gdal vector edit	crs			string	req=0	pos=0	in=1	out=0	cnt=0..1	def=	choices=	min=	max=	ds=	dsin=0	dsout=0	mx=	md=	deps=	hid=0/0/0	cat=Base	meta=	desc=Override CRS (without reprojection)
gdal vector edit	metadata			string_list	req=0	pos=0	in=1	out=0	cnt=0..-1	def=	choices=	min=	max=	ds=	dsin=0	dsout=0	mx=	md=	deps=	hid=0/0/0	cat=Base	meta=	desc=Add/update dataset metadata item
gdal vector edit	unset-metadata			string_list	req=0	pos=0	in=1	out=0	cnt=0..-1	def=	choices=	min=	max=	ds=	dsin=0	dsout=0	mx=	md=	deps=	hid=0/0/0	cat=Base	meta=	desc=Remove dataset metadata item
gdal vector edit	layer-metadata			string_list	req=0	pos=0	in=1	out=0	cnt=0..-1	def=	choices=	min=	max=	ds=	dsin=0	dsout=0	mx=	md=	deps=	hid=0/0/0	cat=Base	meta=	desc=Add/update layer metadata item
gdal vector edit	unset-layer-metadata			string_list	req=0	pos=0	in=1	out=0	cnt=0..-1	def=	choices=	min=	max=	ds=	dsin=0	dsout=0	mx=	md=	deps=	hid=0/0/0	cat=Base	meta=	desc=Remove layer metadata item
gdal vector edit	unset-fid			boolean	req=0	pos=0	in=1	out=0	cnt=0..1	def=	choices=	min=	max=	ds=	dsin=0	dsout=0	mx=	md=	deps=	hid=0/0/0	cat=Base	meta=	desc=Unset the identifier of each feature and the FID column name
gdal vector explode-collections	help	h		boolean	req=0	pos=0	in=1	out=0	cnt=0..1	def=	choices=	min=	max=	ds=	dsin=0	dsout=0	mx=	md=	deps=	hid=0/0/1	cat=Common	meta=	desc=Display help message and exit
gdal vector explode-collections	help-doc			boolean	req=0	pos=0	in=1	out=0	cnt=0..1	def=	choices=	min=	max=	ds=	dsin=0	dsout=0	mx=	md=	deps=	hid=1/1/1	cat=Base	meta=	desc=Display help message for use by documentation
gdal vector explode-collections	json-usage			boolean	req=0	pos=0	in=1	out=0	cnt=0..1	def=	choices=	min=	max=	ds=	dsin=0	dsout=0	mx=	md=	deps=	hid=0/0/1	cat=Common	meta=	desc=Display usage as JSON document and exit
gdal vector explode-collections	config			string_list	req=0	pos=0	in=1	out=0	cnt=0..-1	def=	choices=	min=	max=	ds=	dsin=0	dsout=0	mx=	md=	deps=	hid=0/0/1	cat=Common	meta=	desc=Configuration option
gdal vector explode-collections	input-format		if	string_list	req=0	pos=0	in=1	out=0	cnt=0..-1	def=	choices=	min=	max=	ds=	dsin=0	dsout=0	mx=	md=	deps=	hid=0/0/0	cat=Advanced	meta=required_capabilities=DCAP_VECTOR;	desc=Input formats
gdal vector explode-collections	open-option		oo	string_list	req=0	pos=0	in=1	out=0	cnt=0..-1	def=	choices=	min=	max=	ds=	dsin=0	dsout=0	mx=	md=	deps=	hid=0/0/0	cat=Advanced	meta=	desc=Open options
gdal vector explode-collections	input	i		dataset_list	req=1	pos=1	in=1	out=0	cnt=1..1	def=	choices=	min=	max=	ds=vector	dsin=3	dsout=2	mx=	md=	deps=	hid=0/0/0	cat=Base	meta=	desc=Input vector datasets
gdal vector explode-collections	input-layer	l	layer	string_list	req=0	pos=0	in=1	out=0	cnt=0..-1	def=	choices=	min=	max=	ds=	dsin=0	dsout=0	mx=	md=	deps=	hid=0/0/0	cat=Base	meta=	desc=Input layer name(s)
gdal vector explode-collections	quiet	q		boolean	req=0	pos=0	in=1	out=0	cnt=0..1	def=	choices=	min=	max=	ds=	dsin=0	dsout=0	mx=	md=	deps=	hid=0/0/0	cat=Common	meta=	desc=Quiet mode (no progress bar or warning message)
gdal vector explode-collections	progress			boolean	req=0	pos=0	in=1	out=0	cnt=0..1	def=	choices=	min=	max=	ds=	dsin=0	dsout=0	mx=	md=	deps=	hid=1/1/1	cat=Base	meta=	desc=Display progress bar
gdal vector explode-collections	output-format	f	of|format	string	req=0	pos=0	in=1	out=0	cnt=0..1	def=	choices=	min=	max=	ds=	dsin=0	dsout=0	mx=	md=	deps=	hid=0/0/0	cat=Base	meta=required_capabilities=DCAP_VECTOR,DCAP_CREATE;	desc=Output format ("GDALG" allowed)
gdal vector explode-collections	output-open-option		output-oo	string_list	req=0	pos=0	in=1	out=0	cnt=0..-1	def=	choices=	min=	max=	ds=	dsin=0	dsout=0	mx=	md=	deps=	hid=0/0/0	cat=Advanced	meta=	desc=Output open options
gdal vector explode-collections	output	o		dataset	req=1	pos=1	in=1	out=1	cnt=0..1	def=	choices=	min=	max=	ds=vector	dsin=3	dsout=2	mx=	md=	deps=	hid=0/0/0	cat=Base	meta=	desc=Output vector dataset
gdal vector explode-collections	creation-option		co	string_list	req=0	pos=0	in=1	out=0	cnt=0..-1	def=	choices=	min=	max=	ds=	dsin=0	dsout=0	mx=	md=	deps=	hid=0/0/0	cat=Base	meta=	desc=Creation option
gdal vector explode-collections	layer-creation-option		lco	string_list	req=0	pos=0	in=1	out=0	cnt=0..-1	def=	choices=	min=	max=	ds=	dsin=0	dsout=0	mx=	md=	deps=	hid=0/0/0	cat=Base	meta=	desc=Layer creation option
gdal vector explode-collections	overwrite			boolean	req=0	pos=0	in=1	out=0	cnt=0..1	def=false	choices=	min=	max=	ds=	dsin=0	dsout=0	mx=	md=	deps=	hid=0/0/0	cat=Base	meta=	desc=Whether overwriting existing output dataset is allowed
gdal vector explode-collections	update			boolean	req=0	pos=0	in=1	out=0	cnt=0..1	def=false	choices=	min=	max=	ds=	dsin=0	dsout=0	mx=	md=	deps=	hid=0/0/0	cat=Base	meta=	desc=Whether to open existing dataset in update mode
gdal vector explode-collections	overwrite-layer			boolean	req=0	pos=0	in=1	out=0	cnt=0..1	def=false	choices=	min=	max=	ds=	dsin=0	dsout=0	mx=	md=	deps=	hid=0/0/0	cat=Base	meta=	desc=Whether overwriting existing output layer is allowed
gdal vector explode-collections	append			boolean	req=0	pos=0	in=1	out=0	cnt=0..1	def=false	choices=	min=	max=	ds=	dsin=0	dsout=0	mx=append-upsert	md=	deps=	hid=0/0/0	cat=Base	meta=	desc=Whether appending to existing layer is allowed
gdal vector explode-collections	upsert			boolean	req=0	pos=0	in=1	out=0	cnt=0..1	def=	choices=	min=	max=	ds=	dsin=0	dsout=0	mx=append-upsert	md=	deps=	hid=0/0/0	cat=Advanced	meta=	desc=Upsert features (implies 'append')
gdal vector explode-collections	output-layer			string	req=0	pos=0	in=1	out=0	cnt=0..1	def=	choices=	min=	max=	ds=	dsin=0	dsout=0	mx=	md=	deps=	hid=0/0/0	cat=Base	meta=	desc=Output layer name
gdal vector explode-collections	skip-errors			boolean	req=0	pos=0	in=1	out=0	cnt=0..1	def=	choices=	min=	max=	ds=	dsin=0	dsout=0	mx=	md=	deps=	hid=0/0/0	cat=Base	meta=	desc=Skip errors when writing features
gdal vector explode-collections	active-layer			string	req=0	pos=0	in=1	out=0	cnt=0..1	def=	choices=	min=	max=	ds=	dsin=0	dsout=0	mx=	md=	deps=	hid=0/0/0	cat=Base	meta=	desc=Set active layer (if not specified, all)
gdal vector explode-collections	active-geometry			string	req=0	pos=0	in=1	out=0	cnt=0..1	def=	choices=	min=	max=	ds=	dsin=0	dsout=0	mx=	md=	deps=	hid=0/0/0	cat=Base	meta=	desc=Geometry field name to which to restrict the processing (if not specified, all)
gdal vector explode-collections	geometry-type			string	req=0	pos=0	in=1	out=0	cnt=0..1	def=	choices=	min=	max=	ds=	dsin=0	dsout=0	mx=	md=	deps=	hid=0/0/0	cat=Base	meta=	desc=Geometry type
gdal vector explode-collections	skip-on-type-mismatch			boolean	req=0	pos=0	in=1	out=0	cnt=0..1	def=	choices=	min=	max=	ds=	dsin=0	dsout=0	mx=	md=	deps=	hid=0/0/0	cat=Base	meta=	desc=Skip feature when change of feature geometry type failed
gdal vector export-schema	help	h		boolean	req=0	pos=0	in=1	out=0	cnt=0..1	def=	choices=	min=	max=	ds=	dsin=0	dsout=0	mx=	md=	deps=	hid=0/0/1	cat=Common	meta=	desc=Display help message and exit
gdal vector export-schema	help-doc			boolean	req=0	pos=0	in=1	out=0	cnt=0..1	def=	choices=	min=	max=	ds=	dsin=0	dsout=0	mx=	md=	deps=	hid=1/1/1	cat=Base	meta=	desc=Display help message for use by documentation
gdal vector export-schema	json-usage			boolean	req=0	pos=0	in=1	out=0	cnt=0..1	def=	choices=	min=	max=	ds=	dsin=0	dsout=0	mx=	md=	deps=	hid=0/0/1	cat=Common	meta=	desc=Display usage as JSON document and exit
gdal vector export-schema	config			string_list	req=0	pos=0	in=1	out=0	cnt=0..-1	def=	choices=	min=	max=	ds=	dsin=0	dsout=0	mx=	md=	deps=	hid=0/0/1	cat=Common	meta=	desc=Configuration option
gdal vector export-schema	open-option		oo	string_list	req=0	pos=0	in=1	out=0	cnt=0..-1	def=	choices=	min=	max=	ds=	dsin=0	dsout=0	mx=	md=	deps=	hid=0/0/0	cat=Advanced	meta=	desc=Open options
gdal vector export-schema	input-format		if	string_list	req=0	pos=0	in=1	out=0	cnt=0..-1	def=	choices=	min=	max=	ds=	dsin=0	dsout=0	mx=	md=	deps=	hid=0/0/0	cat=Advanced	meta=required_capabilities=DCAP_VECTOR;	desc=Input formats
gdal vector export-schema	input	i	dataset	dataset_list	req=1	pos=1	in=1	out=0	cnt=0..-1	def=	choices=	min=	max=	ds=vector	dsin=3	dsout=2	mx=	md=	deps=	hid=0/0/0	cat=Base	meta=	desc=Input vector datasets
gdal vector export-schema	input-layer	l	layer	string_list	req=0	pos=0	in=1	out=0	cnt=0..-1	def=	choices=	min=	max=	ds=	dsin=0	dsout=0	mx=	md=	deps=	hid=0/0/0	cat=Base	meta=	desc=Input layer name
gdal vector export-schema	output-string			string	req=0	pos=0	in=0	out=1	cnt=0..1	def=	choices=	min=	max=	ds=	dsin=0	dsout=0	mx=	md=	deps=	hid=0/1/0	cat=Base	meta=	desc=Output string, in which the result is placed
gdal vector export-schema	stdout			boolean	req=0	pos=0	in=1	out=0	cnt=0..1	def=	choices=	min=	max=	ds=	dsin=0	dsout=0	mx=	md=	deps=	hid=1/1/1	cat=Base	meta=	desc=Directly output on stdout. If enabled, output-string will be empty
gdal vector filter	help	h		boolean	req=0	pos=0	in=1	out=0	cnt=0..1	def=	choices=	min=	max=	ds=	dsin=0	dsout=0	mx=	md=	deps=	hid=0/0/1	cat=Common	meta=	desc=Display help message and exit
gdal vector filter	help-doc			boolean	req=0	pos=0	in=1	out=0	cnt=0..1	def=	choices=	min=	max=	ds=	dsin=0	dsout=0	mx=	md=	deps=	hid=1/1/1	cat=Base	meta=	desc=Display help message for use by documentation
gdal vector filter	json-usage			boolean	req=0	pos=0	in=1	out=0	cnt=0..1	def=	choices=	min=	max=	ds=	dsin=0	dsout=0	mx=	md=	deps=	hid=0/0/1	cat=Common	meta=	desc=Display usage as JSON document and exit
gdal vector filter	config			string_list	req=0	pos=0	in=1	out=0	cnt=0..-1	def=	choices=	min=	max=	ds=	dsin=0	dsout=0	mx=	md=	deps=	hid=0/0/1	cat=Common	meta=	desc=Configuration option
gdal vector filter	input-format		if	string_list	req=0	pos=0	in=1	out=0	cnt=0..-1	def=	choices=	min=	max=	ds=	dsin=0	dsout=0	mx=	md=	deps=	hid=0/0/0	cat=Advanced	meta=required_capabilities=DCAP_VECTOR;	desc=Input formats
gdal vector filter	open-option		oo	string_list	req=0	pos=0	in=1	out=0	cnt=0..-1	def=	choices=	min=	max=	ds=	dsin=0	dsout=0	mx=	md=	deps=	hid=0/0/0	cat=Advanced	meta=	desc=Open options
gdal vector filter	input	i		dataset_list	req=1	pos=1	in=1	out=0	cnt=1..1	def=	choices=	min=	max=	ds=vector	dsin=3	dsout=2	mx=	md=	deps=	hid=0/0/0	cat=Base	meta=	desc=Input vector datasets
gdal vector filter	input-layer	l	layer	string_list	req=0	pos=0	in=1	out=0	cnt=0..-1	def=	choices=	min=	max=	ds=	dsin=0	dsout=0	mx=	md=	deps=	hid=0/0/0	cat=Base	meta=	desc=Input layer name(s)
gdal vector filter	quiet	q		boolean	req=0	pos=0	in=1	out=0	cnt=0..1	def=	choices=	min=	max=	ds=	dsin=0	dsout=0	mx=	md=	deps=	hid=0/0/0	cat=Common	meta=	desc=Quiet mode (no progress bar or warning message)
gdal vector filter	progress			boolean	req=0	pos=0	in=1	out=0	cnt=0..1	def=	choices=	min=	max=	ds=	dsin=0	dsout=0	mx=	md=	deps=	hid=1/1/1	cat=Base	meta=	desc=Display progress bar
gdal vector filter	output-format	f	of|format	string	req=0	pos=0	in=1	out=0	cnt=0..1	def=	choices=	min=	max=	ds=	dsin=0	dsout=0	mx=	md=	deps=	hid=0/0/0	cat=Base	meta=required_capabilities=DCAP_VECTOR,DCAP_CREATE;	desc=Output format ("GDALG" allowed)
gdal vector filter	output-open-option		output-oo	string_list	req=0	pos=0	in=1	out=0	cnt=0..-1	def=	choices=	min=	max=	ds=	dsin=0	dsout=0	mx=	md=	deps=	hid=0/0/0	cat=Advanced	meta=	desc=Output open options
gdal vector filter	output	o		dataset	req=1	pos=1	in=1	out=1	cnt=0..1	def=	choices=	min=	max=	ds=vector	dsin=3	dsout=2	mx=	md=	deps=	hid=0/0/0	cat=Base	meta=	desc=Output vector dataset
gdal vector filter	creation-option		co	string_list	req=0	pos=0	in=1	out=0	cnt=0..-1	def=	choices=	min=	max=	ds=	dsin=0	dsout=0	mx=	md=	deps=	hid=0/0/0	cat=Base	meta=	desc=Creation option
gdal vector filter	layer-creation-option		lco	string_list	req=0	pos=0	in=1	out=0	cnt=0..-1	def=	choices=	min=	max=	ds=	dsin=0	dsout=0	mx=	md=	deps=	hid=0/0/0	cat=Base	meta=	desc=Layer creation option
gdal vector filter	overwrite			boolean	req=0	pos=0	in=1	out=0	cnt=0..1	def=false	choices=	min=	max=	ds=	dsin=0	dsout=0	mx=	md=	deps=	hid=0/0/0	cat=Base	meta=	desc=Whether overwriting existing output dataset is allowed
gdal vector filter	update			boolean	req=0	pos=0	in=1	out=0	cnt=0..1	def=false	choices=	min=	max=	ds=	dsin=0	dsout=0	mx=	md=	deps=	hid=0/0/0	cat=Base	meta=	desc=Whether to open existing dataset in update mode
gdal vector filter	overwrite-layer			boolean	req=0	pos=0	in=1	out=0	cnt=0..1	def=false	choices=	min=	max=	ds=	dsin=0	dsout=0	mx=	md=	deps=	hid=0/0/0	cat=Base	meta=	desc=Whether overwriting existing output layer is allowed
gdal vector filter	append			boolean	req=0	pos=0	in=1	out=0	cnt=0..1	def=false	choices=	min=	max=	ds=	dsin=0	dsout=0	mx=append-upsert	md=	deps=	hid=0/0/0	cat=Base	meta=	desc=Whether appending to existing layer is allowed
gdal vector filter	upsert			boolean	req=0	pos=0	in=1	out=0	cnt=0..1	def=	choices=	min=	max=	ds=	dsin=0	dsout=0	mx=append-upsert	md=	deps=	hid=0/0/0	cat=Advanced	meta=	desc=Upsert features (implies 'append')
gdal vector filter	output-layer			string	req=0	pos=0	in=1	out=0	cnt=0..1	def=	choices=	min=	max=	ds=	dsin=0	dsout=0	mx=	md=	deps=	hid=0/0/0	cat=Base	meta=	desc=Output layer name
gdal vector filter	skip-errors			boolean	req=0	pos=0	in=1	out=0	cnt=0..1	def=	choices=	min=	max=	ds=	dsin=0	dsout=0	mx=	md=	deps=	hid=0/0/0	cat=Base	meta=	desc=Skip errors when writing features
gdal vector filter	active-layer			string	req=0	pos=0	in=1	out=0	cnt=0..1	def=	choices=	min=	max=	ds=	dsin=0	dsout=0	mx=	md=	deps=	hid=0/0/0	cat=Base	meta=	desc=Set active layer (if not specified, all)
gdal vector filter	bbox			real_list	req=0	pos=0	in=1	out=0	cnt=4..4	def=	choices=	min=	max=	ds=	dsin=0	dsout=0	mx=	md=	deps=	hid=0/0/0	cat=Base	meta=	desc=Bounding box as xmin,ymin,xmax,ymax
gdal vector filter	where			string	req=0	pos=0	in=1	out=0	cnt=0..1	def=	choices=	min=	max=	ds=	dsin=0	dsout=0	mx=	md=	deps=	hid=0/0/0	cat=Base	meta=	desc=Attribute query in a restricted form of the queries used in the SQL WHERE statement
gdal vector filter	update-extent			boolean	req=0	pos=0	in=1	out=0	cnt=0..1	def=	choices=	min=	max=	ds=	dsin=0	dsout=0	mx=	md=	deps=	hid=0/0/0	cat=Base	meta=	desc=Update layer extent to take into account the filter
gdal vector grid	help	h		boolean	req=0	pos=0	in=1	out=0	cnt=0..1	def=	choices=	min=	max=	ds=	dsin=0	dsout=0	mx=	md=	deps=	hid=0/0/1	cat=Common	meta=	desc=Display help message and exit
gdal vector grid	help-doc			boolean	req=0	pos=0	in=1	out=0	cnt=0..1	def=	choices=	min=	max=	ds=	dsin=0	dsout=0	mx=	md=	deps=	hid=1/1/1	cat=Base	meta=	desc=Display help message for use by documentation
gdal vector grid	json-usage			boolean	req=0	pos=0	in=1	out=0	cnt=0..1	def=	choices=	min=	max=	ds=	dsin=0	dsout=0	mx=	md=	deps=	hid=0/0/1	cat=Common	meta=	desc=Display usage as JSON document and exit
gdal vector grid	config			string_list	req=0	pos=0	in=1	out=0	cnt=0..-1	def=	choices=	min=	max=	ds=	dsin=0	dsout=0	mx=	md=	deps=	hid=0/0/1	cat=Common	meta=	desc=Configuration option
gdal vector grid average	help	h		boolean	req=0	pos=0	in=1	out=0	cnt=0..1	def=	choices=	min=	max=	ds=	dsin=0	dsout=0	mx=	md=	deps=	hid=0/0/1	cat=Common	meta=	desc=Display help message and exit
gdal vector grid average	help-doc			boolean	req=0	pos=0	in=1	out=0	cnt=0..1	def=	choices=	min=	max=	ds=	dsin=0	dsout=0	mx=	md=	deps=	hid=1/1/1	cat=Base	meta=	desc=Display help message for use by documentation
gdal vector grid average	json-usage			boolean	req=0	pos=0	in=1	out=0	cnt=0..1	def=	choices=	min=	max=	ds=	dsin=0	dsout=0	mx=	md=	deps=	hid=0/0/1	cat=Common	meta=	desc=Display usage as JSON document and exit
gdal vector grid average	config			string_list	req=0	pos=0	in=1	out=0	cnt=0..-1	def=	choices=	min=	max=	ds=	dsin=0	dsout=0	mx=	md=	deps=	hid=0/0/1	cat=Common	meta=	desc=Configuration option
gdal vector grid average	quiet	q		boolean	req=0	pos=0	in=1	out=0	cnt=0..1	def=	choices=	min=	max=	ds=	dsin=0	dsout=0	mx=	md=	deps=	hid=0/0/0	cat=Common	meta=	desc=Quiet mode (no progress bar or warning message)
gdal vector grid average	progress			boolean	req=0	pos=0	in=1	out=0	cnt=0..1	def=	choices=	min=	max=	ds=	dsin=0	dsout=0	mx=	md=	deps=	hid=1/1/1	cat=Base	meta=	desc=Display progress bar
gdal vector grid average	output-format	f	of|format	string	req=0	pos=0	in=1	out=0	cnt=0..1	def=	choices=	min=	max=	ds=	dsin=0	dsout=0	mx=	md=	deps=	hid=0/0/0	cat=Base	meta=required_capabilities=DCAP_RASTER,DCAP_CREATE;	desc=Output format
gdal vector grid average	open-option		oo	string_list	req=0	pos=0	in=1	out=0	cnt=0..-1	def=	choices=	min=	max=	ds=	dsin=0	dsout=0	mx=	md=	deps=	hid=0/0/0	cat=Advanced	meta=	desc=Open options
gdal vector grid average	input-format		if	string_list	req=0	pos=0	in=1	out=0	cnt=0..-1	def=	choices=	min=	max=	ds=	dsin=0	dsout=0	mx=	md=	deps=	hid=0/0/0	cat=Advanced	meta=required_capabilities=DCAP_VECTOR;	desc=Input formats
gdal vector grid average	input	i		dataset_list	req=1	pos=1	in=1	out=0	cnt=0..-1	def=	choices=	min=	max=	ds=vector	dsin=3	dsout=2	mx=	md=	deps=	hid=0/0/0	cat=Base	meta=	desc=Input vector datasets
gdal vector grid average	output	o		dataset	req=1	pos=1	in=1	out=1	cnt=0..1	def=	choices=	min=	max=	ds=raster	dsin=1	dsout=2	mx=	md=	deps=	hid=0/0/0	cat=Base	meta=	desc=Output raster dataset
gdal vector grid average	creation-option		co	string_list	req=0	pos=0	in=1	out=0	cnt=0..-1	def=	choices=	min=	max=	ds=	dsin=0	dsout=0	mx=	md=	deps=	hid=0/0/0	cat=Base	meta=	desc=Creation option
gdal vector grid average	extent			real_list	req=0	pos=0	in=1	out=0	cnt=4..4	def=	choices=	min=	max=	ds=	dsin=0	dsout=0	mx=	md=	deps=	hid=0/0/0	cat=Base	meta=	desc=Set the target georeferenced extent
gdal vector grid average	resolution			real_list	req=0	pos=0	in=1	out=0	cnt=2..2	def=	choices=	min=	max=	ds=	dsin=0	dsout=0	mx=size-or-resolution	md=	deps=	hid=0/0/0	cat=Base	meta=	desc=Set the target resolution
gdal vector grid average	size			integer_list	req=0	pos=0	in=1	out=0	cnt=2..2	def=	choices=	min=	max=	ds=	dsin=0	dsout=0	mx=size-or-resolution	md=	deps=	hid=0/0/0	cat=Base	meta=	desc=Set the target size in pixels and lines
gdal vector grid average	output-data-type		ot|datatype	string	req=0	pos=0	in=1	out=0	cnt=0..1	def=Float64	choices=UInt8|Int8|UInt16|Int16|UInt32|Int32|UInt64|Int64|CInt16|CInt32|Float16|Float32|Float64|CFloat32|CFloat64	min=	max=	ds=	dsin=0	dsout=0	mx=	md=	deps=	hid=0/0/0	cat=Base	meta=type=GDALDataType;	desc=Output data type
gdal vector grid average	crs			string	req=0	pos=0	in=1	out=0	cnt=0..1	def=	choices=	min=	max=	ds=	dsin=0	dsout=0	mx=	md=	deps=	hid=0/0/0	cat=Base	meta=	desc=Override the projection for the output file
gdal vector grid average	overwrite			boolean	req=0	pos=0	in=1	out=0	cnt=0..1	def=false	choices=	min=	max=	ds=	dsin=0	dsout=0	mx=	md=	deps=	hid=0/0/0	cat=Base	meta=	desc=Whether overwriting existing output dataset is allowed
gdal vector grid average	input-layer	l	layer	string_list	req=0	pos=0	in=1	out=0	cnt=0..-1	def=	choices=	min=	max=	ds=	dsin=0	dsout=0	mx=layer-sql	md=	deps=	hid=0/0/0	cat=Base	meta=	desc=Input layer name
gdal vector grid average	sql			string	req=0	pos=0	in=1	out=0	cnt=0..1	def=	choices=	min=	max=	ds=	dsin=0	dsout=0	mx=layer-sql	md=	deps=	hid=0/0/0	cat=Base	meta=	desc=SQL statement
gdal vector grid average	bbox			real_list	req=0	pos=0	in=1	out=0	cnt=4..4	def=	choices=	min=	max=	ds=	dsin=0	dsout=0	mx=	md=	deps=	hid=0/0/0	cat=Base	meta=	desc=Select only points contained within the specified bounding box
gdal vector grid average	zfield			string	req=0	pos=0	in=1	out=0	cnt=0..1	def=	choices=	min=	max=	ds=	dsin=0	dsout=0	mx=	md=	deps=	hid=0/0/0	cat=Base	meta=	desc=Field name from which to get Z values.
gdal vector grid average	zoffset			real	req=0	pos=0	in=1	out=0	cnt=0..1	def=0	choices=	min=	max=	ds=	dsin=0	dsout=0	mx=	md=	deps=	hid=0/0/0	cat=Base	meta=	desc=Value to add to the Z field value (applied before zmultiply)
gdal vector grid average	zmultiply			real	req=0	pos=0	in=1	out=0	cnt=0..1	def=1	choices=	min=	max=	ds=	dsin=0	dsout=0	mx=	md=	deps=	hid=0/0/0	cat=Base	meta=	desc=Multiplication factor for the Z field value (applied after zoffset)
gdal vector grid average	radius			real	req=0	pos=0	in=1	out=0	cnt=0..1	def=	choices=	min=	max=	ds=	dsin=0	dsout=0	mx=radius	md=	deps=	hid=0/0/0	cat=Base	meta=	desc=Radius of the search circle
gdal vector grid average	radius1			real	req=0	pos=0	in=1	out=0	cnt=0..1	def=	choices=	min=	max=	ds=	dsin=0	dsout=0	mx=radius	md=	deps=	hid=0/0/0	cat=Base	meta=	desc=First axis of the search ellipse
gdal vector grid average	radius2			real	req=0	pos=0	in=1	out=0	cnt=0..1	def=	choices=	min=	max=	ds=	dsin=0	dsout=0	mx=	md=	deps=	hid=0/0/0	cat=Base	meta=	desc=Second axis of the search ellipse
gdal vector grid average	angle			real	req=0	pos=0	in=1	out=0	cnt=0..1	def=0	choices=	min=	max=	ds=	dsin=0	dsout=0	mx=	md=	deps=	hid=0/0/0	cat=Base	meta=	desc=Angle of search ellipse rotation in degrees (counter clockwise)
gdal vector grid average	min-points			integer	req=0	pos=0	in=1	out=0	cnt=0..1	def=0	choices=	min=	max=	ds=	dsin=0	dsout=0	mx=	md=	deps=	hid=0/0/0	cat=Base	meta=	desc=Minimum number of data points to use
gdal vector grid average	max-points			integer	req=0	pos=0	in=1	out=0	cnt=0..1	def=2147483647	choices=	min=	max=	ds=	dsin=0	dsout=0	mx=	md=	deps=	hid=0/0/0	cat=Base	meta=	desc=Maximum number of data points to use
gdal vector grid average	min-points-per-quadrant			integer	req=0	pos=0	in=1	out=0	cnt=0..1	def=0	choices=	min=	max=	ds=	dsin=0	dsout=0	mx=	md=	deps=	hid=0/0/0	cat=Base	meta=	desc=Minimum number of data points to use per quadrant
gdal vector grid average	max-points-per-quadrant			integer	req=0	pos=0	in=1	out=0	cnt=0..1	def=2147483647	choices=	min=	max=	ds=	dsin=0	dsout=0	mx=	md=	deps=	hid=0/0/0	cat=Base	meta=	desc=Maximum number of data points to use per quadrant
gdal vector grid average	nodata			real	req=0	pos=0	in=1	out=0	cnt=0..1	def=0	choices=	min=	max=	ds=	dsin=0	dsout=0	mx=	md=	deps=	hid=0/0/0	cat=Base	meta=	desc=Target nodata value
gdal vector grid average-distance	help	h		boolean	req=0	pos=0	in=1	out=0	cnt=0..1	def=	choices=	min=	max=	ds=	dsin=0	dsout=0	mx=	md=	deps=	hid=0/0/1	cat=Common	meta=	desc=Display help message and exit
gdal vector grid average-distance	help-doc			boolean	req=0	pos=0	in=1	out=0	cnt=0..1	def=	choices=	min=	max=	ds=	dsin=0	dsout=0	mx=	md=	deps=	hid=1/1/1	cat=Base	meta=	desc=Display help message for use by documentation
gdal vector grid average-distance	json-usage			boolean	req=0	pos=0	in=1	out=0	cnt=0..1	def=	choices=	min=	max=	ds=	dsin=0	dsout=0	mx=	md=	deps=	hid=0/0/1	cat=Common	meta=	desc=Display usage as JSON document and exit
gdal vector grid average-distance	config			string_list	req=0	pos=0	in=1	out=0	cnt=0..-1	def=	choices=	min=	max=	ds=	dsin=0	dsout=0	mx=	md=	deps=	hid=0/0/1	cat=Common	meta=	desc=Configuration option
gdal vector grid average-distance	quiet	q		boolean	req=0	pos=0	in=1	out=0	cnt=0..1	def=	choices=	min=	max=	ds=	dsin=0	dsout=0	mx=	md=	deps=	hid=0/0/0	cat=Common	meta=	desc=Quiet mode (no progress bar or warning message)
gdal vector grid average-distance	progress			boolean	req=0	pos=0	in=1	out=0	cnt=0..1	def=	choices=	min=	max=	ds=	dsin=0	dsout=0	mx=	md=	deps=	hid=1/1/1	cat=Base	meta=	desc=Display progress bar
gdal vector grid average-distance	output-format	f	of|format	string	req=0	pos=0	in=1	out=0	cnt=0..1	def=	choices=	min=	max=	ds=	dsin=0	dsout=0	mx=	md=	deps=	hid=0/0/0	cat=Base	meta=required_capabilities=DCAP_RASTER,DCAP_CREATE;	desc=Output format
gdal vector grid average-distance	open-option		oo	string_list	req=0	pos=0	in=1	out=0	cnt=0..-1	def=	choices=	min=	max=	ds=	dsin=0	dsout=0	mx=	md=	deps=	hid=0/0/0	cat=Advanced	meta=	desc=Open options
gdal vector grid average-distance	input-format		if	string_list	req=0	pos=0	in=1	out=0	cnt=0..-1	def=	choices=	min=	max=	ds=	dsin=0	dsout=0	mx=	md=	deps=	hid=0/0/0	cat=Advanced	meta=required_capabilities=DCAP_VECTOR;	desc=Input formats
gdal vector grid average-distance	input	i		dataset_list	req=1	pos=1	in=1	out=0	cnt=0..-1	def=	choices=	min=	max=	ds=vector	dsin=3	dsout=2	mx=	md=	deps=	hid=0/0/0	cat=Base	meta=	desc=Input vector datasets
gdal vector grid average-distance	output	o		dataset	req=1	pos=1	in=1	out=1	cnt=0..1	def=	choices=	min=	max=	ds=raster	dsin=1	dsout=2	mx=	md=	deps=	hid=0/0/0	cat=Base	meta=	desc=Output raster dataset
gdal vector grid average-distance	creation-option		co	string_list	req=0	pos=0	in=1	out=0	cnt=0..-1	def=	choices=	min=	max=	ds=	dsin=0	dsout=0	mx=	md=	deps=	hid=0/0/0	cat=Base	meta=	desc=Creation option
gdal vector grid average-distance	extent			real_list	req=0	pos=0	in=1	out=0	cnt=4..4	def=	choices=	min=	max=	ds=	dsin=0	dsout=0	mx=	md=	deps=	hid=0/0/0	cat=Base	meta=	desc=Set the target georeferenced extent
gdal vector grid average-distance	resolution			real_list	req=0	pos=0	in=1	out=0	cnt=2..2	def=	choices=	min=	max=	ds=	dsin=0	dsout=0	mx=size-or-resolution	md=	deps=	hid=0/0/0	cat=Base	meta=	desc=Set the target resolution
gdal vector grid average-distance	size			integer_list	req=0	pos=0	in=1	out=0	cnt=2..2	def=	choices=	min=	max=	ds=	dsin=0	dsout=0	mx=size-or-resolution	md=	deps=	hid=0/0/0	cat=Base	meta=	desc=Set the target size in pixels and lines
gdal vector grid average-distance	output-data-type		ot|datatype	string	req=0	pos=0	in=1	out=0	cnt=0..1	def=Float64	choices=UInt8|Int8|UInt16|Int16|UInt32|Int32|UInt64|Int64|CInt16|CInt32|Float16|Float32|Float64|CFloat32|CFloat64	min=	max=	ds=	dsin=0	dsout=0	mx=	md=	deps=	hid=0/0/0	cat=Base	meta=type=GDALDataType;	desc=Output data type
gdal vector grid average-distance	crs			string	req=0	pos=0	in=1	out=0	cnt=0..1	def=	choices=	min=	max=	ds=	dsin=0	dsout=0	mx=	md=	deps=	hid=0/0/0	cat=Base	meta=	desc=Override the projection for the output file
gdal vector grid average-distance	overwrite			boolean	req=0	pos=0	in=1	out=0	cnt=0..1	def=false	choices=	min=	max=	ds=	dsin=0	dsout=0	mx=	md=	deps=	hid=0/0/0	cat=Base	meta=	desc=Whether overwriting existing output dataset is allowed
gdal vector grid average-distance	input-layer	l	layer	string_list	req=0	pos=0	in=1	out=0	cnt=0..-1	def=	choices=	min=	max=	ds=	dsin=0	dsout=0	mx=layer-sql	md=	deps=	hid=0/0/0	cat=Base	meta=	desc=Input layer name
gdal vector grid average-distance	sql			string	req=0	pos=0	in=1	out=0	cnt=0..1	def=	choices=	min=	max=	ds=	dsin=0	dsout=0	mx=layer-sql	md=	deps=	hid=0/0/0	cat=Base	meta=	desc=SQL statement
gdal vector grid average-distance	bbox			real_list	req=0	pos=0	in=1	out=0	cnt=4..4	def=	choices=	min=	max=	ds=	dsin=0	dsout=0	mx=	md=	deps=	hid=0/0/0	cat=Base	meta=	desc=Select only points contained within the specified bounding box
gdal vector grid average-distance	zfield			string	req=0	pos=0	in=1	out=0	cnt=0..1	def=	choices=	min=	max=	ds=	dsin=0	dsout=0	mx=	md=	deps=	hid=0/0/0	cat=Base	meta=	desc=Field name from which to get Z values.
gdal vector grid average-distance	zoffset			real	req=0	pos=0	in=1	out=0	cnt=0..1	def=0	choices=	min=	max=	ds=	dsin=0	dsout=0	mx=	md=	deps=	hid=0/0/0	cat=Base	meta=	desc=Value to add to the Z field value (applied before zmultiply)
gdal vector grid average-distance	zmultiply			real	req=0	pos=0	in=1	out=0	cnt=0..1	def=1	choices=	min=	max=	ds=	dsin=0	dsout=0	mx=	md=	deps=	hid=0/0/0	cat=Base	meta=	desc=Multiplication factor for the Z field value (applied after zoffset)
gdal vector grid average-distance	radius			real	req=0	pos=0	in=1	out=0	cnt=0..1	def=	choices=	min=	max=	ds=	dsin=0	dsout=0	mx=radius	md=	deps=	hid=0/0/0	cat=Base	meta=	desc=Radius of the search circle
gdal vector grid average-distance	radius1			real	req=0	pos=0	in=1	out=0	cnt=0..1	def=	choices=	min=	max=	ds=	dsin=0	dsout=0	mx=radius	md=	deps=	hid=0/0/0	cat=Base	meta=	desc=First axis of the search ellipse
gdal vector grid average-distance	radius2			real	req=0	pos=0	in=1	out=0	cnt=0..1	def=	choices=	min=	max=	ds=	dsin=0	dsout=0	mx=	md=	deps=	hid=0/0/0	cat=Base	meta=	desc=Second axis of the search ellipse
gdal vector grid average-distance	angle			real	req=0	pos=0	in=1	out=0	cnt=0..1	def=0	choices=	min=	max=	ds=	dsin=0	dsout=0	mx=	md=	deps=	hid=0/0/0	cat=Base	meta=	desc=Angle of search ellipse rotation in degrees (counter clockwise)
gdal vector grid average-distance	min-points			integer	req=0	pos=0	in=1	out=0	cnt=0..1	def=0	choices=	min=	max=	ds=	dsin=0	dsout=0	mx=	md=	deps=	hid=0/0/0	cat=Base	meta=	desc=Minimum number of data points to use
gdal vector grid average-distance	min-points-per-quadrant			integer	req=0	pos=0	in=1	out=0	cnt=0..1	def=0	choices=	min=	max=	ds=	dsin=0	dsout=0	mx=	md=	deps=	hid=0/0/0	cat=Base	meta=	desc=Minimum number of data points to use per quadrant
gdal vector grid average-distance	max-points-per-quadrant			integer	req=0	pos=0	in=1	out=0	cnt=0..1	def=2147483647	choices=	min=	max=	ds=	dsin=0	dsout=0	mx=	md=	deps=	hid=0/0/0	cat=Base	meta=	desc=Maximum number of data points to use per quadrant
gdal vector grid average-distance	nodata			real	req=0	pos=0	in=1	out=0	cnt=0..1	def=0	choices=	min=	max=	ds=	dsin=0	dsout=0	mx=	md=	deps=	hid=0/0/0	cat=Base	meta=	desc=Target nodata value
gdal vector grid average-distance-points	help	h		boolean	req=0	pos=0	in=1	out=0	cnt=0..1	def=	choices=	min=	max=	ds=	dsin=0	dsout=0	mx=	md=	deps=	hid=0/0/1	cat=Common	meta=	desc=Display help message and exit
gdal vector grid average-distance-points	help-doc			boolean	req=0	pos=0	in=1	out=0	cnt=0..1	def=	choices=	min=	max=	ds=	dsin=0	dsout=0	mx=	md=	deps=	hid=1/1/1	cat=Base	meta=	desc=Display help message for use by documentation
gdal vector grid average-distance-points	json-usage			boolean	req=0	pos=0	in=1	out=0	cnt=0..1	def=	choices=	min=	max=	ds=	dsin=0	dsout=0	mx=	md=	deps=	hid=0/0/1	cat=Common	meta=	desc=Display usage as JSON document and exit
gdal vector grid average-distance-points	config			string_list	req=0	pos=0	in=1	out=0	cnt=0..-1	def=	choices=	min=	max=	ds=	dsin=0	dsout=0	mx=	md=	deps=	hid=0/0/1	cat=Common	meta=	desc=Configuration option
gdal vector grid average-distance-points	quiet	q		boolean	req=0	pos=0	in=1	out=0	cnt=0..1	def=	choices=	min=	max=	ds=	dsin=0	dsout=0	mx=	md=	deps=	hid=0/0/0	cat=Common	meta=	desc=Quiet mode (no progress bar or warning message)
gdal vector grid average-distance-points	progress			boolean	req=0	pos=0	in=1	out=0	cnt=0..1	def=	choices=	min=	max=	ds=	dsin=0	dsout=0	mx=	md=	deps=	hid=1/1/1	cat=Base	meta=	desc=Display progress bar
gdal vector grid average-distance-points	output-format	f	of|format	string	req=0	pos=0	in=1	out=0	cnt=0..1	def=	choices=	min=	max=	ds=	dsin=0	dsout=0	mx=	md=	deps=	hid=0/0/0	cat=Base	meta=required_capabilities=DCAP_RASTER,DCAP_CREATE;	desc=Output format
gdal vector grid average-distance-points	open-option		oo	string_list	req=0	pos=0	in=1	out=0	cnt=0..-1	def=	choices=	min=	max=	ds=	dsin=0	dsout=0	mx=	md=	deps=	hid=0/0/0	cat=Advanced	meta=	desc=Open options
gdal vector grid average-distance-points	input-format		if	string_list	req=0	pos=0	in=1	out=0	cnt=0..-1	def=	choices=	min=	max=	ds=	dsin=0	dsout=0	mx=	md=	deps=	hid=0/0/0	cat=Advanced	meta=required_capabilities=DCAP_VECTOR;	desc=Input formats
gdal vector grid average-distance-points	input	i		dataset_list	req=1	pos=1	in=1	out=0	cnt=0..-1	def=	choices=	min=	max=	ds=vector	dsin=3	dsout=2	mx=	md=	deps=	hid=0/0/0	cat=Base	meta=	desc=Input vector datasets
gdal vector grid average-distance-points	output	o		dataset	req=1	pos=1	in=1	out=1	cnt=0..1	def=	choices=	min=	max=	ds=raster	dsin=1	dsout=2	mx=	md=	deps=	hid=0/0/0	cat=Base	meta=	desc=Output raster dataset
gdal vector grid average-distance-points	creation-option		co	string_list	req=0	pos=0	in=1	out=0	cnt=0..-1	def=	choices=	min=	max=	ds=	dsin=0	dsout=0	mx=	md=	deps=	hid=0/0/0	cat=Base	meta=	desc=Creation option
gdal vector grid average-distance-points	extent			real_list	req=0	pos=0	in=1	out=0	cnt=4..4	def=	choices=	min=	max=	ds=	dsin=0	dsout=0	mx=	md=	deps=	hid=0/0/0	cat=Base	meta=	desc=Set the target georeferenced extent
gdal vector grid average-distance-points	resolution			real_list	req=0	pos=0	in=1	out=0	cnt=2..2	def=	choices=	min=	max=	ds=	dsin=0	dsout=0	mx=size-or-resolution	md=	deps=	hid=0/0/0	cat=Base	meta=	desc=Set the target resolution
gdal vector grid average-distance-points	size			integer_list	req=0	pos=0	in=1	out=0	cnt=2..2	def=	choices=	min=	max=	ds=	dsin=0	dsout=0	mx=size-or-resolution	md=	deps=	hid=0/0/0	cat=Base	meta=	desc=Set the target size in pixels and lines
gdal vector grid average-distance-points	output-data-type		ot|datatype	string	req=0	pos=0	in=1	out=0	cnt=0..1	def=Float64	choices=UInt8|Int8|UInt16|Int16|UInt32|Int32|UInt64|Int64|CInt16|CInt32|Float16|Float32|Float64|CFloat32|CFloat64	min=	max=	ds=	dsin=0	dsout=0	mx=	md=	deps=	hid=0/0/0	cat=Base	meta=type=GDALDataType;	desc=Output data type
gdal vector grid average-distance-points	crs			string	req=0	pos=0	in=1	out=0	cnt=0..1	def=	choices=	min=	max=	ds=	dsin=0	dsout=0	mx=	md=	deps=	hid=0/0/0	cat=Base	meta=	desc=Override the projection for the output file
gdal vector grid average-distance-points	overwrite			boolean	req=0	pos=0	in=1	out=0	cnt=0..1	def=false	choices=	min=	max=	ds=	dsin=0	dsout=0	mx=	md=	deps=	hid=0/0/0	cat=Base	meta=	desc=Whether overwriting existing output dataset is allowed
gdal vector grid average-distance-points	input-layer	l	layer	string_list	req=0	pos=0	in=1	out=0	cnt=0..-1	def=	choices=	min=	max=	ds=	dsin=0	dsout=0	mx=layer-sql	md=	deps=	hid=0/0/0	cat=Base	meta=	desc=Input layer name
gdal vector grid average-distance-points	sql			string	req=0	pos=0	in=1	out=0	cnt=0..1	def=	choices=	min=	max=	ds=	dsin=0	dsout=0	mx=layer-sql	md=	deps=	hid=0/0/0	cat=Base	meta=	desc=SQL statement
gdal vector grid average-distance-points	bbox			real_list	req=0	pos=0	in=1	out=0	cnt=4..4	def=	choices=	min=	max=	ds=	dsin=0	dsout=0	mx=	md=	deps=	hid=0/0/0	cat=Base	meta=	desc=Select only points contained within the specified bounding box
gdal vector grid average-distance-points	zfield			string	req=0	pos=0	in=1	out=0	cnt=0..1	def=	choices=	min=	max=	ds=	dsin=0	dsout=0	mx=	md=	deps=	hid=0/0/0	cat=Base	meta=	desc=Field name from which to get Z values.
gdal vector grid average-distance-points	zoffset			real	req=0	pos=0	in=1	out=0	cnt=0..1	def=0	choices=	min=	max=	ds=	dsin=0	dsout=0	mx=	md=	deps=	hid=0/0/0	cat=Base	meta=	desc=Value to add to the Z field value (applied before zmultiply)
gdal vector grid average-distance-points	zmultiply			real	req=0	pos=0	in=1	out=0	cnt=0..1	def=1	choices=	min=	max=	ds=	dsin=0	dsout=0	mx=	md=	deps=	hid=0/0/0	cat=Base	meta=	desc=Multiplication factor for the Z field value (applied after zoffset)
gdal vector grid average-distance-points	radius			real	req=0	pos=0	in=1	out=0	cnt=0..1	def=	choices=	min=	max=	ds=	dsin=0	dsout=0	mx=radius	md=	deps=	hid=0/0/0	cat=Base	meta=	desc=Radius of the search circle
gdal vector grid average-distance-points	radius1			real	req=0	pos=0	in=1	out=0	cnt=0..1	def=	choices=	min=	max=	ds=	dsin=0	dsout=0	mx=radius	md=	deps=	hid=0/0/0	cat=Base	meta=	desc=First axis of the search ellipse
gdal vector grid average-distance-points	radius2			real	req=0	pos=0	in=1	out=0	cnt=0..1	def=	choices=	min=	max=	ds=	dsin=0	dsout=0	mx=	md=	deps=	hid=0/0/0	cat=Base	meta=	desc=Second axis of the search ellipse
gdal vector grid average-distance-points	angle			real	req=0	pos=0	in=1	out=0	cnt=0..1	def=0	choices=	min=	max=	ds=	dsin=0	dsout=0	mx=	md=	deps=	hid=0/0/0	cat=Base	meta=	desc=Angle of search ellipse rotation in degrees (counter clockwise)
gdal vector grid average-distance-points	min-points			integer	req=0	pos=0	in=1	out=0	cnt=0..1	def=0	choices=	min=	max=	ds=	dsin=0	dsout=0	mx=	md=	deps=	hid=0/0/0	cat=Base	meta=	desc=Minimum number of data points to use
gdal vector grid average-distance-points	min-points-per-quadrant			integer	req=0	pos=0	in=1	out=0	cnt=0..1	def=0	choices=	min=	max=	ds=	dsin=0	dsout=0	mx=	md=	deps=	hid=0/0/0	cat=Base	meta=	desc=Minimum number of data points to use per quadrant
gdal vector grid average-distance-points	max-points-per-quadrant			integer	req=0	pos=0	in=1	out=0	cnt=0..1	def=2147483647	choices=	min=	max=	ds=	dsin=0	dsout=0	mx=	md=	deps=	hid=0/0/0	cat=Base	meta=	desc=Maximum number of data points to use per quadrant
gdal vector grid average-distance-points	nodata			real	req=0	pos=0	in=1	out=0	cnt=0..1	def=0	choices=	min=	max=	ds=	dsin=0	dsout=0	mx=	md=	deps=	hid=0/0/0	cat=Base	meta=	desc=Target nodata value
gdal vector grid count	help	h		boolean	req=0	pos=0	in=1	out=0	cnt=0..1	def=	choices=	min=	max=	ds=	dsin=0	dsout=0	mx=	md=	deps=	hid=0/0/1	cat=Common	meta=	desc=Display help message and exit
gdal vector grid count	help-doc			boolean	req=0	pos=0	in=1	out=0	cnt=0..1	def=	choices=	min=	max=	ds=	dsin=0	dsout=0	mx=	md=	deps=	hid=1/1/1	cat=Base	meta=	desc=Display help message for use by documentation
gdal vector grid count	json-usage			boolean	req=0	pos=0	in=1	out=0	cnt=0..1	def=	choices=	min=	max=	ds=	dsin=0	dsout=0	mx=	md=	deps=	hid=0/0/1	cat=Common	meta=	desc=Display usage as JSON document and exit
gdal vector grid count	config			string_list	req=0	pos=0	in=1	out=0	cnt=0..-1	def=	choices=	min=	max=	ds=	dsin=0	dsout=0	mx=	md=	deps=	hid=0/0/1	cat=Common	meta=	desc=Configuration option
gdal vector grid count	quiet	q		boolean	req=0	pos=0	in=1	out=0	cnt=0..1	def=	choices=	min=	max=	ds=	dsin=0	dsout=0	mx=	md=	deps=	hid=0/0/0	cat=Common	meta=	desc=Quiet mode (no progress bar or warning message)
gdal vector grid count	progress			boolean	req=0	pos=0	in=1	out=0	cnt=0..1	def=	choices=	min=	max=	ds=	dsin=0	dsout=0	mx=	md=	deps=	hid=1/1/1	cat=Base	meta=	desc=Display progress bar
gdal vector grid count	output-format	f	of|format	string	req=0	pos=0	in=1	out=0	cnt=0..1	def=	choices=	min=	max=	ds=	dsin=0	dsout=0	mx=	md=	deps=	hid=0/0/0	cat=Base	meta=required_capabilities=DCAP_RASTER,DCAP_CREATE;	desc=Output format
gdal vector grid count	open-option		oo	string_list	req=0	pos=0	in=1	out=0	cnt=0..-1	def=	choices=	min=	max=	ds=	dsin=0	dsout=0	mx=	md=	deps=	hid=0/0/0	cat=Advanced	meta=	desc=Open options
gdal vector grid count	input-format		if	string_list	req=0	pos=0	in=1	out=0	cnt=0..-1	def=	choices=	min=	max=	ds=	dsin=0	dsout=0	mx=	md=	deps=	hid=0/0/0	cat=Advanced	meta=required_capabilities=DCAP_VECTOR;	desc=Input formats
gdal vector grid count	input	i		dataset_list	req=1	pos=1	in=1	out=0	cnt=0..-1	def=	choices=	min=	max=	ds=vector	dsin=3	dsout=2	mx=	md=	deps=	hid=0/0/0	cat=Base	meta=	desc=Input vector datasets
gdal vector grid count	output	o		dataset	req=1	pos=1	in=1	out=1	cnt=0..1	def=	choices=	min=	max=	ds=raster	dsin=1	dsout=2	mx=	md=	deps=	hid=0/0/0	cat=Base	meta=	desc=Output raster dataset
gdal vector grid count	creation-option		co	string_list	req=0	pos=0	in=1	out=0	cnt=0..-1	def=	choices=	min=	max=	ds=	dsin=0	dsout=0	mx=	md=	deps=	hid=0/0/0	cat=Base	meta=	desc=Creation option
gdal vector grid count	extent			real_list	req=0	pos=0	in=1	out=0	cnt=4..4	def=	choices=	min=	max=	ds=	dsin=0	dsout=0	mx=	md=	deps=	hid=0/0/0	cat=Base	meta=	desc=Set the target georeferenced extent
gdal vector grid count	resolution			real_list	req=0	pos=0	in=1	out=0	cnt=2..2	def=	choices=	min=	max=	ds=	dsin=0	dsout=0	mx=size-or-resolution	md=	deps=	hid=0/0/0	cat=Base	meta=	desc=Set the target resolution
gdal vector grid count	size			integer_list	req=0	pos=0	in=1	out=0	cnt=2..2	def=	choices=	min=	max=	ds=	dsin=0	dsout=0	mx=size-or-resolution	md=	deps=	hid=0/0/0	cat=Base	meta=	desc=Set the target size in pixels and lines
gdal vector grid count	output-data-type		ot|datatype	string	req=0	pos=0	in=1	out=0	cnt=0..1	def=Float64	choices=UInt8|Int8|UInt16|Int16|UInt32|Int32|UInt64|Int64|CInt16|CInt32|Float16|Float32|Float64|CFloat32|CFloat64	min=	max=	ds=	dsin=0	dsout=0	mx=	md=	deps=	hid=0/0/0	cat=Base	meta=type=GDALDataType;	desc=Output data type
gdal vector grid count	crs			string	req=0	pos=0	in=1	out=0	cnt=0..1	def=	choices=	min=	max=	ds=	dsin=0	dsout=0	mx=	md=	deps=	hid=0/0/0	cat=Base	meta=	desc=Override the projection for the output file
gdal vector grid count	overwrite			boolean	req=0	pos=0	in=1	out=0	cnt=0..1	def=false	choices=	min=	max=	ds=	dsin=0	dsout=0	mx=	md=	deps=	hid=0/0/0	cat=Base	meta=	desc=Whether overwriting existing output dataset is allowed
gdal vector grid count	input-layer	l	layer	string_list	req=0	pos=0	in=1	out=0	cnt=0..-1	def=	choices=	min=	max=	ds=	dsin=0	dsout=0	mx=layer-sql	md=	deps=	hid=0/0/0	cat=Base	meta=	desc=Input layer name
gdal vector grid count	sql			string	req=0	pos=0	in=1	out=0	cnt=0..1	def=	choices=	min=	max=	ds=	dsin=0	dsout=0	mx=layer-sql	md=	deps=	hid=0/0/0	cat=Base	meta=	desc=SQL statement
gdal vector grid count	bbox			real_list	req=0	pos=0	in=1	out=0	cnt=4..4	def=	choices=	min=	max=	ds=	dsin=0	dsout=0	mx=	md=	deps=	hid=0/0/0	cat=Base	meta=	desc=Select only points contained within the specified bounding box
gdal vector grid count	zfield			string	req=0	pos=0	in=1	out=0	cnt=0..1	def=	choices=	min=	max=	ds=	dsin=0	dsout=0	mx=	md=	deps=	hid=0/0/0	cat=Base	meta=	desc=Field name from which to get Z values.
gdal vector grid count	zoffset			real	req=0	pos=0	in=1	out=0	cnt=0..1	def=0	choices=	min=	max=	ds=	dsin=0	dsout=0	mx=	md=	deps=	hid=0/0/0	cat=Base	meta=	desc=Value to add to the Z field value (applied before zmultiply)
gdal vector grid count	zmultiply			real	req=0	pos=0	in=1	out=0	cnt=0..1	def=1	choices=	min=	max=	ds=	dsin=0	dsout=0	mx=	md=	deps=	hid=0/0/0	cat=Base	meta=	desc=Multiplication factor for the Z field value (applied after zoffset)
gdal vector grid count	radius			real	req=0	pos=0	in=1	out=0	cnt=0..1	def=	choices=	min=	max=	ds=	dsin=0	dsout=0	mx=radius	md=	deps=	hid=0/0/0	cat=Base	meta=	desc=Radius of the search circle
gdal vector grid count	radius1			real	req=0	pos=0	in=1	out=0	cnt=0..1	def=	choices=	min=	max=	ds=	dsin=0	dsout=0	mx=radius	md=	deps=	hid=0/0/0	cat=Base	meta=	desc=First axis of the search ellipse
gdal vector grid count	radius2			real	req=0	pos=0	in=1	out=0	cnt=0..1	def=	choices=	min=	max=	ds=	dsin=0	dsout=0	mx=	md=	deps=	hid=0/0/0	cat=Base	meta=	desc=Second axis of the search ellipse
gdal vector grid count	angle			real	req=0	pos=0	in=1	out=0	cnt=0..1	def=0	choices=	min=	max=	ds=	dsin=0	dsout=0	mx=	md=	deps=	hid=0/0/0	cat=Base	meta=	desc=Angle of search ellipse rotation in degrees (counter clockwise)
gdal vector grid count	min-points			integer	req=0	pos=0	in=1	out=0	cnt=0..1	def=0	choices=	min=	max=	ds=	dsin=0	dsout=0	mx=	md=	deps=	hid=0/0/0	cat=Base	meta=	desc=Minimum number of data points to use
gdal vector grid count	min-points-per-quadrant			integer	req=0	pos=0	in=1	out=0	cnt=0..1	def=0	choices=	min=	max=	ds=	dsin=0	dsout=0	mx=	md=	deps=	hid=0/0/0	cat=Base	meta=	desc=Minimum number of data points to use per quadrant
gdal vector grid count	max-points-per-quadrant			integer	req=0	pos=0	in=1	out=0	cnt=0..1	def=2147483647	choices=	min=	max=	ds=	dsin=0	dsout=0	mx=	md=	deps=	hid=0/0/0	cat=Base	meta=	desc=Maximum number of data points to use per quadrant
gdal vector grid count	nodata			real	req=0	pos=0	in=1	out=0	cnt=0..1	def=0	choices=	min=	max=	ds=	dsin=0	dsout=0	mx=	md=	deps=	hid=0/0/0	cat=Base	meta=	desc=Target nodata value
gdal vector grid invdist	help	h		boolean	req=0	pos=0	in=1	out=0	cnt=0..1	def=	choices=	min=	max=	ds=	dsin=0	dsout=0	mx=	md=	deps=	hid=0/0/1	cat=Common	meta=	desc=Display help message and exit
gdal vector grid invdist	help-doc			boolean	req=0	pos=0	in=1	out=0	cnt=0..1	def=	choices=	min=	max=	ds=	dsin=0	dsout=0	mx=	md=	deps=	hid=1/1/1	cat=Base	meta=	desc=Display help message for use by documentation
gdal vector grid invdist	json-usage			boolean	req=0	pos=0	in=1	out=0	cnt=0..1	def=	choices=	min=	max=	ds=	dsin=0	dsout=0	mx=	md=	deps=	hid=0/0/1	cat=Common	meta=	desc=Display usage as JSON document and exit
gdal vector grid invdist	config			string_list	req=0	pos=0	in=1	out=0	cnt=0..-1	def=	choices=	min=	max=	ds=	dsin=0	dsout=0	mx=	md=	deps=	hid=0/0/1	cat=Common	meta=	desc=Configuration option
gdal vector grid invdist	quiet	q		boolean	req=0	pos=0	in=1	out=0	cnt=0..1	def=	choices=	min=	max=	ds=	dsin=0	dsout=0	mx=	md=	deps=	hid=0/0/0	cat=Common	meta=	desc=Quiet mode (no progress bar or warning message)
gdal vector grid invdist	progress			boolean	req=0	pos=0	in=1	out=0	cnt=0..1	def=	choices=	min=	max=	ds=	dsin=0	dsout=0	mx=	md=	deps=	hid=1/1/1	cat=Base	meta=	desc=Display progress bar
gdal vector grid invdist	output-format	f	of|format	string	req=0	pos=0	in=1	out=0	cnt=0..1	def=	choices=	min=	max=	ds=	dsin=0	dsout=0	mx=	md=	deps=	hid=0/0/0	cat=Base	meta=required_capabilities=DCAP_RASTER,DCAP_CREATE;	desc=Output format
gdal vector grid invdist	open-option		oo	string_list	req=0	pos=0	in=1	out=0	cnt=0..-1	def=	choices=	min=	max=	ds=	dsin=0	dsout=0	mx=	md=	deps=	hid=0/0/0	cat=Advanced	meta=	desc=Open options
gdal vector grid invdist	input-format		if	string_list	req=0	pos=0	in=1	out=0	cnt=0..-1	def=	choices=	min=	max=	ds=	dsin=0	dsout=0	mx=	md=	deps=	hid=0/0/0	cat=Advanced	meta=required_capabilities=DCAP_VECTOR;	desc=Input formats
gdal vector grid invdist	input	i		dataset_list	req=1	pos=1	in=1	out=0	cnt=0..-1	def=	choices=	min=	max=	ds=vector	dsin=3	dsout=2	mx=	md=	deps=	hid=0/0/0	cat=Base	meta=	desc=Input vector datasets
gdal vector grid invdist	output	o		dataset	req=1	pos=1	in=1	out=1	cnt=0..1	def=	choices=	min=	max=	ds=raster	dsin=1	dsout=2	mx=	md=	deps=	hid=0/0/0	cat=Base	meta=	desc=Output raster dataset
gdal vector grid invdist	creation-option		co	string_list	req=0	pos=0	in=1	out=0	cnt=0..-1	def=	choices=	min=	max=	ds=	dsin=0	dsout=0	mx=	md=	deps=	hid=0/0/0	cat=Base	meta=	desc=Creation option
gdal vector grid invdist	extent			real_list	req=0	pos=0	in=1	out=0	cnt=4..4	def=	choices=	min=	max=	ds=	dsin=0	dsout=0	mx=	md=	deps=	hid=0/0/0	cat=Base	meta=	desc=Set the target georeferenced extent
gdal vector grid invdist	resolution			real_list	req=0	pos=0	in=1	out=0	cnt=2..2	def=	choices=	min=	max=	ds=	dsin=0	dsout=0	mx=size-or-resolution	md=	deps=	hid=0/0/0	cat=Base	meta=	desc=Set the target resolution
gdal vector grid invdist	size			integer_list	req=0	pos=0	in=1	out=0	cnt=2..2	def=	choices=	min=	max=	ds=	dsin=0	dsout=0	mx=size-or-resolution	md=	deps=	hid=0/0/0	cat=Base	meta=	desc=Set the target size in pixels and lines
gdal vector grid invdist	output-data-type		ot|datatype	string	req=0	pos=0	in=1	out=0	cnt=0..1	def=Float64	choices=UInt8|Int8|UInt16|Int16|UInt32|Int32|UInt64|Int64|CInt16|CInt32|Float16|Float32|Float64|CFloat32|CFloat64	min=	max=	ds=	dsin=0	dsout=0	mx=	md=	deps=	hid=0/0/0	cat=Base	meta=type=GDALDataType;	desc=Output data type
gdal vector grid invdist	crs			string	req=0	pos=0	in=1	out=0	cnt=0..1	def=	choices=	min=	max=	ds=	dsin=0	dsout=0	mx=	md=	deps=	hid=0/0/0	cat=Base	meta=	desc=Override the projection for the output file
gdal vector grid invdist	overwrite			boolean	req=0	pos=0	in=1	out=0	cnt=0..1	def=false	choices=	min=	max=	ds=	dsin=0	dsout=0	mx=	md=	deps=	hid=0/0/0	cat=Base	meta=	desc=Whether overwriting existing output dataset is allowed
gdal vector grid invdist	input-layer	l	layer	string_list	req=0	pos=0	in=1	out=0	cnt=0..-1	def=	choices=	min=	max=	ds=	dsin=0	dsout=0	mx=layer-sql	md=	deps=	hid=0/0/0	cat=Base	meta=	desc=Input layer name
gdal vector grid invdist	sql			string	req=0	pos=0	in=1	out=0	cnt=0..1	def=	choices=	min=	max=	ds=	dsin=0	dsout=0	mx=layer-sql	md=	deps=	hid=0/0/0	cat=Base	meta=	desc=SQL statement
gdal vector grid invdist	bbox			real_list	req=0	pos=0	in=1	out=0	cnt=4..4	def=	choices=	min=	max=	ds=	dsin=0	dsout=0	mx=	md=	deps=	hid=0/0/0	cat=Base	meta=	desc=Select only points contained within the specified bounding box
gdal vector grid invdist	zfield			string	req=0	pos=0	in=1	out=0	cnt=0..1	def=	choices=	min=	max=	ds=	dsin=0	dsout=0	mx=	md=	deps=	hid=0/0/0	cat=Base	meta=	desc=Field name from which to get Z values.
gdal vector grid invdist	zoffset			real	req=0	pos=0	in=1	out=0	cnt=0..1	def=0	choices=	min=	max=	ds=	dsin=0	dsout=0	mx=	md=	deps=	hid=0/0/0	cat=Base	meta=	desc=Value to add to the Z field value (applied before zmultiply)
gdal vector grid invdist	zmultiply			real	req=0	pos=0	in=1	out=0	cnt=0..1	def=1	choices=	min=	max=	ds=	dsin=0	dsout=0	mx=	md=	deps=	hid=0/0/0	cat=Base	meta=	desc=Multiplication factor for the Z field value (applied after zoffset)
gdal vector grid invdist	power			real	req=0	pos=0	in=1	out=0	cnt=0..1	def=2	choices=	min=	max=	ds=	dsin=0	dsout=0	mx=	md=	deps=	hid=0/0/0	cat=Base	meta=	desc=Weighting power
gdal vector grid invdist	smoothing			real	req=0	pos=0	in=1	out=0	cnt=0..1	def=0	choices=	min=	max=	ds=	dsin=0	dsout=0	mx=	md=	deps=	hid=0/0/0	cat=Base	meta=	desc=Smoothing parameter
gdal vector grid invdist	radius			real	req=0	pos=0	in=1	out=0	cnt=0..1	def=	choices=	min=	max=	ds=	dsin=0	dsout=0	mx=radius	md=	deps=	hid=0/0/0	cat=Base	meta=	desc=Radius of the search circle
gdal vector grid invdist	radius1			real	req=0	pos=0	in=1	out=0	cnt=0..1	def=	choices=	min=	max=	ds=	dsin=0	dsout=0	mx=radius	md=	deps=	hid=0/0/0	cat=Base	meta=	desc=First axis of the search ellipse
gdal vector grid invdist	radius2			real	req=0	pos=0	in=1	out=0	cnt=0..1	def=	choices=	min=	max=	ds=	dsin=0	dsout=0	mx=	md=	deps=	hid=0/0/0	cat=Base	meta=	desc=Second axis of the search ellipse
gdal vector grid invdist	angle			real	req=0	pos=0	in=1	out=0	cnt=0..1	def=0	choices=	min=	max=	ds=	dsin=0	dsout=0	mx=	md=	deps=	hid=0/0/0	cat=Base	meta=	desc=Angle of search ellipse rotation in degrees (counter clockwise)
gdal vector grid invdist	min-points			integer	req=0	pos=0	in=1	out=0	cnt=0..1	def=0	choices=	min=	max=	ds=	dsin=0	dsout=0	mx=	md=	deps=	hid=0/0/0	cat=Base	meta=	desc=Minimum number of data points to use
gdal vector grid invdist	max-points			integer	req=0	pos=0	in=1	out=0	cnt=0..1	def=2147483647	choices=	min=	max=	ds=	dsin=0	dsout=0	mx=	md=	deps=	hid=0/0/0	cat=Base	meta=	desc=Maximum number of data points to use
gdal vector grid invdist	min-points-per-quadrant			integer	req=0	pos=0	in=1	out=0	cnt=0..1	def=0	choices=	min=	max=	ds=	dsin=0	dsout=0	mx=	md=	deps=	hid=0/0/0	cat=Base	meta=	desc=Minimum number of data points to use per quadrant
gdal vector grid invdist	max-points-per-quadrant			integer	req=0	pos=0	in=1	out=0	cnt=0..1	def=2147483647	choices=	min=	max=	ds=	dsin=0	dsout=0	mx=	md=	deps=	hid=0/0/0	cat=Base	meta=	desc=Maximum number of data points to use per quadrant
gdal vector grid invdist	nodata			real	req=0	pos=0	in=1	out=0	cnt=0..1	def=0	choices=	min=	max=	ds=	dsin=0	dsout=0	mx=	md=	deps=	hid=0/0/0	cat=Base	meta=	desc=Target nodata value
gdal vector grid invdistnn	help	h		boolean	req=0	pos=0	in=1	out=0	cnt=0..1	def=	choices=	min=	max=	ds=	dsin=0	dsout=0	mx=	md=	deps=	hid=0/0/1	cat=Common	meta=	desc=Display help message and exit
gdal vector grid invdistnn	help-doc			boolean	req=0	pos=0	in=1	out=0	cnt=0..1	def=	choices=	min=	max=	ds=	dsin=0	dsout=0	mx=	md=	deps=	hid=1/1/1	cat=Base	meta=	desc=Display help message for use by documentation
gdal vector grid invdistnn	json-usage			boolean	req=0	pos=0	in=1	out=0	cnt=0..1	def=	choices=	min=	max=	ds=	dsin=0	dsout=0	mx=	md=	deps=	hid=0/0/1	cat=Common	meta=	desc=Display usage as JSON document and exit
gdal vector grid invdistnn	config			string_list	req=0	pos=0	in=1	out=0	cnt=0..-1	def=	choices=	min=	max=	ds=	dsin=0	dsout=0	mx=	md=	deps=	hid=0/0/1	cat=Common	meta=	desc=Configuration option
gdal vector grid invdistnn	quiet	q		boolean	req=0	pos=0	in=1	out=0	cnt=0..1	def=	choices=	min=	max=	ds=	dsin=0	dsout=0	mx=	md=	deps=	hid=0/0/0	cat=Common	meta=	desc=Quiet mode (no progress bar or warning message)
gdal vector grid invdistnn	progress			boolean	req=0	pos=0	in=1	out=0	cnt=0..1	def=	choices=	min=	max=	ds=	dsin=0	dsout=0	mx=	md=	deps=	hid=1/1/1	cat=Base	meta=	desc=Display progress bar
gdal vector grid invdistnn	output-format	f	of|format	string	req=0	pos=0	in=1	out=0	cnt=0..1	def=	choices=	min=	max=	ds=	dsin=0	dsout=0	mx=	md=	deps=	hid=0/0/0	cat=Base	meta=required_capabilities=DCAP_RASTER,DCAP_CREATE;	desc=Output format
gdal vector grid invdistnn	open-option		oo	string_list	req=0	pos=0	in=1	out=0	cnt=0..-1	def=	choices=	min=	max=	ds=	dsin=0	dsout=0	mx=	md=	deps=	hid=0/0/0	cat=Advanced	meta=	desc=Open options
gdal vector grid invdistnn	input-format		if	string_list	req=0	pos=0	in=1	out=0	cnt=0..-1	def=	choices=	min=	max=	ds=	dsin=0	dsout=0	mx=	md=	deps=	hid=0/0/0	cat=Advanced	meta=required_capabilities=DCAP_VECTOR;	desc=Input formats
gdal vector grid invdistnn	input	i		dataset_list	req=1	pos=1	in=1	out=0	cnt=0..-1	def=	choices=	min=	max=	ds=vector	dsin=3	dsout=2	mx=	md=	deps=	hid=0/0/0	cat=Base	meta=	desc=Input vector datasets
gdal vector grid invdistnn	output	o		dataset	req=1	pos=1	in=1	out=1	cnt=0..1	def=	choices=	min=	max=	ds=raster	dsin=1	dsout=2	mx=	md=	deps=	hid=0/0/0	cat=Base	meta=	desc=Output raster dataset
gdal vector grid invdistnn	creation-option		co	string_list	req=0	pos=0	in=1	out=0	cnt=0..-1	def=	choices=	min=	max=	ds=	dsin=0	dsout=0	mx=	md=	deps=	hid=0/0/0	cat=Base	meta=	desc=Creation option
gdal vector grid invdistnn	extent			real_list	req=0	pos=0	in=1	out=0	cnt=4..4	def=	choices=	min=	max=	ds=	dsin=0	dsout=0	mx=	md=	deps=	hid=0/0/0	cat=Base	meta=	desc=Set the target georeferenced extent
gdal vector grid invdistnn	resolution			real_list	req=0	pos=0	in=1	out=0	cnt=2..2	def=	choices=	min=	max=	ds=	dsin=0	dsout=0	mx=size-or-resolution	md=	deps=	hid=0/0/0	cat=Base	meta=	desc=Set the target resolution
gdal vector grid invdistnn	size			integer_list	req=0	pos=0	in=1	out=0	cnt=2..2	def=	choices=	min=	max=	ds=	dsin=0	dsout=0	mx=size-or-resolution	md=	deps=	hid=0/0/0	cat=Base	meta=	desc=Set the target size in pixels and lines
gdal vector grid invdistnn	output-data-type		ot|datatype	string	req=0	pos=0	in=1	out=0	cnt=0..1	def=Float64	choices=UInt8|Int8|UInt16|Int16|UInt32|Int32|UInt64|Int64|CInt16|CInt32|Float16|Float32|Float64|CFloat32|CFloat64	min=	max=	ds=	dsin=0	dsout=0	mx=	md=	deps=	hid=0/0/0	cat=Base	meta=type=GDALDataType;	desc=Output data type
gdal vector grid invdistnn	crs			string	req=0	pos=0	in=1	out=0	cnt=0..1	def=	choices=	min=	max=	ds=	dsin=0	dsout=0	mx=	md=	deps=	hid=0/0/0	cat=Base	meta=	desc=Override the projection for the output file
gdal vector grid invdistnn	overwrite			boolean	req=0	pos=0	in=1	out=0	cnt=0..1	def=false	choices=	min=	max=	ds=	dsin=0	dsout=0	mx=	md=	deps=	hid=0/0/0	cat=Base	meta=	desc=Whether overwriting existing output dataset is allowed
gdal vector grid invdistnn	input-layer	l	layer	string_list	req=0	pos=0	in=1	out=0	cnt=0..-1	def=	choices=	min=	max=	ds=	dsin=0	dsout=0	mx=layer-sql	md=	deps=	hid=0/0/0	cat=Base	meta=	desc=Input layer name
gdal vector grid invdistnn	sql			string	req=0	pos=0	in=1	out=0	cnt=0..1	def=	choices=	min=	max=	ds=	dsin=0	dsout=0	mx=layer-sql	md=	deps=	hid=0/0/0	cat=Base	meta=	desc=SQL statement
gdal vector grid invdistnn	bbox			real_list	req=0	pos=0	in=1	out=0	cnt=4..4	def=	choices=	min=	max=	ds=	dsin=0	dsout=0	mx=	md=	deps=	hid=0/0/0	cat=Base	meta=	desc=Select only points contained within the specified bounding box
gdal vector grid invdistnn	zfield			string	req=0	pos=0	in=1	out=0	cnt=0..1	def=	choices=	min=	max=	ds=	dsin=0	dsout=0	mx=	md=	deps=	hid=0/0/0	cat=Base	meta=	desc=Field name from which to get Z values.
gdal vector grid invdistnn	zoffset			real	req=0	pos=0	in=1	out=0	cnt=0..1	def=0	choices=	min=	max=	ds=	dsin=0	dsout=0	mx=	md=	deps=	hid=0/0/0	cat=Base	meta=	desc=Value to add to the Z field value (applied before zmultiply)
gdal vector grid invdistnn	zmultiply			real	req=0	pos=0	in=1	out=0	cnt=0..1	def=1	choices=	min=	max=	ds=	dsin=0	dsout=0	mx=	md=	deps=	hid=0/0/0	cat=Base	meta=	desc=Multiplication factor for the Z field value (applied after zoffset)
gdal vector grid invdistnn	power			real	req=0	pos=0	in=1	out=0	cnt=0..1	def=2	choices=	min=	max=	ds=	dsin=0	dsout=0	mx=	md=	deps=	hid=0/0/0	cat=Base	meta=	desc=Weighting power
gdal vector grid invdistnn	smoothing			real	req=0	pos=0	in=1	out=0	cnt=0..1	def=0	choices=	min=	max=	ds=	dsin=0	dsout=0	mx=	md=	deps=	hid=0/0/0	cat=Base	meta=	desc=Smoothing parameter
gdal vector grid invdistnn	radius			real	req=0	pos=0	in=1	out=0	cnt=0..1	def=	choices=	min=	max=	ds=	dsin=0	dsout=0	mx=radius	md=	deps=	hid=0/0/0	cat=Base	meta=	desc=Radius of the search circle
gdal vector grid invdistnn	min-points			integer	req=0	pos=0	in=1	out=0	cnt=0..1	def=0	choices=	min=	max=	ds=	dsin=0	dsout=0	mx=	md=	deps=	hid=0/0/0	cat=Base	meta=	desc=Minimum number of data points to use
gdal vector grid invdistnn	max-points			integer	req=0	pos=0	in=1	out=0	cnt=0..1	def=12	choices=	min=	max=	ds=	dsin=0	dsout=0	mx=	md=	deps=	hid=0/0/0	cat=Base	meta=	desc=Maximum number of data points to use
gdal vector grid invdistnn	min-points-per-quadrant			integer	req=0	pos=0	in=1	out=0	cnt=0..1	def=0	choices=	min=	max=	ds=	dsin=0	dsout=0	mx=	md=	deps=	hid=0/0/0	cat=Base	meta=	desc=Minimum number of data points to use per quadrant
gdal vector grid invdistnn	max-points-per-quadrant			integer	req=0	pos=0	in=1	out=0	cnt=0..1	def=2147483647	choices=	min=	max=	ds=	dsin=0	dsout=0	mx=	md=	deps=	hid=0/0/0	cat=Base	meta=	desc=Maximum number of data points to use per quadrant
gdal vector grid invdistnn	nodata			real	req=0	pos=0	in=1	out=0	cnt=0..1	def=0	choices=	min=	max=	ds=	dsin=0	dsout=0	mx=	md=	deps=	hid=0/0/0	cat=Base	meta=	desc=Target nodata value
gdal vector grid linear	help	h		boolean	req=0	pos=0	in=1	out=0	cnt=0..1	def=	choices=	min=	max=	ds=	dsin=0	dsout=0	mx=	md=	deps=	hid=0/0/1	cat=Common	meta=	desc=Display help message and exit
gdal vector grid linear	help-doc			boolean	req=0	pos=0	in=1	out=0	cnt=0..1	def=	choices=	min=	max=	ds=	dsin=0	dsout=0	mx=	md=	deps=	hid=1/1/1	cat=Base	meta=	desc=Display help message for use by documentation
gdal vector grid linear	json-usage			boolean	req=0	pos=0	in=1	out=0	cnt=0..1	def=	choices=	min=	max=	ds=	dsin=0	dsout=0	mx=	md=	deps=	hid=0/0/1	cat=Common	meta=	desc=Display usage as JSON document and exit
gdal vector grid linear	config			string_list	req=0	pos=0	in=1	out=0	cnt=0..-1	def=	choices=	min=	max=	ds=	dsin=0	dsout=0	mx=	md=	deps=	hid=0/0/1	cat=Common	meta=	desc=Configuration option
gdal vector grid linear	quiet	q		boolean	req=0	pos=0	in=1	out=0	cnt=0..1	def=	choices=	min=	max=	ds=	dsin=0	dsout=0	mx=	md=	deps=	hid=0/0/0	cat=Common	meta=	desc=Quiet mode (no progress bar or warning message)
gdal vector grid linear	progress			boolean	req=0	pos=0	in=1	out=0	cnt=0..1	def=	choices=	min=	max=	ds=	dsin=0	dsout=0	mx=	md=	deps=	hid=1/1/1	cat=Base	meta=	desc=Display progress bar
gdal vector grid linear	output-format	f	of|format	string	req=0	pos=0	in=1	out=0	cnt=0..1	def=	choices=	min=	max=	ds=	dsin=0	dsout=0	mx=	md=	deps=	hid=0/0/0	cat=Base	meta=required_capabilities=DCAP_RASTER,DCAP_CREATE;	desc=Output format
gdal vector grid linear	open-option		oo	string_list	req=0	pos=0	in=1	out=0	cnt=0..-1	def=	choices=	min=	max=	ds=	dsin=0	dsout=0	mx=	md=	deps=	hid=0/0/0	cat=Advanced	meta=	desc=Open options
gdal vector grid linear	input-format		if	string_list	req=0	pos=0	in=1	out=0	cnt=0..-1	def=	choices=	min=	max=	ds=	dsin=0	dsout=0	mx=	md=	deps=	hid=0/0/0	cat=Advanced	meta=required_capabilities=DCAP_VECTOR;	desc=Input formats
gdal vector grid linear	input	i		dataset_list	req=1	pos=1	in=1	out=0	cnt=0..-1	def=	choices=	min=	max=	ds=vector	dsin=3	dsout=2	mx=	md=	deps=	hid=0/0/0	cat=Base	meta=	desc=Input vector datasets
gdal vector grid linear	output	o		dataset	req=1	pos=1	in=1	out=1	cnt=0..1	def=	choices=	min=	max=	ds=raster	dsin=1	dsout=2	mx=	md=	deps=	hid=0/0/0	cat=Base	meta=	desc=Output raster dataset
gdal vector grid linear	creation-option		co	string_list	req=0	pos=0	in=1	out=0	cnt=0..-1	def=	choices=	min=	max=	ds=	dsin=0	dsout=0	mx=	md=	deps=	hid=0/0/0	cat=Base	meta=	desc=Creation option
gdal vector grid linear	extent			real_list	req=0	pos=0	in=1	out=0	cnt=4..4	def=	choices=	min=	max=	ds=	dsin=0	dsout=0	mx=	md=	deps=	hid=0/0/0	cat=Base	meta=	desc=Set the target georeferenced extent
gdal vector grid linear	resolution			real_list	req=0	pos=0	in=1	out=0	cnt=2..2	def=	choices=	min=	max=	ds=	dsin=0	dsout=0	mx=size-or-resolution	md=	deps=	hid=0/0/0	cat=Base	meta=	desc=Set the target resolution
gdal vector grid linear	size			integer_list	req=0	pos=0	in=1	out=0	cnt=2..2	def=	choices=	min=	max=	ds=	dsin=0	dsout=0	mx=size-or-resolution	md=	deps=	hid=0/0/0	cat=Base	meta=	desc=Set the target size in pixels and lines
gdal vector grid linear	output-data-type		ot|datatype	string	req=0	pos=0	in=1	out=0	cnt=0..1	def=Float64	choices=UInt8|Int8|UInt16|Int16|UInt32|Int32|UInt64|Int64|CInt16|CInt32|Float16|Float32|Float64|CFloat32|CFloat64	min=	max=	ds=	dsin=0	dsout=0	mx=	md=	deps=	hid=0/0/0	cat=Base	meta=type=GDALDataType;	desc=Output data type
gdal vector grid linear	crs			string	req=0	pos=0	in=1	out=0	cnt=0..1	def=	choices=	min=	max=	ds=	dsin=0	dsout=0	mx=	md=	deps=	hid=0/0/0	cat=Base	meta=	desc=Override the projection for the output file
gdal vector grid linear	overwrite			boolean	req=0	pos=0	in=1	out=0	cnt=0..1	def=false	choices=	min=	max=	ds=	dsin=0	dsout=0	mx=	md=	deps=	hid=0/0/0	cat=Base	meta=	desc=Whether overwriting existing output dataset is allowed
gdal vector grid linear	input-layer	l	layer	string_list	req=0	pos=0	in=1	out=0	cnt=0..-1	def=	choices=	min=	max=	ds=	dsin=0	dsout=0	mx=layer-sql	md=	deps=	hid=0/0/0	cat=Base	meta=	desc=Input layer name
gdal vector grid linear	sql			string	req=0	pos=0	in=1	out=0	cnt=0..1	def=	choices=	min=	max=	ds=	dsin=0	dsout=0	mx=layer-sql	md=	deps=	hid=0/0/0	cat=Base	meta=	desc=SQL statement
gdal vector grid linear	bbox			real_list	req=0	pos=0	in=1	out=0	cnt=4..4	def=	choices=	min=	max=	ds=	dsin=0	dsout=0	mx=	md=	deps=	hid=0/0/0	cat=Base	meta=	desc=Select only points contained within the specified bounding box
gdal vector grid linear	zfield			string	req=0	pos=0	in=1	out=0	cnt=0..1	def=	choices=	min=	max=	ds=	dsin=0	dsout=0	mx=	md=	deps=	hid=0/0/0	cat=Base	meta=	desc=Field name from which to get Z values.
gdal vector grid linear	zoffset			real	req=0	pos=0	in=1	out=0	cnt=0..1	def=0	choices=	min=	max=	ds=	dsin=0	dsout=0	mx=	md=	deps=	hid=0/0/0	cat=Base	meta=	desc=Value to add to the Z field value (applied before zmultiply)
gdal vector grid linear	zmultiply			real	req=0	pos=0	in=1	out=0	cnt=0..1	def=1	choices=	min=	max=	ds=	dsin=0	dsout=0	mx=	md=	deps=	hid=0/0/0	cat=Base	meta=	desc=Multiplication factor for the Z field value (applied after zoffset)
gdal vector grid linear	radius			real	req=0	pos=0	in=1	out=0	cnt=0..1	def=inf	choices=	min=	max=	ds=	dsin=0	dsout=0	mx=radius	md=	deps=	hid=0/0/0	cat=Base	meta=	desc=Radius of the search circle
gdal vector grid linear	nodata			real	req=0	pos=0	in=1	out=0	cnt=0..1	def=0	choices=	min=	max=	ds=	dsin=0	dsout=0	mx=	md=	deps=	hid=0/0/0	cat=Base	meta=	desc=Target nodata value
gdal vector grid maximum	help	h		boolean	req=0	pos=0	in=1	out=0	cnt=0..1	def=	choices=	min=	max=	ds=	dsin=0	dsout=0	mx=	md=	deps=	hid=0/0/1	cat=Common	meta=	desc=Display help message and exit
gdal vector grid maximum	help-doc			boolean	req=0	pos=0	in=1	out=0	cnt=0..1	def=	choices=	min=	max=	ds=	dsin=0	dsout=0	mx=	md=	deps=	hid=1/1/1	cat=Base	meta=	desc=Display help message for use by documentation
gdal vector grid maximum	json-usage			boolean	req=0	pos=0	in=1	out=0	cnt=0..1	def=	choices=	min=	max=	ds=	dsin=0	dsout=0	mx=	md=	deps=	hid=0/0/1	cat=Common	meta=	desc=Display usage as JSON document and exit
gdal vector grid maximum	config			string_list	req=0	pos=0	in=1	out=0	cnt=0..-1	def=	choices=	min=	max=	ds=	dsin=0	dsout=0	mx=	md=	deps=	hid=0/0/1	cat=Common	meta=	desc=Configuration option
gdal vector grid maximum	quiet	q		boolean	req=0	pos=0	in=1	out=0	cnt=0..1	def=	choices=	min=	max=	ds=	dsin=0	dsout=0	mx=	md=	deps=	hid=0/0/0	cat=Common	meta=	desc=Quiet mode (no progress bar or warning message)
gdal vector grid maximum	progress			boolean	req=0	pos=0	in=1	out=0	cnt=0..1	def=	choices=	min=	max=	ds=	dsin=0	dsout=0	mx=	md=	deps=	hid=1/1/1	cat=Base	meta=	desc=Display progress bar
gdal vector grid maximum	output-format	f	of|format	string	req=0	pos=0	in=1	out=0	cnt=0..1	def=	choices=	min=	max=	ds=	dsin=0	dsout=0	mx=	md=	deps=	hid=0/0/0	cat=Base	meta=required_capabilities=DCAP_RASTER,DCAP_CREATE;	desc=Output format
gdal vector grid maximum	open-option		oo	string_list	req=0	pos=0	in=1	out=0	cnt=0..-1	def=	choices=	min=	max=	ds=	dsin=0	dsout=0	mx=	md=	deps=	hid=0/0/0	cat=Advanced	meta=	desc=Open options
gdal vector grid maximum	input-format		if	string_list	req=0	pos=0	in=1	out=0	cnt=0..-1	def=	choices=	min=	max=	ds=	dsin=0	dsout=0	mx=	md=	deps=	hid=0/0/0	cat=Advanced	meta=required_capabilities=DCAP_VECTOR;	desc=Input formats
gdal vector grid maximum	input	i		dataset_list	req=1	pos=1	in=1	out=0	cnt=0..-1	def=	choices=	min=	max=	ds=vector	dsin=3	dsout=2	mx=	md=	deps=	hid=0/0/0	cat=Base	meta=	desc=Input vector datasets
gdal vector grid maximum	output	o		dataset	req=1	pos=1	in=1	out=1	cnt=0..1	def=	choices=	min=	max=	ds=raster	dsin=1	dsout=2	mx=	md=	deps=	hid=0/0/0	cat=Base	meta=	desc=Output raster dataset
gdal vector grid maximum	creation-option		co	string_list	req=0	pos=0	in=1	out=0	cnt=0..-1	def=	choices=	min=	max=	ds=	dsin=0	dsout=0	mx=	md=	deps=	hid=0/0/0	cat=Base	meta=	desc=Creation option
gdal vector grid maximum	extent			real_list	req=0	pos=0	in=1	out=0	cnt=4..4	def=	choices=	min=	max=	ds=	dsin=0	dsout=0	mx=	md=	deps=	hid=0/0/0	cat=Base	meta=	desc=Set the target georeferenced extent
gdal vector grid maximum	resolution			real_list	req=0	pos=0	in=1	out=0	cnt=2..2	def=	choices=	min=	max=	ds=	dsin=0	dsout=0	mx=size-or-resolution	md=	deps=	hid=0/0/0	cat=Base	meta=	desc=Set the target resolution
gdal vector grid maximum	size			integer_list	req=0	pos=0	in=1	out=0	cnt=2..2	def=	choices=	min=	max=	ds=	dsin=0	dsout=0	mx=size-or-resolution	md=	deps=	hid=0/0/0	cat=Base	meta=	desc=Set the target size in pixels and lines
gdal vector grid maximum	output-data-type		ot|datatype	string	req=0	pos=0	in=1	out=0	cnt=0..1	def=Float64	choices=UInt8|Int8|UInt16|Int16|UInt32|Int32|UInt64|Int64|CInt16|CInt32|Float16|Float32|Float64|CFloat32|CFloat64	min=	max=	ds=	dsin=0	dsout=0	mx=	md=	deps=	hid=0/0/0	cat=Base	meta=type=GDALDataType;	desc=Output data type
gdal vector grid maximum	crs			string	req=0	pos=0	in=1	out=0	cnt=0..1	def=	choices=	min=	max=	ds=	dsin=0	dsout=0	mx=	md=	deps=	hid=0/0/0	cat=Base	meta=	desc=Override the projection for the output file
gdal vector grid maximum	overwrite			boolean	req=0	pos=0	in=1	out=0	cnt=0..1	def=false	choices=	min=	max=	ds=	dsin=0	dsout=0	mx=	md=	deps=	hid=0/0/0	cat=Base	meta=	desc=Whether overwriting existing output dataset is allowed
gdal vector grid maximum	input-layer	l	layer	string_list	req=0	pos=0	in=1	out=0	cnt=0..-1	def=	choices=	min=	max=	ds=	dsin=0	dsout=0	mx=layer-sql	md=	deps=	hid=0/0/0	cat=Base	meta=	desc=Input layer name
gdal vector grid maximum	sql			string	req=0	pos=0	in=1	out=0	cnt=0..1	def=	choices=	min=	max=	ds=	dsin=0	dsout=0	mx=layer-sql	md=	deps=	hid=0/0/0	cat=Base	meta=	desc=SQL statement
gdal vector grid maximum	bbox			real_list	req=0	pos=0	in=1	out=0	cnt=4..4	def=	choices=	min=	max=	ds=	dsin=0	dsout=0	mx=	md=	deps=	hid=0/0/0	cat=Base	meta=	desc=Select only points contained within the specified bounding box
gdal vector grid maximum	zfield			string	req=0	pos=0	in=1	out=0	cnt=0..1	def=	choices=	min=	max=	ds=	dsin=0	dsout=0	mx=	md=	deps=	hid=0/0/0	cat=Base	meta=	desc=Field name from which to get Z values.
gdal vector grid maximum	zoffset			real	req=0	pos=0	in=1	out=0	cnt=0..1	def=0	choices=	min=	max=	ds=	dsin=0	dsout=0	mx=	md=	deps=	hid=0/0/0	cat=Base	meta=	desc=Value to add to the Z field value (applied before zmultiply)
gdal vector grid maximum	zmultiply			real	req=0	pos=0	in=1	out=0	cnt=0..1	def=1	choices=	min=	max=	ds=	dsin=0	dsout=0	mx=	md=	deps=	hid=0/0/0	cat=Base	meta=	desc=Multiplication factor for the Z field value (applied after zoffset)
gdal vector grid maximum	radius			real	req=0	pos=0	in=1	out=0	cnt=0..1	def=	choices=	min=	max=	ds=	dsin=0	dsout=0	mx=radius	md=	deps=	hid=0/0/0	cat=Base	meta=	desc=Radius of the search circle
gdal vector grid maximum	radius1			real	req=0	pos=0	in=1	out=0	cnt=0..1	def=	choices=	min=	max=	ds=	dsin=0	dsout=0	mx=radius	md=	deps=	hid=0/0/0	cat=Base	meta=	desc=First axis of the search ellipse
gdal vector grid maximum	radius2			real	req=0	pos=0	in=1	out=0	cnt=0..1	def=	choices=	min=	max=	ds=	dsin=0	dsout=0	mx=	md=	deps=	hid=0/0/0	cat=Base	meta=	desc=Second axis of the search ellipse
gdal vector grid maximum	angle			real	req=0	pos=0	in=1	out=0	cnt=0..1	def=0	choices=	min=	max=	ds=	dsin=0	dsout=0	mx=	md=	deps=	hid=0/0/0	cat=Base	meta=	desc=Angle of search ellipse rotation in degrees (counter clockwise)
gdal vector grid maximum	min-points			integer	req=0	pos=0	in=1	out=0	cnt=0..1	def=0	choices=	min=	max=	ds=	dsin=0	dsout=0	mx=	md=	deps=	hid=0/0/0	cat=Base	meta=	desc=Minimum number of data points to use
gdal vector grid maximum	min-points-per-quadrant			integer	req=0	pos=0	in=1	out=0	cnt=0..1	def=0	choices=	min=	max=	ds=	dsin=0	dsout=0	mx=	md=	deps=	hid=0/0/0	cat=Base	meta=	desc=Minimum number of data points to use per quadrant
gdal vector grid maximum	max-points-per-quadrant			integer	req=0	pos=0	in=1	out=0	cnt=0..1	def=2147483647	choices=	min=	max=	ds=	dsin=0	dsout=0	mx=	md=	deps=	hid=0/0/0	cat=Base	meta=	desc=Maximum number of data points to use per quadrant
gdal vector grid maximum	nodata			real	req=0	pos=0	in=1	out=0	cnt=0..1	def=0	choices=	min=	max=	ds=	dsin=0	dsout=0	mx=	md=	deps=	hid=0/0/0	cat=Base	meta=	desc=Target nodata value
gdal vector grid minimum	help	h		boolean	req=0	pos=0	in=1	out=0	cnt=0..1	def=	choices=	min=	max=	ds=	dsin=0	dsout=0	mx=	md=	deps=	hid=0/0/1	cat=Common	meta=	desc=Display help message and exit
gdal vector grid minimum	help-doc			boolean	req=0	pos=0	in=1	out=0	cnt=0..1	def=	choices=	min=	max=	ds=	dsin=0	dsout=0	mx=	md=	deps=	hid=1/1/1	cat=Base	meta=	desc=Display help message for use by documentation
gdal vector grid minimum	json-usage			boolean	req=0	pos=0	in=1	out=0	cnt=0..1	def=	choices=	min=	max=	ds=	dsin=0	dsout=0	mx=	md=	deps=	hid=0/0/1	cat=Common	meta=	desc=Display usage as JSON document and exit
gdal vector grid minimum	config			string_list	req=0	pos=0	in=1	out=0	cnt=0..-1	def=	choices=	min=	max=	ds=	dsin=0	dsout=0	mx=	md=	deps=	hid=0/0/1	cat=Common	meta=	desc=Configuration option
gdal vector grid minimum	quiet	q		boolean	req=0	pos=0	in=1	out=0	cnt=0..1	def=	choices=	min=	max=	ds=	dsin=0	dsout=0	mx=	md=	deps=	hid=0/0/0	cat=Common	meta=	desc=Quiet mode (no progress bar or warning message)
gdal vector grid minimum	progress			boolean	req=0	pos=0	in=1	out=0	cnt=0..1	def=	choices=	min=	max=	ds=	dsin=0	dsout=0	mx=	md=	deps=	hid=1/1/1	cat=Base	meta=	desc=Display progress bar
gdal vector grid minimum	output-format	f	of|format	string	req=0	pos=0	in=1	out=0	cnt=0..1	def=	choices=	min=	max=	ds=	dsin=0	dsout=0	mx=	md=	deps=	hid=0/0/0	cat=Base	meta=required_capabilities=DCAP_RASTER,DCAP_CREATE;	desc=Output format
gdal vector grid minimum	open-option		oo	string_list	req=0	pos=0	in=1	out=0	cnt=0..-1	def=	choices=	min=	max=	ds=	dsin=0	dsout=0	mx=	md=	deps=	hid=0/0/0	cat=Advanced	meta=	desc=Open options
gdal vector grid minimum	input-format		if	string_list	req=0	pos=0	in=1	out=0	cnt=0..-1	def=	choices=	min=	max=	ds=	dsin=0	dsout=0	mx=	md=	deps=	hid=0/0/0	cat=Advanced	meta=required_capabilities=DCAP_VECTOR;	desc=Input formats
gdal vector grid minimum	input	i		dataset_list	req=1	pos=1	in=1	out=0	cnt=0..-1	def=	choices=	min=	max=	ds=vector	dsin=3	dsout=2	mx=	md=	deps=	hid=0/0/0	cat=Base	meta=	desc=Input vector datasets
gdal vector grid minimum	output	o		dataset	req=1	pos=1	in=1	out=1	cnt=0..1	def=	choices=	min=	max=	ds=raster	dsin=1	dsout=2	mx=	md=	deps=	hid=0/0/0	cat=Base	meta=	desc=Output raster dataset
gdal vector grid minimum	creation-option		co	string_list	req=0	pos=0	in=1	out=0	cnt=0..-1	def=	choices=	min=	max=	ds=	dsin=0	dsout=0	mx=	md=	deps=	hid=0/0/0	cat=Base	meta=	desc=Creation option
gdal vector grid minimum	extent			real_list	req=0	pos=0	in=1	out=0	cnt=4..4	def=	choices=	min=	max=	ds=	dsin=0	dsout=0	mx=	md=	deps=	hid=0/0/0	cat=Base	meta=	desc=Set the target georeferenced extent
gdal vector grid minimum	resolution			real_list	req=0	pos=0	in=1	out=0	cnt=2..2	def=	choices=	min=	max=	ds=	dsin=0	dsout=0	mx=size-or-resolution	md=	deps=	hid=0/0/0	cat=Base	meta=	desc=Set the target resolution
gdal vector grid minimum	size			integer_list	req=0	pos=0	in=1	out=0	cnt=2..2	def=	choices=	min=	max=	ds=	dsin=0	dsout=0	mx=size-or-resolution	md=	deps=	hid=0/0/0	cat=Base	meta=	desc=Set the target size in pixels and lines
gdal vector grid minimum	output-data-type		ot|datatype	string	req=0	pos=0	in=1	out=0	cnt=0..1	def=Float64	choices=UInt8|Int8|UInt16|Int16|UInt32|Int32|UInt64|Int64|CInt16|CInt32|Float16|Float32|Float64|CFloat32|CFloat64	min=	max=	ds=	dsin=0	dsout=0	mx=	md=	deps=	hid=0/0/0	cat=Base	meta=type=GDALDataType;	desc=Output data type
gdal vector grid minimum	crs			string	req=0	pos=0	in=1	out=0	cnt=0..1	def=	choices=	min=	max=	ds=	dsin=0	dsout=0	mx=	md=	deps=	hid=0/0/0	cat=Base	meta=	desc=Override the projection for the output file
gdal vector grid minimum	overwrite			boolean	req=0	pos=0	in=1	out=0	cnt=0..1	def=false	choices=	min=	max=	ds=	dsin=0	dsout=0	mx=	md=	deps=	hid=0/0/0	cat=Base	meta=	desc=Whether overwriting existing output dataset is allowed
gdal vector grid minimum	input-layer	l	layer	string_list	req=0	pos=0	in=1	out=0	cnt=0..-1	def=	choices=	min=	max=	ds=	dsin=0	dsout=0	mx=layer-sql	md=	deps=	hid=0/0/0	cat=Base	meta=	desc=Input layer name
gdal vector grid minimum	sql			string	req=0	pos=0	in=1	out=0	cnt=0..1	def=	choices=	min=	max=	ds=	dsin=0	dsout=0	mx=layer-sql	md=	deps=	hid=0/0/0	cat=Base	meta=	desc=SQL statement
gdal vector grid minimum	bbox			real_list	req=0	pos=0	in=1	out=0	cnt=4..4	def=	choices=	min=	max=	ds=	dsin=0	dsout=0	mx=	md=	deps=	hid=0/0/0	cat=Base	meta=	desc=Select only points contained within the specified bounding box
gdal vector grid minimum	zfield			string	req=0	pos=0	in=1	out=0	cnt=0..1	def=	choices=	min=	max=	ds=	dsin=0	dsout=0	mx=	md=	deps=	hid=0/0/0	cat=Base	meta=	desc=Field name from which to get Z values.
gdal vector grid minimum	zoffset			real	req=0	pos=0	in=1	out=0	cnt=0..1	def=0	choices=	min=	max=	ds=	dsin=0	dsout=0	mx=	md=	deps=	hid=0/0/0	cat=Base	meta=	desc=Value to add to the Z field value (applied before zmultiply)
gdal vector grid minimum	zmultiply			real	req=0	pos=0	in=1	out=0	cnt=0..1	def=1	choices=	min=	max=	ds=	dsin=0	dsout=0	mx=	md=	deps=	hid=0/0/0	cat=Base	meta=	desc=Multiplication factor for the Z field value (applied after zoffset)
gdal vector grid minimum	radius			real	req=0	pos=0	in=1	out=0	cnt=0..1	def=	choices=	min=	max=	ds=	dsin=0	dsout=0	mx=radius	md=	deps=	hid=0/0/0	cat=Base	meta=	desc=Radius of the search circle
gdal vector grid minimum	radius1			real	req=0	pos=0	in=1	out=0	cnt=0..1	def=	choices=	min=	max=	ds=	dsin=0	dsout=0	mx=radius	md=	deps=	hid=0/0/0	cat=Base	meta=	desc=First axis of the search ellipse
gdal vector grid minimum	radius2			real	req=0	pos=0	in=1	out=0	cnt=0..1	def=	choices=	min=	max=	ds=	dsin=0	dsout=0	mx=	md=	deps=	hid=0/0/0	cat=Base	meta=	desc=Second axis of the search ellipse
gdal vector grid minimum	angle			real	req=0	pos=0	in=1	out=0	cnt=0..1	def=0	choices=	min=	max=	ds=	dsin=0	dsout=0	mx=	md=	deps=	hid=0/0/0	cat=Base	meta=	desc=Angle of search ellipse rotation in degrees (counter clockwise)
gdal vector grid minimum	min-points			integer	req=0	pos=0	in=1	out=0	cnt=0..1	def=0	choices=	min=	max=	ds=	dsin=0	dsout=0	mx=	md=	deps=	hid=0/0/0	cat=Base	meta=	desc=Minimum number of data points to use
gdal vector grid minimum	min-points-per-quadrant			integer	req=0	pos=0	in=1	out=0	cnt=0..1	def=0	choices=	min=	max=	ds=	dsin=0	dsout=0	mx=	md=	deps=	hid=0/0/0	cat=Base	meta=	desc=Minimum number of data points to use per quadrant
gdal vector grid minimum	max-points-per-quadrant			integer	req=0	pos=0	in=1	out=0	cnt=0..1	def=2147483647	choices=	min=	max=	ds=	dsin=0	dsout=0	mx=	md=	deps=	hid=0/0/0	cat=Base	meta=	desc=Maximum number of data points to use per quadrant
gdal vector grid minimum	nodata			real	req=0	pos=0	in=1	out=0	cnt=0..1	def=0	choices=	min=	max=	ds=	dsin=0	dsout=0	mx=	md=	deps=	hid=0/0/0	cat=Base	meta=	desc=Target nodata value
gdal vector grid nearest	help	h		boolean	req=0	pos=0	in=1	out=0	cnt=0..1	def=	choices=	min=	max=	ds=	dsin=0	dsout=0	mx=	md=	deps=	hid=0/0/1	cat=Common	meta=	desc=Display help message and exit
gdal vector grid nearest	help-doc			boolean	req=0	pos=0	in=1	out=0	cnt=0..1	def=	choices=	min=	max=	ds=	dsin=0	dsout=0	mx=	md=	deps=	hid=1/1/1	cat=Base	meta=	desc=Display help message for use by documentation
gdal vector grid nearest	json-usage			boolean	req=0	pos=0	in=1	out=0	cnt=0..1	def=	choices=	min=	max=	ds=	dsin=0	dsout=0	mx=	md=	deps=	hid=0/0/1	cat=Common	meta=	desc=Display usage as JSON document and exit
gdal vector grid nearest	config			string_list	req=0	pos=0	in=1	out=0	cnt=0..-1	def=	choices=	min=	max=	ds=	dsin=0	dsout=0	mx=	md=	deps=	hid=0/0/1	cat=Common	meta=	desc=Configuration option
gdal vector grid nearest	quiet	q		boolean	req=0	pos=0	in=1	out=0	cnt=0..1	def=	choices=	min=	max=	ds=	dsin=0	dsout=0	mx=	md=	deps=	hid=0/0/0	cat=Common	meta=	desc=Quiet mode (no progress bar or warning message)
gdal vector grid nearest	progress			boolean	req=0	pos=0	in=1	out=0	cnt=0..1	def=	choices=	min=	max=	ds=	dsin=0	dsout=0	mx=	md=	deps=	hid=1/1/1	cat=Base	meta=	desc=Display progress bar
gdal vector grid nearest	output-format	f	of|format	string	req=0	pos=0	in=1	out=0	cnt=0..1	def=	choices=	min=	max=	ds=	dsin=0	dsout=0	mx=	md=	deps=	hid=0/0/0	cat=Base	meta=required_capabilities=DCAP_RASTER,DCAP_CREATE;	desc=Output format
gdal vector grid nearest	open-option		oo	string_list	req=0	pos=0	in=1	out=0	cnt=0..-1	def=	choices=	min=	max=	ds=	dsin=0	dsout=0	mx=	md=	deps=	hid=0/0/0	cat=Advanced	meta=	desc=Open options
gdal vector grid nearest	input-format		if	string_list	req=0	pos=0	in=1	out=0	cnt=0..-1	def=	choices=	min=	max=	ds=	dsin=0	dsout=0	mx=	md=	deps=	hid=0/0/0	cat=Advanced	meta=required_capabilities=DCAP_VECTOR;	desc=Input formats
gdal vector grid nearest	input	i		dataset_list	req=1	pos=1	in=1	out=0	cnt=0..-1	def=	choices=	min=	max=	ds=vector	dsin=3	dsout=2	mx=	md=	deps=	hid=0/0/0	cat=Base	meta=	desc=Input vector datasets
gdal vector grid nearest	output	o		dataset	req=1	pos=1	in=1	out=1	cnt=0..1	def=	choices=	min=	max=	ds=raster	dsin=1	dsout=2	mx=	md=	deps=	hid=0/0/0	cat=Base	meta=	desc=Output raster dataset
gdal vector grid nearest	creation-option		co	string_list	req=0	pos=0	in=1	out=0	cnt=0..-1	def=	choices=	min=	max=	ds=	dsin=0	dsout=0	mx=	md=	deps=	hid=0/0/0	cat=Base	meta=	desc=Creation option
gdal vector grid nearest	extent			real_list	req=0	pos=0	in=1	out=0	cnt=4..4	def=	choices=	min=	max=	ds=	dsin=0	dsout=0	mx=	md=	deps=	hid=0/0/0	cat=Base	meta=	desc=Set the target georeferenced extent
gdal vector grid nearest	resolution			real_list	req=0	pos=0	in=1	out=0	cnt=2..2	def=	choices=	min=	max=	ds=	dsin=0	dsout=0	mx=size-or-resolution	md=	deps=	hid=0/0/0	cat=Base	meta=	desc=Set the target resolution
gdal vector grid nearest	size			integer_list	req=0	pos=0	in=1	out=0	cnt=2..2	def=	choices=	min=	max=	ds=	dsin=0	dsout=0	mx=size-or-resolution	md=	deps=	hid=0/0/0	cat=Base	meta=	desc=Set the target size in pixels and lines
gdal vector grid nearest	output-data-type		ot|datatype	string	req=0	pos=0	in=1	out=0	cnt=0..1	def=Float64	choices=UInt8|Int8|UInt16|Int16|UInt32|Int32|UInt64|Int64|CInt16|CInt32|Float16|Float32|Float64|CFloat32|CFloat64	min=	max=	ds=	dsin=0	dsout=0	mx=	md=	deps=	hid=0/0/0	cat=Base	meta=type=GDALDataType;	desc=Output data type
gdal vector grid nearest	crs			string	req=0	pos=0	in=1	out=0	cnt=0..1	def=	choices=	min=	max=	ds=	dsin=0	dsout=0	mx=	md=	deps=	hid=0/0/0	cat=Base	meta=	desc=Override the projection for the output file
gdal vector grid nearest	overwrite			boolean	req=0	pos=0	in=1	out=0	cnt=0..1	def=false	choices=	min=	max=	ds=	dsin=0	dsout=0	mx=	md=	deps=	hid=0/0/0	cat=Base	meta=	desc=Whether overwriting existing output dataset is allowed
gdal vector grid nearest	input-layer	l	layer	string_list	req=0	pos=0	in=1	out=0	cnt=0..-1	def=	choices=	min=	max=	ds=	dsin=0	dsout=0	mx=layer-sql	md=	deps=	hid=0/0/0	cat=Base	meta=	desc=Input layer name
gdal vector grid nearest	sql			string	req=0	pos=0	in=1	out=0	cnt=0..1	def=	choices=	min=	max=	ds=	dsin=0	dsout=0	mx=layer-sql	md=	deps=	hid=0/0/0	cat=Base	meta=	desc=SQL statement
gdal vector grid nearest	bbox			real_list	req=0	pos=0	in=1	out=0	cnt=4..4	def=	choices=	min=	max=	ds=	dsin=0	dsout=0	mx=	md=	deps=	hid=0/0/0	cat=Base	meta=	desc=Select only points contained within the specified bounding box
gdal vector grid nearest	zfield			string	req=0	pos=0	in=1	out=0	cnt=0..1	def=	choices=	min=	max=	ds=	dsin=0	dsout=0	mx=	md=	deps=	hid=0/0/0	cat=Base	meta=	desc=Field name from which to get Z values.
gdal vector grid nearest	zoffset			real	req=0	pos=0	in=1	out=0	cnt=0..1	def=0	choices=	min=	max=	ds=	dsin=0	dsout=0	mx=	md=	deps=	hid=0/0/0	cat=Base	meta=	desc=Value to add to the Z field value (applied before zmultiply)
gdal vector grid nearest	zmultiply			real	req=0	pos=0	in=1	out=0	cnt=0..1	def=1	choices=	min=	max=	ds=	dsin=0	dsout=0	mx=	md=	deps=	hid=0/0/0	cat=Base	meta=	desc=Multiplication factor for the Z field value (applied after zoffset)
gdal vector grid nearest	radius			real	req=0	pos=0	in=1	out=0	cnt=0..1	def=	choices=	min=	max=	ds=	dsin=0	dsout=0	mx=radius	md=	deps=	hid=0/0/0	cat=Base	meta=	desc=Radius of the search circle
gdal vector grid nearest	radius1			real	req=0	pos=0	in=1	out=0	cnt=0..1	def=	choices=	min=	max=	ds=	dsin=0	dsout=0	mx=radius	md=	deps=	hid=0/0/0	cat=Base	meta=	desc=First axis of the search ellipse
gdal vector grid nearest	radius2			real	req=0	pos=0	in=1	out=0	cnt=0..1	def=	choices=	min=	max=	ds=	dsin=0	dsout=0	mx=	md=	deps=	hid=0/0/0	cat=Base	meta=	desc=Second axis of the search ellipse
gdal vector grid nearest	angle			real	req=0	pos=0	in=1	out=0	cnt=0..1	def=0	choices=	min=	max=	ds=	dsin=0	dsout=0	mx=	md=	deps=	hid=0/0/0	cat=Base	meta=	desc=Angle of search ellipse rotation in degrees (counter clockwise)
gdal vector grid nearest	nodata			real	req=0	pos=0	in=1	out=0	cnt=0..1	def=0	choices=	min=	max=	ds=	dsin=0	dsout=0	mx=	md=	deps=	hid=0/0/0	cat=Base	meta=	desc=Target nodata value
gdal vector grid range	help	h		boolean	req=0	pos=0	in=1	out=0	cnt=0..1	def=	choices=	min=	max=	ds=	dsin=0	dsout=0	mx=	md=	deps=	hid=0/0/1	cat=Common	meta=	desc=Display help message and exit
gdal vector grid range	help-doc			boolean	req=0	pos=0	in=1	out=0	cnt=0..1	def=	choices=	min=	max=	ds=	dsin=0	dsout=0	mx=	md=	deps=	hid=1/1/1	cat=Base	meta=	desc=Display help message for use by documentation
gdal vector grid range	json-usage			boolean	req=0	pos=0	in=1	out=0	cnt=0..1	def=	choices=	min=	max=	ds=	dsin=0	dsout=0	mx=	md=	deps=	hid=0/0/1	cat=Common	meta=	desc=Display usage as JSON document and exit
gdal vector grid range	config			string_list	req=0	pos=0	in=1	out=0	cnt=0..-1	def=	choices=	min=	max=	ds=	dsin=0	dsout=0	mx=	md=	deps=	hid=0/0/1	cat=Common	meta=	desc=Configuration option
gdal vector grid range	quiet	q		boolean	req=0	pos=0	in=1	out=0	cnt=0..1	def=	choices=	min=	max=	ds=	dsin=0	dsout=0	mx=	md=	deps=	hid=0/0/0	cat=Common	meta=	desc=Quiet mode (no progress bar or warning message)
gdal vector grid range	progress			boolean	req=0	pos=0	in=1	out=0	cnt=0..1	def=	choices=	min=	max=	ds=	dsin=0	dsout=0	mx=	md=	deps=	hid=1/1/1	cat=Base	meta=	desc=Display progress bar
gdal vector grid range	output-format	f	of|format	string	req=0	pos=0	in=1	out=0	cnt=0..1	def=	choices=	min=	max=	ds=	dsin=0	dsout=0	mx=	md=	deps=	hid=0/0/0	cat=Base	meta=required_capabilities=DCAP_RASTER,DCAP_CREATE;	desc=Output format
gdal vector grid range	open-option		oo	string_list	req=0	pos=0	in=1	out=0	cnt=0..-1	def=	choices=	min=	max=	ds=	dsin=0	dsout=0	mx=	md=	deps=	hid=0/0/0	cat=Advanced	meta=	desc=Open options
gdal vector grid range	input-format		if	string_list	req=0	pos=0	in=1	out=0	cnt=0..-1	def=	choices=	min=	max=	ds=	dsin=0	dsout=0	mx=	md=	deps=	hid=0/0/0	cat=Advanced	meta=required_capabilities=DCAP_VECTOR;	desc=Input formats
gdal vector grid range	input	i		dataset_list	req=1	pos=1	in=1	out=0	cnt=0..-1	def=	choices=	min=	max=	ds=vector	dsin=3	dsout=2	mx=	md=	deps=	hid=0/0/0	cat=Base	meta=	desc=Input vector datasets
gdal vector grid range	output	o		dataset	req=1	pos=1	in=1	out=1	cnt=0..1	def=	choices=	min=	max=	ds=raster	dsin=1	dsout=2	mx=	md=	deps=	hid=0/0/0	cat=Base	meta=	desc=Output raster dataset
gdal vector grid range	creation-option		co	string_list	req=0	pos=0	in=1	out=0	cnt=0..-1	def=	choices=	min=	max=	ds=	dsin=0	dsout=0	mx=	md=	deps=	hid=0/0/0	cat=Base	meta=	desc=Creation option
gdal vector grid range	extent			real_list	req=0	pos=0	in=1	out=0	cnt=4..4	def=	choices=	min=	max=	ds=	dsin=0	dsout=0	mx=	md=	deps=	hid=0/0/0	cat=Base	meta=	desc=Set the target georeferenced extent
gdal vector grid range	resolution			real_list	req=0	pos=0	in=1	out=0	cnt=2..2	def=	choices=	min=	max=	ds=	dsin=0	dsout=0	mx=size-or-resolution	md=	deps=	hid=0/0/0	cat=Base	meta=	desc=Set the target resolution
gdal vector grid range	size			integer_list	req=0	pos=0	in=1	out=0	cnt=2..2	def=	choices=	min=	max=	ds=	dsin=0	dsout=0	mx=size-or-resolution	md=	deps=	hid=0/0/0	cat=Base	meta=	desc=Set the target size in pixels and lines
gdal vector grid range	output-data-type		ot|datatype	string	req=0	pos=0	in=1	out=0	cnt=0..1	def=Float64	choices=UInt8|Int8|UInt16|Int16|UInt32|Int32|UInt64|Int64|CInt16|CInt32|Float16|Float32|Float64|CFloat32|CFloat64	min=	max=	ds=	dsin=0	dsout=0	mx=	md=	deps=	hid=0/0/0	cat=Base	meta=type=GDALDataType;	desc=Output data type
gdal vector grid range	crs			string	req=0	pos=0	in=1	out=0	cnt=0..1	def=	choices=	min=	max=	ds=	dsin=0	dsout=0	mx=	md=	deps=	hid=0/0/0	cat=Base	meta=	desc=Override the projection for the output file
gdal vector grid range	overwrite			boolean	req=0	pos=0	in=1	out=0	cnt=0..1	def=false	choices=	min=	max=	ds=	dsin=0	dsout=0	mx=	md=	deps=	hid=0/0/0	cat=Base	meta=	desc=Whether overwriting existing output dataset is allowed
gdal vector grid range	input-layer	l	layer	string_list	req=0	pos=0	in=1	out=0	cnt=0..-1	def=	choices=	min=	max=	ds=	dsin=0	dsout=0	mx=layer-sql	md=	deps=	hid=0/0/0	cat=Base	meta=	desc=Input layer name
gdal vector grid range	sql			string	req=0	pos=0	in=1	out=0	cnt=0..1	def=	choices=	min=	max=	ds=	dsin=0	dsout=0	mx=layer-sql	md=	deps=	hid=0/0/0	cat=Base	meta=	desc=SQL statement
gdal vector grid range	bbox			real_list	req=0	pos=0	in=1	out=0	cnt=4..4	def=	choices=	min=	max=	ds=	dsin=0	dsout=0	mx=	md=	deps=	hid=0/0/0	cat=Base	meta=	desc=Select only points contained within the specified bounding box
gdal vector grid range	zfield			string	req=0	pos=0	in=1	out=0	cnt=0..1	def=	choices=	min=	max=	ds=	dsin=0	dsout=0	mx=	md=	deps=	hid=0/0/0	cat=Base	meta=	desc=Field name from which to get Z values.
gdal vector grid range	zoffset			real	req=0	pos=0	in=1	out=0	cnt=0..1	def=0	choices=	min=	max=	ds=	dsin=0	dsout=0	mx=	md=	deps=	hid=0/0/0	cat=Base	meta=	desc=Value to add to the Z field value (applied before zmultiply)
gdal vector grid range	zmultiply			real	req=0	pos=0	in=1	out=0	cnt=0..1	def=1	choices=	min=	max=	ds=	dsin=0	dsout=0	mx=	md=	deps=	hid=0/0/0	cat=Base	meta=	desc=Multiplication factor for the Z field value (applied after zoffset)
gdal vector grid range	radius			real	req=0	pos=0	in=1	out=0	cnt=0..1	def=	choices=	min=	max=	ds=	dsin=0	dsout=0	mx=radius	md=	deps=	hid=0/0/0	cat=Base	meta=	desc=Radius of the search circle
gdal vector grid range	radius1			real	req=0	pos=0	in=1	out=0	cnt=0..1	def=	choices=	min=	max=	ds=	dsin=0	dsout=0	mx=radius	md=	deps=	hid=0/0/0	cat=Base	meta=	desc=First axis of the search ellipse
gdal vector grid range	radius2			real	req=0	pos=0	in=1	out=0	cnt=0..1	def=	choices=	min=	max=	ds=	dsin=0	dsout=0	mx=	md=	deps=	hid=0/0/0	cat=Base	meta=	desc=Second axis of the search ellipse
gdal vector grid range	angle			real	req=0	pos=0	in=1	out=0	cnt=0..1	def=0	choices=	min=	max=	ds=	dsin=0	dsout=0	mx=	md=	deps=	hid=0/0/0	cat=Base	meta=	desc=Angle of search ellipse rotation in degrees (counter clockwise)
gdal vector grid range	min-points			integer	req=0	pos=0	in=1	out=0	cnt=0..1	def=0	choices=	min=	max=	ds=	dsin=0	dsout=0	mx=	md=	deps=	hid=0/0/0	cat=Base	meta=	desc=Minimum number of data points to use
gdal vector grid range	min-points-per-quadrant			integer	req=0	pos=0	in=1	out=0	cnt=0..1	def=0	choices=	min=	max=	ds=	dsin=0	dsout=0	mx=	md=	deps=	hid=0/0/0	cat=Base	meta=	desc=Minimum number of data points to use per quadrant
gdal vector grid range	max-points-per-quadrant			integer	req=0	pos=0	in=1	out=0	cnt=0..1	def=2147483647	choices=	min=	max=	ds=	dsin=0	dsout=0	mx=	md=	deps=	hid=0/0/0	cat=Base	meta=	desc=Maximum number of data points to use per quadrant
gdal vector grid range	nodata			real	req=0	pos=0	in=1	out=0	cnt=0..1	def=0	choices=	min=	max=	ds=	dsin=0	dsout=0	mx=	md=	deps=	hid=0/0/0	cat=Base	meta=	desc=Target nodata value
gdal vector index	help	h		boolean	req=0	pos=0	in=1	out=0	cnt=0..1	def=	choices=	min=	max=	ds=	dsin=0	dsout=0	mx=	md=	deps=	hid=0/0/1	cat=Common	meta=	desc=Display help message and exit
gdal vector index	help-doc			boolean	req=0	pos=0	in=1	out=0	cnt=0..1	def=	choices=	min=	max=	ds=	dsin=0	dsout=0	mx=	md=	deps=	hid=1/1/1	cat=Base	meta=	desc=Display help message for use by documentation
gdal vector index	json-usage			boolean	req=0	pos=0	in=1	out=0	cnt=0..1	def=	choices=	min=	max=	ds=	dsin=0	dsout=0	mx=	md=	deps=	hid=0/0/1	cat=Common	meta=	desc=Display usage as JSON document and exit
gdal vector index	config			string_list	req=0	pos=0	in=1	out=0	cnt=0..-1	def=	choices=	min=	max=	ds=	dsin=0	dsout=0	mx=	md=	deps=	hid=0/0/1	cat=Common	meta=	desc=Configuration option
gdal vector index	quiet	q		boolean	req=0	pos=0	in=1	out=0	cnt=0..1	def=	choices=	min=	max=	ds=	dsin=0	dsout=0	mx=	md=	deps=	hid=0/0/0	cat=Common	meta=	desc=Quiet mode (no progress bar or warning message)
gdal vector index	progress			boolean	req=0	pos=0	in=1	out=0	cnt=0..1	def=	choices=	min=	max=	ds=	dsin=0	dsout=0	mx=	md=	deps=	hid=1/1/1	cat=Base	meta=	desc=Display progress bar
gdal vector index	input	i		dataset_list	req=1	pos=1	in=1	out=0	cnt=0..-1	def=	choices=	min=	max=	ds=vector	dsin=1	dsout=2	mx=	md=	deps=	hid=0/0/0	cat=Base	meta=	desc=Input vector datasets
gdal vector index	output-format	f	of|format	string	req=0	pos=0	in=1	out=0	cnt=0..1	def=	choices=	min=	max=	ds=	dsin=0	dsout=0	mx=	md=	deps=	hid=0/0/0	cat=Base	meta=required_capabilities=DCAP_VECTOR,DCAP_CREATE;	desc=Output format
gdal vector index	output	o		dataset	req=1	pos=1	in=1	out=1	cnt=0..1	def=	choices=	min=	max=	ds=vector	dsin=3	dsout=2	mx=	md=	deps=	hid=0/0/0	cat=Base	meta=	desc=Output vector dataset
gdal vector index	creation-option		co	string_list	req=0	pos=0	in=1	out=0	cnt=0..-1	def=	choices=	min=	max=	ds=	dsin=0	dsout=0	mx=	md=	deps=	hid=0/0/0	cat=Base	meta=	desc=Creation option
gdal vector index	layer-creation-option		lco	string_list	req=0	pos=0	in=1	out=0	cnt=0..-1	def=	choices=	min=	max=	ds=	dsin=0	dsout=0	mx=	md=	deps=	hid=0/0/0	cat=Base	meta=	desc=Layer creation option
gdal vector index	overwrite			boolean	req=0	pos=0	in=1	out=0	cnt=0..1	def=false	choices=	min=	max=	ds=	dsin=0	dsout=0	mx=overwrite-update	md=	deps=	hid=0/0/0	cat=Base	meta=	desc=Whether overwriting existing output dataset is allowed
gdal vector index	update			boolean	req=0	pos=0	in=1	out=0	cnt=0..1	def=false	choices=	min=	max=	ds=	dsin=0	dsout=0	mx=overwrite-update	md=	deps=	hid=0/0/0	cat=Base	meta=	desc=Whether to open existing dataset in update mode
gdal vector index	overwrite-layer			boolean	req=0	pos=0	in=1	out=0	cnt=0..1	def=false	choices=	min=	max=	ds=	dsin=0	dsout=0	mx=	md=	deps=	hid=0/0/0	cat=Base	meta=	desc=Whether overwriting existing output layer is allowed
gdal vector index	append			boolean	req=0	pos=0	in=1	out=0	cnt=0..1	def=false	choices=	min=	max=	ds=	dsin=0	dsout=0	mx=	md=	deps=	hid=0/0/0	cat=Base	meta=	desc=Whether appending to existing layer is allowed
gdal vector index	output-layer		nln	string	req=0	pos=0	in=1	out=0	cnt=0..1	def=	choices=	min=	max=	ds=	dsin=0	dsout=0	mx=	md=	deps=	hid=0/0/0	cat=Base	meta=	desc=Output layer name
gdal vector index	recursive			boolean	req=0	pos=0	in=1	out=0	cnt=0..1	def=	choices=	min=	max=	ds=	dsin=0	dsout=0	mx=	md=	deps=	hid=0/0/0	cat=Base	meta=	desc=Whether input directories should be explored recursively.
gdal vector index	filename-filter			string_list	req=0	pos=0	in=1	out=0	cnt=0..-1	def=	choices=	min=	max=	ds=	dsin=0	dsout=0	mx=	md=	deps=	hid=0/0/0	cat=Base	meta=	desc=Pattern that the filenames in input directories should follow ('*' and '?' wildcard)
gdal vector index	location-name			string	req=0	pos=0	in=1	out=0	cnt=0..1	def=location	choices=	min=	max=	ds=	dsin=0	dsout=0	mx=	md=	deps=	hid=0/0/0	cat=Base	meta=	desc=Name of the field with the vector path
gdal vector index	absolute-path			boolean	req=0	pos=0	in=1	out=0	cnt=0..1	def=	choices=	min=	max=	ds=	dsin=0	dsout=0	mx=	md=	deps=	hid=0/0/0	cat=Base	meta=	desc=Whether the path to the input datasets should be stored as an absolute path
gdal vector index	output-crs			string	req=0	pos=0	in=1	out=0	cnt=0..1	def=	choices=	min=	max=	ds=	dsin=0	dsout=0	mx=	md=	deps=	hid=0/0/0	cat=Base	meta=	desc=Output CRS
gdal vector index	metadata			string_list	req=0	pos=0	in=1	out=0	cnt=0..-1	def=	choices=	min=	max=	ds=	dsin=0	dsout=0	mx=	md=	deps=	hid=0/0/0	cat=Base	meta=	desc=Add dataset metadata item
gdal vector index	source-crs-field-name			string	req=0	pos=0	in=1	out=0	cnt=0..1	def=	choices=	min=	max=	ds=	dsin=0	dsout=0	mx=	md=	deps=	hid=0/0/0	cat=Base	meta=	desc=Name of the field to store the CRS of each dataset
gdal vector index	source-crs-format			string	req=0	pos=0	in=1	out=0	cnt=0..1	def=auto	choices=auto|WKT|EPSG|PROJ	min=	max=	ds=	dsin=0	dsout=0	mx=	md=	deps=	hid=0/0/0	cat=Base	meta=	desc=Format in which the CRS of each dataset must be written
gdal vector index	source-layer-name			string_list	req=0	pos=0	in=1	out=0	cnt=0..-1	def=	choices=	min=	max=	ds=	dsin=0	dsout=0	mx=	md=	deps=	hid=0/0/0	cat=Base	meta=	desc=Add layer of specified name from each source file in the tile index
gdal vector index	source-layer-index			integer_list	req=0	pos=0	in=1	out=0	cnt=0..-1	def=	choices=	min=	max=	ds=	dsin=0	dsout=0	mx=	md=	deps=	hid=0/0/0	cat=Base	meta=	desc=Add layer of specified index (0-based) from each source file in the tile index
gdal vector index	accept-different-crs			boolean	req=0	pos=0	in=1	out=0	cnt=0..1	def=	choices=	min=	max=	ds=	dsin=0	dsout=0	mx=	md=	deps=	hid=0/0/0	cat=Base	meta=	desc=Whether layers with different CRS are accepted
gdal vector index	accept-different-schemas			boolean	req=0	pos=0	in=1	out=0	cnt=0..1	def=	choices=	min=	max=	ds=	dsin=0	dsout=0	mx=	md=	deps=	hid=0/0/0	cat=Base	meta=	desc=Whether layers with different schemas are accepted
gdal vector index	dataset-name-only			boolean	req=0	pos=0	in=1	out=0	cnt=0..1	def=	choices=	min=	max=	ds=	dsin=0	dsout=0	mx=	md=	deps=	hid=0/0/0	cat=Base	meta=	desc=Whether to write the dataset name only, instead of suffixed with the layer index
gdal vector index	called-from-ogrtindex			boolean	req=0	pos=0	in=1	out=0	cnt=0..1	def=	choices=	min=	max=	ds=	dsin=0	dsout=0	mx=	md=	deps=	hid=1/1/1	cat=Base	meta=	desc=Whether we are called from ogrtindex
gdal vector index	skip-different-crs			boolean	req=0	pos=0	in=1	out=0	cnt=0..1	def=	choices=	min=	max=	ds=	dsin=0	dsout=0	mx=	md=	deps=	hid=1/1/1	cat=Base	meta=	desc=Skip layers that are not in the same CRS as the first layer
gdal vector info	help	h		boolean	req=0	pos=0	in=1	out=0	cnt=0..1	def=	choices=	min=	max=	ds=	dsin=0	dsout=0	mx=	md=	deps=	hid=0/0/1	cat=Common	meta=	desc=Display help message and exit
gdal vector info	help-doc			boolean	req=0	pos=0	in=1	out=0	cnt=0..1	def=	choices=	min=	max=	ds=	dsin=0	dsout=0	mx=	md=	deps=	hid=1/1/1	cat=Base	meta=	desc=Display help message for use by documentation
gdal vector info	json-usage			boolean	req=0	pos=0	in=1	out=0	cnt=0..1	def=	choices=	min=	max=	ds=	dsin=0	dsout=0	mx=	md=	deps=	hid=0/0/1	cat=Common	meta=	desc=Display usage as JSON document and exit
gdal vector info	config			string_list	req=0	pos=0	in=1	out=0	cnt=0..-1	def=	choices=	min=	max=	ds=	dsin=0	dsout=0	mx=	md=	deps=	hid=0/0/1	cat=Common	meta=	desc=Configuration option
gdal vector info	output-format	f	of|format	string	req=0	pos=0	in=1	out=0	cnt=0..1	def=	choices=json|text	min=	max=	ds=	dsin=0	dsout=0	mx=	md=	deps=	hid=0/0/0	cat=Base	meta=	desc=Output format
gdal vector info	open-option		oo	string_list	req=0	pos=0	in=1	out=0	cnt=0..-1	def=	choices=	min=	max=	ds=	dsin=0	dsout=0	mx=	md=	deps=	hid=0/0/0	cat=Advanced	meta=	desc=Open options
gdal vector info	input-format		if	string_list	req=0	pos=0	in=1	out=0	cnt=0..-1	def=	choices=	min=	max=	ds=	dsin=0	dsout=0	mx=	md=	deps=	hid=0/0/0	cat=Advanced	meta=required_capabilities=DCAP_VECTOR;	desc=Input formats
gdal vector info	input	i	dataset	dataset_list	req=1	pos=1	in=1	out=0	cnt=0..-1	def=	choices=	min=	max=	ds=vector	dsin=3	dsout=2	mx=	md=	deps=	hid=0/0/0	cat=Base	meta=	desc=Input vector datasets
gdal vector info	input-layer	l	layer	string_list	req=0	pos=0	in=1	out=0	cnt=0..-1	def=	choices=	min=	max=	ds=	dsin=0	dsout=0	mx=layer-sql	md=	deps=	hid=0/0/0	cat=Base	meta=	desc=Input layer name
gdal vector info	features			boolean	req=0	pos=0	in=1	out=0	cnt=0..1	def=	choices=	min=	max=	ds=	dsin=0	dsout=0	mx=summary-features	md=	deps=	hid=0/0/0	cat=Base	meta=	desc=List all features (beware of RAM consumption on large layers)
gdal vector info	summary			boolean	req=0	pos=0	in=1	out=0	cnt=0..1	def=	choices=	min=	max=	ds=	dsin=0	dsout=0	mx=summary-features	md=	deps=	hid=0/0/0	cat=Base	meta=	desc=List the layer names and the geometry type
gdal vector info	limit			integer	req=0	pos=0	in=1	out=0	cnt=0..1	def=	choices=	min=[0	max=	ds=	dsin=0	dsout=0	mx=	md=	deps=	hid=0/0/0	cat=Base	meta=	desc=Limit the number of features per layer (implies --features)
gdal vector info	sql			string	req=0	pos=0	in=1	out=0	cnt=0..1	def=	choices=	min=	max=	ds=	dsin=0	dsout=0	mx=layer-sql	md=	deps=	hid=0/0/0	cat=Base	meta=	desc=Execute the indicated SQL statement and return the result
gdal vector info	where			string	req=0	pos=0	in=1	out=0	cnt=0..1	def=	choices=	min=	max=	ds=	dsin=0	dsout=0	mx=	md=	deps=	hid=0/0/0	cat=Base	meta=	desc=Attribute query in a restricted form of the queries used in the SQL WHERE statement
gdal vector info	fid			integer	req=0	pos=0	in=1	out=0	cnt=0..1	def=	choices=	min=	max=	ds=	dsin=0	dsout=0	mx=layer-sql	md=	deps=	hid=0/0/0	cat=Base	meta=	desc=Feature identifier
gdal vector info	dialect			string	req=0	pos=0	in=1	out=0	cnt=0..1	def=	choices=	min=	max=	ds=	dsin=0	dsout=0	mx=	md=	deps=	hid=0/0/0	cat=Base	meta=	desc=SQL dialect
gdal vector info	output-string			string	req=0	pos=0	in=0	out=1	cnt=0..1	def=	choices=	min=	max=	ds=	dsin=0	dsout=0	mx=	md=	deps=	hid=0/1/0	cat=Base	meta=	desc=Output string, in which the result is placed
gdal vector info	stdout			boolean	req=0	pos=0	in=1	out=0	cnt=0..1	def=	choices=	min=	max=	ds=	dsin=0	dsout=0	mx=	md=	deps=	hid=1/1/1	cat=Base	meta=	desc=Directly output on stdout. If enabled, output-string will be empty
gdal vector info	crs-format			string	req=0	pos=0	in=1	out=0	cnt=0..1	def=AUTO	choices=AUTO|WKT2|PROJJSON	min=	max=	ds=	dsin=0	dsout=0	mx=	md=	deps=	hid=0/0/0	cat=Esoteric	meta=	desc=Which format to use to report CRS
gdal vector layer-algebra	help	h		boolean	req=0	pos=0	in=1	out=0	cnt=0..1	def=	choices=	min=	max=	ds=	dsin=0	dsout=0	mx=	md=	deps=	hid=0/0/1	cat=Common	meta=	desc=Display help message and exit
gdal vector layer-algebra	help-doc			boolean	req=0	pos=0	in=1	out=0	cnt=0..1	def=	choices=	min=	max=	ds=	dsin=0	dsout=0	mx=	md=	deps=	hid=1/1/1	cat=Base	meta=	desc=Display help message for use by documentation
gdal vector layer-algebra	json-usage			boolean	req=0	pos=0	in=1	out=0	cnt=0..1	def=	choices=	min=	max=	ds=	dsin=0	dsout=0	mx=	md=	deps=	hid=0/0/1	cat=Common	meta=	desc=Display usage as JSON document and exit
gdal vector layer-algebra	config			string_list	req=0	pos=0	in=1	out=0	cnt=0..-1	def=	choices=	min=	max=	ds=	dsin=0	dsout=0	mx=	md=	deps=	hid=0/0/1	cat=Common	meta=	desc=Configuration option
gdal vector layer-algebra	quiet	q		boolean	req=0	pos=0	in=1	out=0	cnt=0..1	def=	choices=	min=	max=	ds=	dsin=0	dsout=0	mx=	md=	deps=	hid=0/0/0	cat=Common	meta=	desc=Quiet mode (no progress bar or warning message)
gdal vector layer-algebra	progress			boolean	req=0	pos=0	in=1	out=0	cnt=0..1	def=	choices=	min=	max=	ds=	dsin=0	dsout=0	mx=	md=	deps=	hid=1/1/1	cat=Base	meta=	desc=Display progress bar
gdal vector layer-algebra	operation			string	req=1	pos=1	in=1	out=0	cnt=0..1	def=	choices=union|intersection|sym-difference|identity|update|clip|erase	min=	max=	ds=	dsin=0	dsout=0	mx=	md=	deps=	hid=0/0/0	cat=Base	meta=	desc=Operation to perform
gdal vector layer-algebra	output-format	f	of|format	string	req=0	pos=0	in=1	out=0	cnt=0..1	def=	choices=	min=	max=	ds=	dsin=0	dsout=0	mx=	md=	deps=	hid=0/0/0	cat=Base	meta=required_capabilities=DCAP_VECTOR,DCAP_CREATE;	desc=Output format
gdal vector layer-algebra	open-option		oo	string_list	req=0	pos=0	in=1	out=0	cnt=0..-1	def=	choices=	min=	max=	ds=	dsin=0	dsout=0	mx=	md=	deps=	hid=0/0/0	cat=Advanced	meta=	desc=Open options
gdal vector layer-algebra	input-format		if	string_list	req=0	pos=0	in=1	out=0	cnt=0..-1	def=	choices=	min=	max=	ds=	dsin=0	dsout=0	mx=	md=	deps=	hid=0/0/0	cat=Advanced	meta=required_capabilities=DCAP_VECTOR;	desc=Input formats
gdal vector layer-algebra	input	i		dataset	req=1	pos=1	in=1	out=0	cnt=0..1	def=	choices=	min=	max=	ds=vector	dsin=3	dsout=2	mx=	md=	deps=	hid=0/0/0	cat=Base	meta=	desc=Input vector dataset
gdal vector layer-algebra	method			dataset	req=1	pos=1	in=1	out=0	cnt=0..1	def=	choices=	min=	max=	ds=vector	dsin=3	dsout=2	mx=	md=	deps=	hid=0/0/0	cat=Base	meta=	desc=Method vector dataset
gdal vector layer-algebra	output	o		dataset	req=1	pos=1	in=1	out=1	cnt=0..1	def=	choices=	min=	max=	ds=vector	dsin=3	dsout=2	mx=	md=	deps=	hid=0/0/0	cat=Base	meta=	desc=Output vector dataset
gdal vector layer-algebra	creation-option		co	string_list	req=0	pos=0	in=1	out=0	cnt=0..-1	def=	choices=	min=	max=	ds=	dsin=0	dsout=0	mx=	md=	deps=	hid=0/0/0	cat=Base	meta=	desc=Creation option
gdal vector layer-algebra	layer-creation-option		lco	string_list	req=0	pos=0	in=1	out=0	cnt=0..-1	def=	choices=	min=	max=	ds=	dsin=0	dsout=0	mx=	md=	deps=	hid=0/0/0	cat=Base	meta=	desc=Layer creation option
gdal vector layer-algebra	overwrite			boolean	req=0	pos=0	in=1	out=0	cnt=0..1	def=false	choices=	min=	max=	ds=	dsin=0	dsout=0	mx=	md=	deps=	hid=0/0/0	cat=Base	meta=	desc=Whether overwriting existing output dataset is allowed
gdal vector layer-algebra	update			boolean	req=0	pos=0	in=1	out=0	cnt=0..1	def=false	choices=	min=	max=	ds=	dsin=0	dsout=0	mx=	md=	deps=	hid=0/0/0	cat=Base	meta=	desc=Whether to open existing dataset in update mode
gdal vector layer-algebra	overwrite-layer			boolean	req=0	pos=0	in=1	out=0	cnt=0..1	def=false	choices=	min=	max=	ds=	dsin=0	dsout=0	mx=	md=	deps=	hid=0/0/0	cat=Base	meta=	desc=Whether overwriting existing output layer is allowed
gdal vector layer-algebra	append			boolean	req=0	pos=0	in=1	out=0	cnt=0..1	def=false	choices=	min=	max=	ds=	dsin=0	dsout=0	mx=	md=	deps=	hid=0/0/0	cat=Base	meta=	desc=Whether appending to existing layer is allowed
gdal vector layer-algebra	input-layer			string	req=0	pos=0	in=1	out=0	cnt=0..1	def=	choices=	min=	max=	ds=	dsin=0	dsout=0	mx=	md=	deps=	hid=0/0/0	cat=Base	meta=	desc=Input layer name
gdal vector layer-algebra	method-layer			string	req=0	pos=0	in=1	out=0	cnt=0..1	def=	choices=	min=	max=	ds=	dsin=0	dsout=0	mx=	md=	deps=	hid=0/0/0	cat=Base	meta=	desc=Method layer name
gdal vector layer-algebra	output-layer			string	req=0	pos=0	in=1	out=0	cnt=0..1	def=	choices=	min=	max=	ds=	dsin=0	dsout=0	mx=	md=	deps=	hid=0/0/0	cat=Base	meta=	desc=Output layer name
gdal vector layer-algebra	geometry-type			string	req=0	pos=0	in=1	out=0	cnt=0..1	def=	choices=	min=	max=	ds=	dsin=0	dsout=0	mx=	md=	deps=	hid=0/0/0	cat=Base	meta=	desc=Geometry type
gdal vector layer-algebra	input-prefix			string	req=0	pos=0	in=1	out=0	cnt=0..1	def=	choices=	min=	max=	ds=	dsin=0	dsout=0	mx=	md=	deps=	hid=0/0/0	cat=Advanced	meta=	desc=Prefix for fields corresponding to input layer
gdal vector layer-algebra	input-field			string_list	req=0	pos=0	in=1	out=0	cnt=0..-1	def=	choices=	min=	max=	ds=	dsin=0	dsout=0	mx=input-field	md=	deps=	hid=0/0/0	cat=Advanced	meta=	desc=Input field(s) to add to output layer
gdal vector layer-algebra	no-input-field			boolean	req=0	pos=0	in=1	out=0	cnt=0..1	def=	choices=	min=	max=	ds=	dsin=0	dsout=0	mx=input-field	md=	deps=	hid=0/0/0	cat=Advanced	meta=	desc=Do not add any input field to output layer
gdal vector layer-algebra	all-input-field			boolean	req=0	pos=0	in=1	out=0	cnt=0..1	def=	choices=	min=	max=	ds=	dsin=0	dsout=0	mx=input-field	md=	deps=	hid=0/0/0	cat=Advanced	meta=	desc=Add all input fields to output layer
gdal vector layer-algebra	method-prefix			string	req=0	pos=0	in=1	out=0	cnt=0..1	def=	choices=	min=	max=	ds=	dsin=0	dsout=0	mx=	md=	deps=	hid=0/0/0	cat=Advanced	meta=	desc=Prefix for fields corresponding to method layer
gdal vector layer-algebra	method-field			string_list	req=0	pos=0	in=1	out=0	cnt=0..-1	def=	choices=	min=	max=	ds=	dsin=0	dsout=0	mx=method-field	md=	deps=	hid=0/0/0	cat=Advanced	meta=	desc=Method field(s) to add to output layer
gdal vector layer-algebra	no-method-field			boolean	req=0	pos=0	in=1	out=0	cnt=0..1	def=	choices=	min=	max=	ds=	dsin=0	dsout=0	mx=method-field	md=	deps=	hid=0/0/0	cat=Advanced	meta=	desc=Do not add any method field to output layer
gdal vector layer-algebra	all-method-field			boolean	req=0	pos=0	in=1	out=0	cnt=0..1	def=	choices=	min=	max=	ds=	dsin=0	dsout=0	mx=method-field	md=	deps=	hid=0/0/0	cat=Advanced	meta=	desc=Add all method fields to output layer
gdal vector make-point	help	h		boolean	req=0	pos=0	in=1	out=0	cnt=0..1	def=	choices=	min=	max=	ds=	dsin=0	dsout=0	mx=	md=	deps=	hid=0/0/1	cat=Common	meta=	desc=Display help message and exit
gdal vector make-point	help-doc			boolean	req=0	pos=0	in=1	out=0	cnt=0..1	def=	choices=	min=	max=	ds=	dsin=0	dsout=0	mx=	md=	deps=	hid=1/1/1	cat=Base	meta=	desc=Display help message for use by documentation
gdal vector make-point	json-usage			boolean	req=0	pos=0	in=1	out=0	cnt=0..1	def=	choices=	min=	max=	ds=	dsin=0	dsout=0	mx=	md=	deps=	hid=0/0/1	cat=Common	meta=	desc=Display usage as JSON document and exit
gdal vector make-point	config			string_list	req=0	pos=0	in=1	out=0	cnt=0..-1	def=	choices=	min=	max=	ds=	dsin=0	dsout=0	mx=	md=	deps=	hid=0/0/1	cat=Common	meta=	desc=Configuration option
gdal vector make-point	input-format		if	string_list	req=0	pos=0	in=1	out=0	cnt=0..-1	def=	choices=	min=	max=	ds=	dsin=0	dsout=0	mx=	md=	deps=	hid=0/0/0	cat=Advanced	meta=required_capabilities=DCAP_VECTOR;	desc=Input formats
gdal vector make-point	open-option		oo	string_list	req=0	pos=0	in=1	out=0	cnt=0..-1	def=	choices=	min=	max=	ds=	dsin=0	dsout=0	mx=	md=	deps=	hid=0/0/0	cat=Advanced	meta=	desc=Open options
gdal vector make-point	input	i		dataset_list	req=1	pos=1	in=1	out=0	cnt=1..1	def=	choices=	min=	max=	ds=vector	dsin=3	dsout=2	mx=	md=	deps=	hid=0/0/0	cat=Base	meta=	desc=Input vector datasets
gdal vector make-point	input-layer	l	layer	string_list	req=0	pos=0	in=1	out=0	cnt=0..-1	def=	choices=	min=	max=	ds=	dsin=0	dsout=0	mx=	md=	deps=	hid=0/0/0	cat=Base	meta=	desc=Input layer name(s)
gdal vector make-point	quiet	q		boolean	req=0	pos=0	in=1	out=0	cnt=0..1	def=	choices=	min=	max=	ds=	dsin=0	dsout=0	mx=	md=	deps=	hid=0/0/0	cat=Common	meta=	desc=Quiet mode (no progress bar or warning message)
gdal vector make-point	progress			boolean	req=0	pos=0	in=1	out=0	cnt=0..1	def=	choices=	min=	max=	ds=	dsin=0	dsout=0	mx=	md=	deps=	hid=1/1/1	cat=Base	meta=	desc=Display progress bar
gdal vector make-point	output-format	f	of|format	string	req=0	pos=0	in=1	out=0	cnt=0..1	def=	choices=	min=	max=	ds=	dsin=0	dsout=0	mx=	md=	deps=	hid=0/0/0	cat=Base	meta=required_capabilities=DCAP_VECTOR,DCAP_CREATE;	desc=Output format ("GDALG" allowed)
gdal vector make-point	output-open-option		output-oo	string_list	req=0	pos=0	in=1	out=0	cnt=0..-1	def=	choices=	min=	max=	ds=	dsin=0	dsout=0	mx=	md=	deps=	hid=0/0/0	cat=Advanced	meta=	desc=Output open options
gdal vector make-point	output	o		dataset	req=1	pos=1	in=1	out=1	cnt=0..1	def=	choices=	min=	max=	ds=vector	dsin=3	dsout=2	mx=	md=	deps=	hid=0/0/0	cat=Base	meta=	desc=Output vector dataset
gdal vector make-point	creation-option		co	string_list	req=0	pos=0	in=1	out=0	cnt=0..-1	def=	choices=	min=	max=	ds=	dsin=0	dsout=0	mx=	md=	deps=	hid=0/0/0	cat=Base	meta=	desc=Creation option
gdal vector make-point	layer-creation-option		lco	string_list	req=0	pos=0	in=1	out=0	cnt=0..-1	def=	choices=	min=	max=	ds=	dsin=0	dsout=0	mx=	md=	deps=	hid=0/0/0	cat=Base	meta=	desc=Layer creation option
gdal vector make-point	overwrite			boolean	req=0	pos=0	in=1	out=0	cnt=0..1	def=false	choices=	min=	max=	ds=	dsin=0	dsout=0	mx=	md=	deps=	hid=0/0/0	cat=Base	meta=	desc=Whether overwriting existing output dataset is allowed
gdal vector make-point	update			boolean	req=0	pos=0	in=1	out=0	cnt=0..1	def=false	choices=	min=	max=	ds=	dsin=0	dsout=0	mx=	md=	deps=	hid=0/0/0	cat=Base	meta=	desc=Whether to open existing dataset in update mode
gdal vector make-point	overwrite-layer			boolean	req=0	pos=0	in=1	out=0	cnt=0..1	def=false	choices=	min=	max=	ds=	dsin=0	dsout=0	mx=	md=	deps=	hid=0/0/0	cat=Base	meta=	desc=Whether overwriting existing output layer is allowed
gdal vector make-point	append			boolean	req=0	pos=0	in=1	out=0	cnt=0..1	def=false	choices=	min=	max=	ds=	dsin=0	dsout=0	mx=append-upsert	md=	deps=	hid=0/0/0	cat=Base	meta=	desc=Whether appending to existing layer is allowed
gdal vector make-point	upsert			boolean	req=0	pos=0	in=1	out=0	cnt=0..1	def=	choices=	min=	max=	ds=	dsin=0	dsout=0	mx=append-upsert	md=	deps=	hid=0/0/0	cat=Advanced	meta=	desc=Upsert features (implies 'append')
gdal vector make-point	output-layer			string	req=0	pos=0	in=1	out=0	cnt=0..1	def=	choices=	min=	max=	ds=	dsin=0	dsout=0	mx=	md=	deps=	hid=0/0/0	cat=Base	meta=	desc=Output layer name
gdal vector make-point	skip-errors			boolean	req=0	pos=0	in=1	out=0	cnt=0..1	def=	choices=	min=	max=	ds=	dsin=0	dsout=0	mx=	md=	deps=	hid=0/0/0	cat=Base	meta=	desc=Skip errors when writing features
gdal vector make-point	x			string	req=1	pos=0	in=1	out=0	cnt=0..1	def=	choices=	min=	max=	ds=	dsin=0	dsout=0	mx=	md=	deps=	hid=0/0/0	cat=Base	meta=	desc=Field from which X coordinate should be read
gdal vector make-point	y			string	req=1	pos=0	in=1	out=0	cnt=0..1	def=	choices=	min=	max=	ds=	dsin=0	dsout=0	mx=	md=	deps=	hid=0/0/0	cat=Base	meta=	desc=Field from which Y coordinate should be read
gdal vector make-point	z			string	req=0	pos=0	in=1	out=0	cnt=0..1	def=	choices=	min=	max=	ds=	dsin=0	dsout=0	mx=	md=	deps=	hid=0/0/0	cat=Base	meta=	desc=Optional field from which Z coordinate should be read
gdal vector make-point	m			string	req=0	pos=0	in=1	out=0	cnt=0..1	def=	choices=	min=	max=	ds=	dsin=0	dsout=0	mx=	md=	deps=	hid=0/0/0	cat=Base	meta=	desc=Optional field from which M coordinate should be read
gdal vector make-point	output-crs			string	req=0	pos=0	in=1	out=0	cnt=0..1	def=	choices=	min=	max=	ds=	dsin=0	dsout=0	mx=	md=	deps=	hid=0/0/0	cat=Base	meta=	desc=Output CRS
gdal vector make-valid	help	h		boolean	req=0	pos=0	in=1	out=0	cnt=0..1	def=	choices=	min=	max=	ds=	dsin=0	dsout=0	mx=	md=	deps=	hid=0/0/1	cat=Common	meta=	desc=Display help message and exit
gdal vector make-valid	help-doc			boolean	req=0	pos=0	in=1	out=0	cnt=0..1	def=	choices=	min=	max=	ds=	dsin=0	dsout=0	mx=	md=	deps=	hid=1/1/1	cat=Base	meta=	desc=Display help message for use by documentation
gdal vector make-valid	json-usage			boolean	req=0	pos=0	in=1	out=0	cnt=0..1	def=	choices=	min=	max=	ds=	dsin=0	dsout=0	mx=	md=	deps=	hid=0/0/1	cat=Common	meta=	desc=Display usage as JSON document and exit
gdal vector make-valid	config			string_list	req=0	pos=0	in=1	out=0	cnt=0..-1	def=	choices=	min=	max=	ds=	dsin=0	dsout=0	mx=	md=	deps=	hid=0/0/1	cat=Common	meta=	desc=Configuration option
gdal vector make-valid	input-format		if	string_list	req=0	pos=0	in=1	out=0	cnt=0..-1	def=	choices=	min=	max=	ds=	dsin=0	dsout=0	mx=	md=	deps=	hid=0/0/0	cat=Advanced	meta=required_capabilities=DCAP_VECTOR;	desc=Input formats
gdal vector make-valid	open-option		oo	string_list	req=0	pos=0	in=1	out=0	cnt=0..-1	def=	choices=	min=	max=	ds=	dsin=0	dsout=0	mx=	md=	deps=	hid=0/0/0	cat=Advanced	meta=	desc=Open options
gdal vector make-valid	input	i		dataset_list	req=1	pos=1	in=1	out=0	cnt=1..1	def=	choices=	min=	max=	ds=vector	dsin=3	dsout=2	mx=	md=	deps=	hid=0/0/0	cat=Base	meta=	desc=Input vector datasets
gdal vector make-valid	input-layer	l	layer	string_list	req=0	pos=0	in=1	out=0	cnt=0..-1	def=	choices=	min=	max=	ds=	dsin=0	dsout=0	mx=	md=	deps=	hid=0/0/0	cat=Base	meta=	desc=Input layer name(s)
gdal vector make-valid	quiet	q		boolean	req=0	pos=0	in=1	out=0	cnt=0..1	def=	choices=	min=	max=	ds=	dsin=0	dsout=0	mx=	md=	deps=	hid=0/0/0	cat=Common	meta=	desc=Quiet mode (no progress bar or warning message)
gdal vector make-valid	progress			boolean	req=0	pos=0	in=1	out=0	cnt=0..1	def=	choices=	min=	max=	ds=	dsin=0	dsout=0	mx=	md=	deps=	hid=1/1/1	cat=Base	meta=	desc=Display progress bar
gdal vector make-valid	output-format	f	of|format	string	req=0	pos=0	in=1	out=0	cnt=0..1	def=	choices=	min=	max=	ds=	dsin=0	dsout=0	mx=	md=	deps=	hid=0/0/0	cat=Base	meta=required_capabilities=DCAP_VECTOR,DCAP_CREATE;	desc=Output format ("GDALG" allowed)
gdal vector make-valid	output-open-option		output-oo	string_list	req=0	pos=0	in=1	out=0	cnt=0..-1	def=	choices=	min=	max=	ds=	dsin=0	dsout=0	mx=	md=	deps=	hid=0/0/0	cat=Advanced	meta=	desc=Output open options
gdal vector make-valid	output	o		dataset	req=1	pos=1	in=1	out=1	cnt=0..1	def=	choices=	min=	max=	ds=vector	dsin=3	dsout=2	mx=	md=	deps=	hid=0/0/0	cat=Base	meta=	desc=Output vector dataset
gdal vector make-valid	creation-option		co	string_list	req=0	pos=0	in=1	out=0	cnt=0..-1	def=	choices=	min=	max=	ds=	dsin=0	dsout=0	mx=	md=	deps=	hid=0/0/0	cat=Base	meta=	desc=Creation option
gdal vector make-valid	layer-creation-option		lco	string_list	req=0	pos=0	in=1	out=0	cnt=0..-1	def=	choices=	min=	max=	ds=	dsin=0	dsout=0	mx=	md=	deps=	hid=0/0/0	cat=Base	meta=	desc=Layer creation option
gdal vector make-valid	overwrite			boolean	req=0	pos=0	in=1	out=0	cnt=0..1	def=false	choices=	min=	max=	ds=	dsin=0	dsout=0	mx=	md=	deps=	hid=0/0/0	cat=Base	meta=	desc=Whether overwriting existing output dataset is allowed
gdal vector make-valid	update			boolean	req=0	pos=0	in=1	out=0	cnt=0..1	def=false	choices=	min=	max=	ds=	dsin=0	dsout=0	mx=	md=	deps=	hid=0/0/0	cat=Base	meta=	desc=Whether to open existing dataset in update mode
gdal vector make-valid	overwrite-layer			boolean	req=0	pos=0	in=1	out=0	cnt=0..1	def=false	choices=	min=	max=	ds=	dsin=0	dsout=0	mx=	md=	deps=	hid=0/0/0	cat=Base	meta=	desc=Whether overwriting existing output layer is allowed
gdal vector make-valid	append			boolean	req=0	pos=0	in=1	out=0	cnt=0..1	def=false	choices=	min=	max=	ds=	dsin=0	dsout=0	mx=append-upsert	md=	deps=	hid=0/0/0	cat=Base	meta=	desc=Whether appending to existing layer is allowed
gdal vector make-valid	upsert			boolean	req=0	pos=0	in=1	out=0	cnt=0..1	def=	choices=	min=	max=	ds=	dsin=0	dsout=0	mx=append-upsert	md=	deps=	hid=0/0/0	cat=Advanced	meta=	desc=Upsert features (implies 'append')
gdal vector make-valid	output-layer			string	req=0	pos=0	in=1	out=0	cnt=0..1	def=	choices=	min=	max=	ds=	dsin=0	dsout=0	mx=	md=	deps=	hid=0/0/0	cat=Base	meta=	desc=Output layer name
gdal vector make-valid	skip-errors			boolean	req=0	pos=0	in=1	out=0	cnt=0..1	def=	choices=	min=	max=	ds=	dsin=0	dsout=0	mx=	md=	deps=	hid=0/0/0	cat=Base	meta=	desc=Skip errors when writing features
gdal vector make-valid	active-layer			string	req=0	pos=0	in=1	out=0	cnt=0..1	def=	choices=	min=	max=	ds=	dsin=0	dsout=0	mx=	md=	deps=	hid=0/0/0	cat=Base	meta=	desc=Set active layer (if not specified, all)
gdal vector make-valid	active-geometry			string	req=0	pos=0	in=1	out=0	cnt=0..1	def=	choices=	min=	max=	ds=	dsin=0	dsout=0	mx=	md=	deps=	hid=0/0/0	cat=Base	meta=	desc=Geometry field name to which to restrict the processing (if not specified, all)
gdal vector make-valid	method			string	req=0	pos=0	in=1	out=0	cnt=0..1	def=linework	choices=linework|structure	min=	max=	ds=	dsin=0	dsout=0	mx=	md=	deps=	hid=0/0/0	cat=Base	meta=	desc=Algorithm to use when repairing invalid geometries.
gdal vector make-valid	keep-lower-dim			boolean	req=0	pos=0	in=1	out=0	cnt=0..1	def=	choices=	min=	max=	ds=	dsin=0	dsout=0	mx=	md=	deps=	hid=0/0/0	cat=Base	meta=	desc=Keep components of lower dimension after MakeValid()
gdal vector partition	help	h		boolean	req=0	pos=0	in=1	out=0	cnt=0..1	def=	choices=	min=	max=	ds=	dsin=0	dsout=0	mx=	md=	deps=	hid=0/0/1	cat=Common	meta=	desc=Display help message and exit
gdal vector partition	help-doc			boolean	req=0	pos=0	in=1	out=0	cnt=0..1	def=	choices=	min=	max=	ds=	dsin=0	dsout=0	mx=	md=	deps=	hid=1/1/1	cat=Base	meta=	desc=Display help message for use by documentation
gdal vector partition	json-usage			boolean	req=0	pos=0	in=1	out=0	cnt=0..1	def=	choices=	min=	max=	ds=	dsin=0	dsout=0	mx=	md=	deps=	hid=0/0/1	cat=Common	meta=	desc=Display usage as JSON document and exit
gdal vector partition	config			string_list	req=0	pos=0	in=1	out=0	cnt=0..-1	def=	choices=	min=	max=	ds=	dsin=0	dsout=0	mx=	md=	deps=	hid=0/0/1	cat=Common	meta=	desc=Configuration option
gdal vector partition	input-format		if	string_list	req=0	pos=0	in=1	out=0	cnt=0..-1	def=	choices=	min=	max=	ds=	dsin=0	dsout=0	mx=	md=	deps=	hid=0/0/0	cat=Advanced	meta=required_capabilities=DCAP_VECTOR;	desc=Input formats
gdal vector partition	open-option		oo	string_list	req=0	pos=0	in=1	out=0	cnt=0..-1	def=	choices=	min=	max=	ds=	dsin=0	dsout=0	mx=	md=	deps=	hid=0/0/0	cat=Advanced	meta=	desc=Open options
gdal vector partition	input	i		dataset_list	req=1	pos=1	in=1	out=0	cnt=1..1	def=	choices=	min=	max=	ds=vector	dsin=3	dsout=2	mx=	md=	deps=	hid=0/0/0	cat=Base	meta=	desc=Input vector datasets
gdal vector partition	quiet	q		boolean	req=0	pos=0	in=1	out=0	cnt=0..1	def=	choices=	min=	max=	ds=	dsin=0	dsout=0	mx=	md=	deps=	hid=0/0/0	cat=Common	meta=	desc=Quiet mode (no progress bar or warning message)
gdal vector partition	progress			boolean	req=0	pos=0	in=1	out=0	cnt=0..1	def=	choices=	min=	max=	ds=	dsin=0	dsout=0	mx=	md=	deps=	hid=1/1/1	cat=Base	meta=	desc=Display progress bar
gdal vector partition	output	o		string	req=1	pos=1	in=1	out=0	cnt=0..1	def=	choices=	min=	max=	ds=	dsin=0	dsout=0	mx=	md=	deps=	hid=0/0/0	cat=Base	meta=	desc=Output directory
gdal vector partition	overwrite			boolean	req=0	pos=0	in=1	out=0	cnt=0..1	def=false	choices=	min=	max=	ds=	dsin=0	dsout=0	mx=overwrite-append	md=	deps=	hid=0/0/0	cat=Base	meta=	desc=Whether overwriting existing output dataset is allowed
gdal vector partition	append			boolean	req=0	pos=0	in=1	out=0	cnt=0..1	def=false	choices=	min=	max=	ds=	dsin=0	dsout=0	mx=overwrite-append	md=	deps=	hid=0/0/0	cat=Base	meta=	desc=Whether appending to existing layer is allowed
gdal vector partition	update			boolean	req=0	pos=0	in=1	out=0	cnt=0..1	def=false	choices=	min=	max=	ds=	dsin=0	dsout=0	mx=	md=	deps=	hid=1/1/1	cat=Base	meta=	desc=Whether to open existing dataset in update mode
gdal vector partition	output-format	f	of|format	string	req=0	pos=0	in=1	out=0	cnt=0..1	def=	choices=	min=	max=	ds=	dsin=0	dsout=0	mx=	md=	deps=	hid=0/0/0	cat=Base	meta=required_capabilities=DCAP_VECTOR,DCAP_CREATE;	desc=Output format
gdal vector partition	creation-option		co	string_list	req=0	pos=0	in=1	out=0	cnt=0..-1	def=	choices=	min=	max=	ds=	dsin=0	dsout=0	mx=	md=	deps=	hid=0/0/0	cat=Base	meta=	desc=Creation option
gdal vector partition	layer-creation-option		lco	string_list	req=0	pos=0	in=1	out=0	cnt=0..-1	def=	choices=	min=	max=	ds=	dsin=0	dsout=0	mx=	md=	deps=	hid=0/0/0	cat=Base	meta=	desc=Layer creation option
gdal vector partition	field			string_list	req=0	pos=0	in=1	out=0	cnt=0..-1	def=	choices=	min=	max=	ds=	dsin=0	dsout=0	mx=	md=	deps=	hid=0/0/0	cat=Base	meta=	desc=Attribute or geometry field(s) on which to partition
gdal vector partition	scheme			string	req=0	pos=0	in=1	out=0	cnt=0..1	def=hive	choices=hive|flat	min=	max=	ds=	dsin=0	dsout=0	mx=	md=	deps=	hid=0/0/0	cat=Base	meta=	desc=Partitioning scheme
gdal vector partition	pattern			string	req=0	pos=0	in=1	out=0	cnt=0..1	def=	choices=	min=	max=	ds=	dsin=0	dsout=0	mx=	md=	deps=	hid=0/0/0	cat=Base	meta=	desc=Filename pattern ('part_%010d' for scheme=hive, '{LAYER_NAME}_{FIELD_VALUE}_%010d' for scheme=flat)
gdal vector partition	feature-limit			integer	req=0	pos=0	in=1	out=0	cnt=0..1	def=	choices=	min=(0	max=	ds=	dsin=0	dsout=0	mx=	md=	deps=	hid=0/0/0	cat=Base	meta=	desc=Maximum number of features per file
gdal vector partition	max-file-size			string	req=0	pos=0	in=1	out=0	cnt=0..1	def=	choices=	min=	max=	ds=	dsin=0	dsout=0	mx=	md=	deps=	hid=0/0/0	cat=Base	meta=	desc=Maximum file size (MB or GB suffix can be used)
gdal vector partition	omit-partitioned-field			boolean	req=0	pos=0	in=1	out=0	cnt=0..1	def=	choices=	min=	max=	ds=	dsin=0	dsout=0	mx=	md=	deps=	hid=0/0/0	cat=Base	meta=	desc=Whether to omit partitioned fields from target layer definition
gdal vector partition	skip-errors			boolean	req=0	pos=0	in=1	out=0	cnt=0..1	def=	choices=	min=	max=	ds=	dsin=0	dsout=0	mx=	md=	deps=	hid=0/0/0	cat=Base	meta=	desc=Skip errors when writing features
gdal vector partition	max-cache-size			integer	req=0	pos=0	in=1	out=0	cnt=0..1	def=400	choices=	min=[0	max=	ds=	dsin=0	dsout=0	mx=	md=	deps=	hid=1/1/1	cat=Base	meta=	desc=Maximum number of datasets simultaneously opened
gdal vector partition	transaction-size			integer	req=0	pos=0	in=1	out=0	cnt=0..1	def=65536	choices=	min=[1	max=	ds=	dsin=0	dsout=0	mx=	md=	deps=	hid=1/1/1	cat=Base	meta=	desc=Maximum number of features per transaction
gdal vector pipeline	help	h		boolean	req=0	pos=0	in=1	out=0	cnt=0..1	def=	choices=	min=	max=	ds=	dsin=0	dsout=0	mx=	md=	deps=	hid=0/0/1	cat=Common	meta=	desc=Display help message and exit
gdal vector pipeline	help-doc			boolean	req=0	pos=0	in=1	out=0	cnt=0..1	def=	choices=	min=	max=	ds=	dsin=0	dsout=0	mx=	md=	deps=	hid=1/1/1	cat=Base	meta=	desc=Display help message for use by documentation
gdal vector pipeline	json-usage			boolean	req=0	pos=0	in=1	out=0	cnt=0..1	def=	choices=	min=	max=	ds=	dsin=0	dsout=0	mx=	md=	deps=	hid=0/0/1	cat=Common	meta=	desc=Display usage as JSON document and exit
gdal vector pipeline	config			string_list	req=0	pos=0	in=1	out=0	cnt=0..-1	def=	choices=	min=	max=	ds=	dsin=0	dsout=0	mx=	md=	deps=	hid=0/0/1	cat=Common	meta=	desc=Configuration option
gdal vector pipeline	input-format		if	string_list	req=0	pos=0	in=1	out=0	cnt=0..-1	def=	choices=	min=	max=	ds=	dsin=0	dsout=0	mx=	md=	deps=	hid=0/1/0	cat=Advanced	meta=required_capabilities=DCAP_VECTOR;	desc=Input formats
gdal vector pipeline	open-option		oo	string_list	req=0	pos=0	in=1	out=0	cnt=0..-1	def=	choices=	min=	max=	ds=	dsin=0	dsout=0	mx=	md=	deps=	hid=0/1/0	cat=Advanced	meta=	desc=Open options
gdal vector pipeline	input	i		dataset_list	req=0	pos=0	in=1	out=0	cnt=1..-1	def=	choices=	min=	max=	ds=vector	dsin=3	dsout=2	mx=	md=	deps=	hid=0/1/0	cat=Base	meta=	desc=Input vector datasets
gdal vector pipeline	input-layer	l	layer	string_list	req=0	pos=0	in=1	out=0	cnt=0..-1	def=	choices=	min=	max=	ds=	dsin=0	dsout=0	mx=	md=	deps=	hid=0/1/0	cat=Base	meta=	desc=Input layer name(s)
gdal vector pipeline	quiet	q		boolean	req=0	pos=0	in=1	out=0	cnt=0..1	def=	choices=	min=	max=	ds=	dsin=0	dsout=0	mx=	md=	deps=	hid=0/0/0	cat=Common	meta=	desc=Quiet mode (no progress bar or warning message)
gdal vector pipeline	progress			boolean	req=0	pos=0	in=1	out=0	cnt=0..1	def=	choices=	min=	max=	ds=	dsin=0	dsout=0	mx=	md=	deps=	hid=1/1/1	cat=Base	meta=	desc=Display progress bar
gdal vector pipeline	pipeline			string	req=0	pos=1	in=1	out=0	cnt=0..1	def=	choices=	min=	max=	ds=	dsin=0	dsout=0	mx=	md=	deps=	hid=0/1/0	cat=Base	meta=	desc=Pipeline string
gdal vector pipeline	output-format	f	of|format	string	req=0	pos=0	in=1	out=0	cnt=0..1	def=	choices=	min=	max=	ds=	dsin=0	dsout=0	mx=	md=	deps=	hid=0/1/0	cat=Base	meta=required_capabilities=DCAP_VECTOR,DCAP_CREATE;	desc=Output format ("GDALG" allowed)
gdal vector pipeline	output-open-option		output-oo	string_list	req=0	pos=0	in=1	out=0	cnt=0..-1	def=	choices=	min=	max=	ds=	dsin=0	dsout=0	mx=	md=	deps=	hid=0/1/0	cat=Advanced	meta=	desc=Output open options
gdal vector pipeline	output	o		dataset	req=0	pos=0	in=1	out=1	cnt=0..1	def=	choices=	min=	max=	ds=vector	dsin=3	dsout=2	mx=	md=	deps=	hid=0/1/0	cat=Base	meta=	desc=Output vector dataset
gdal vector pipeline	creation-option		co	string_list	req=0	pos=0	in=1	out=0	cnt=0..-1	def=	choices=	min=	max=	ds=	dsin=0	dsout=0	mx=	md=	deps=	hid=0/1/0	cat=Base	meta=	desc=Creation option
gdal vector pipeline	layer-creation-option		lco	string_list	req=0	pos=0	in=1	out=0	cnt=0..-1	def=	choices=	min=	max=	ds=	dsin=0	dsout=0	mx=	md=	deps=	hid=0/1/0	cat=Base	meta=	desc=Layer creation option
gdal vector pipeline	overwrite			boolean	req=0	pos=0	in=1	out=0	cnt=0..1	def=false	choices=	min=	max=	ds=	dsin=0	dsout=0	mx=	md=	deps=	hid=0/1/0	cat=Base	meta=	desc=Whether overwriting existing output dataset is allowed
gdal vector pipeline	update			boolean	req=0	pos=0	in=1	out=0	cnt=0..1	def=false	choices=	min=	max=	ds=	dsin=0	dsout=0	mx=	md=	deps=	hid=0/1/0	cat=Base	meta=	desc=Whether to open existing dataset in update mode
gdal vector pipeline	overwrite-layer			boolean	req=0	pos=0	in=1	out=0	cnt=0..1	def=false	choices=	min=	max=	ds=	dsin=0	dsout=0	mx=	md=	deps=	hid=0/1/0	cat=Base	meta=	desc=Whether overwriting existing output layer is allowed
gdal vector pipeline	append			boolean	req=0	pos=0	in=1	out=0	cnt=0..1	def=false	choices=	min=	max=	ds=	dsin=0	dsout=0	mx=append-upsert	md=	deps=	hid=0/1/0	cat=Base	meta=	desc=Whether appending to existing layer is allowed
gdal vector pipeline	upsert			boolean	req=0	pos=0	in=1	out=0	cnt=0..1	def=	choices=	min=	max=	ds=	dsin=0	dsout=0	mx=append-upsert	md=	deps=	hid=0/1/0	cat=Advanced	meta=	desc=Upsert features (implies 'append')
gdal vector pipeline	output-layer			string	req=0	pos=0	in=1	out=0	cnt=0..1	def=	choices=	min=	max=	ds=	dsin=0	dsout=0	mx=	md=	deps=	hid=0/1/0	cat=Base	meta=	desc=Output layer name
gdal vector pipeline	skip-errors			boolean	req=0	pos=0	in=1	out=0	cnt=0..1	def=	choices=	min=	max=	ds=	dsin=0	dsout=0	mx=	md=	deps=	hid=0/0/0	cat=Base	meta=	desc=Skip errors when writing features
gdal vector pipeline	output-string			string	req=0	pos=0	in=0	out=1	cnt=0..1	def=	choices=	min=	max=	ds=	dsin=0	dsout=0	mx=	md=	deps=	hid=0/1/0	cat=Base	meta=	desc=Output string, in which the result is placed
gdal vector pipeline	stdout			boolean	req=0	pos=0	in=1	out=0	cnt=0..1	def=	choices=	min=	max=	ds=	dsin=0	dsout=0	mx=	md=	deps=	hid=1/1/1	cat=Base	meta=	desc=Directly output on stdout. If enabled, output-string will be empty
gdal vector rasterize	help	h		boolean	req=0	pos=0	in=1	out=0	cnt=0..1	def=	choices=	min=	max=	ds=	dsin=0	dsout=0	mx=	md=	deps=	hid=0/0/1	cat=Common	meta=	desc=Display help message and exit
gdal vector rasterize	help-doc			boolean	req=0	pos=0	in=1	out=0	cnt=0..1	def=	choices=	min=	max=	ds=	dsin=0	dsout=0	mx=	md=	deps=	hid=1/1/1	cat=Base	meta=	desc=Display help message for use by documentation
gdal vector rasterize	json-usage			boolean	req=0	pos=0	in=1	out=0	cnt=0..1	def=	choices=	min=	max=	ds=	dsin=0	dsout=0	mx=	md=	deps=	hid=0/0/1	cat=Common	meta=	desc=Display usage as JSON document and exit
gdal vector rasterize	config			string_list	req=0	pos=0	in=1	out=0	cnt=0..-1	def=	choices=	min=	max=	ds=	dsin=0	dsout=0	mx=	md=	deps=	hid=0/0/1	cat=Common	meta=	desc=Configuration option
gdal vector rasterize	quiet	q		boolean	req=0	pos=0	in=1	out=0	cnt=0..1	def=	choices=	min=	max=	ds=	dsin=0	dsout=0	mx=	md=	deps=	hid=0/0/0	cat=Common	meta=	desc=Quiet mode (no progress bar or warning message)
gdal vector rasterize	progress			boolean	req=0	pos=0	in=1	out=0	cnt=0..1	def=	choices=	min=	max=	ds=	dsin=0	dsout=0	mx=	md=	deps=	hid=1/1/1	cat=Base	meta=	desc=Display progress bar
gdal vector rasterize	output-format	f	of|format	string	req=0	pos=0	in=1	out=0	cnt=0..1	def=	choices=	min=	max=	ds=	dsin=0	dsout=0	mx=	md=	deps=	hid=0/0/0	cat=Base	meta=required_capabilities=DCAP_RASTER,DCAP_CREATE;vrt_compatible=false;	desc=Output format
gdal vector rasterize	open-option		oo	string_list	req=0	pos=0	in=1	out=0	cnt=0..-1	def=	choices=	min=	max=	ds=	dsin=0	dsout=0	mx=	md=	deps=	hid=0/0/0	cat=Advanced	meta=	desc=Open options
gdal vector rasterize	input-format		if	string_list	req=0	pos=0	in=1	out=0	cnt=0..-1	def=	choices=	min=	max=	ds=	dsin=0	dsout=0	mx=	md=	deps=	hid=0/0/0	cat=Advanced	meta=required_capabilities=DCAP_VECTOR;	desc=Input formats
gdal vector rasterize	input	i		dataset_list	req=1	pos=1	in=1	out=0	cnt=1..1	def=	choices=	min=	max=	ds=vector	dsin=3	dsout=2	mx=	md=	deps=	hid=0/0/0	cat=Base	meta=	desc=Input vector datasets
gdal vector rasterize	output	o		dataset	req=1	pos=1	in=1	out=1	cnt=0..1	def=	choices=	min=	max=	ds=raster	dsin=3	dsout=2	mx=	md=	deps=	hid=0/0/0	cat=Base	meta=	desc=Output raster dataset
gdal vector rasterize	creation-option		co	string_list	req=0	pos=0	in=1	out=0	cnt=0..-1	def=	choices=	min=	max=	ds=	dsin=0	dsout=0	mx=	md=	deps=	hid=0/0/0	cat=Base	meta=	desc=Creation option
gdal vector rasterize	overwrite			boolean	req=0	pos=0	in=1	out=0	cnt=0..1	def=false	choices=	min=	max=	ds=	dsin=0	dsout=0	mx=	md=	deps=	hid=0/0/0	cat=Base	meta=	desc=Whether overwriting existing output dataset is allowed
gdal vector rasterize	band	b		integer_list	req=0	pos=0	in=1	out=0	cnt=0..-1	def=	choices=	min=	max=	ds=	dsin=0	dsout=0	mx=	md=	deps=	hid=0/0/0	cat=Base	meta=	desc=The band(s) to burn values into (1-based index)
gdal vector rasterize	invert			boolean	req=0	pos=0	in=1	out=0	cnt=0..1	def=false	choices=	min=	max=	ds=	dsin=0	dsout=0	mx=	md=	deps=	hid=0/0/0	cat=Base	meta=	desc=Invert the rasterization
gdal vector rasterize	all-touched			boolean	req=0	pos=0	in=1	out=0	cnt=0..1	def=	choices=	min=	max=	ds=	dsin=0	dsout=0	mx=	md=	deps=	hid=0/0/0	cat=Base	meta=	desc=Enables the ALL_TOUCHED rasterization option
gdal vector rasterize	burn			real_list	req=0	pos=0	in=1	out=0	cnt=0..-1	def=	choices=	min=	max=	ds=	dsin=0	dsout=0	mx=	md=	deps=	hid=0/0/0	cat=Base	meta=	desc=Burn value
gdal vector rasterize	attribute-name	a		string	req=0	pos=0	in=1	out=0	cnt=0..1	def=	choices=	min=	max=	ds=	dsin=0	dsout=0	mx=	md=	deps=	hid=0/0/0	cat=Base	meta=	desc=Attribute name
gdal vector rasterize	3d			boolean	req=0	pos=0	in=1	out=0	cnt=0..1	def=	choices=	min=	max=	ds=	dsin=0	dsout=0	mx=	md=	deps=	hid=0/0/0	cat=Base	meta=	desc=Indicates that a burn value should be extracted from the Z values of the feature
gdal vector rasterize	input-layer	l		string	req=0	pos=0	in=1	out=0	cnt=0..1	def=	choices=	min=	max=	ds=	dsin=0	dsout=0	mx=layer-name-or-sql	md=	deps=	hid=0/0/0	cat=Base	meta=	desc=Input layer name
gdal vector rasterize	where			string	req=0	pos=0	in=1	out=0	cnt=0..1	def=	choices=	min=	max=	ds=	dsin=0	dsout=0	mx=	md=	deps=	hid=0/0/0	cat=Base	meta=	desc=SQL where clause
gdal vector rasterize	sql			string	req=0	pos=0	in=1	out=0	cnt=0..1	def=	choices=	min=	max=	ds=	dsin=0	dsout=0	mx=layer-name-or-sql	md=	deps=	hid=0/0/0	cat=Base	meta=	desc=SQL select statement
gdal vector rasterize	dialect			string	req=0	pos=0	in=1	out=0	cnt=0..1	def=	choices=	min=	max=	ds=	dsin=0	dsout=0	mx=	md=	deps=	hid=0/0/0	cat=Base	meta=	desc=SQL dialect
gdal vector rasterize	nodata			real	req=0	pos=0	in=1	out=0	cnt=0..1	def=	choices=	min=	max=	ds=	dsin=0	dsout=0	mx=	md=	deps=	hid=0/0/0	cat=Base	meta=	desc=Assign a specified nodata value to output bands
gdal vector rasterize	init			real_list	req=0	pos=0	in=1	out=0	cnt=0..-1	def=	choices=	min=	max=	ds=	dsin=0	dsout=0	mx=	md=	deps=	hid=0/0/0	cat=Base	meta=	desc=Pre-initialize output bands with specified value
gdal vector rasterize	crs			string	req=0	pos=0	in=1	out=0	cnt=0..1	def=	choices=	min=	max=	ds=	dsin=0	dsout=0	mx=	md=	deps=	hid=0/0/0	cat=Base	meta=	desc=Override the projection for the output file
gdal vector rasterize	transformer-option			string_list	req=0	pos=0	in=1	out=0	cnt=0..-1	def=	choices=	min=	max=	ds=	dsin=0	dsout=0	mx=	md=	deps=	hid=0/0/0	cat=Base	meta=	desc=Set a transformer option suitable to pass to GDALCreateGenImgProjTransformer2
gdal vector rasterize	extent			real_list	req=0	pos=0	in=1	out=0	cnt=4..4	def=	choices=	min=	max=	ds=	dsin=0	dsout=0	mx=	md=	deps=	hid=0/0/0	cat=Base	meta=	desc=Set the target georeferenced extent
gdal vector rasterize	resolution			real_list	req=0	pos=0	in=1	out=0	cnt=2..2	def=	choices=	min=	max=	ds=	dsin=0	dsout=0	mx=size-or-resolution	md=	deps=	hid=0/0/0	cat=Base	meta=	desc=Set the target resolution
gdal vector rasterize	target-aligned-pixels		tap	boolean	req=0	pos=0	in=1	out=0	cnt=0..1	def=	choices=	min=	max=	ds=	dsin=0	dsout=0	mx=	md=	deps=resolution	hid=0/0/0	cat=Base	meta=	desc=(target aligned pixels) Align the coordinates of the extent of the output file to the values of the resolution
gdal vector rasterize	size			integer_list	req=0	pos=0	in=1	out=0	cnt=2..2	def=	choices=	min=	max=	ds=	dsin=0	dsout=0	mx=size-or-resolution	md=	deps=	hid=0/0/0	cat=Base	meta=	desc=Set the target size in pixels and lines
gdal vector rasterize	output-data-type		ot|datatype	string	req=0	pos=0	in=1	out=0	cnt=0..1	def=	choices=UInt8|Int8|UInt16|Int16|UInt32|Int32|UInt64|Int64|CInt16|CInt32|Float16|Float32|Float64|CFloat32|CFloat64	min=	max=	ds=	dsin=0	dsout=0	mx=	md=	deps=	hid=0/0/0	cat=Base	meta=type=GDALDataType;	desc=Output data type
gdal vector rasterize	optimization			string	req=0	pos=0	in=1	out=0	cnt=0..1	def=AUTO	choices=AUTO|RASTER|VECTOR	min=	max=	ds=	dsin=0	dsout=0	mx=	md=	deps=	hid=0/0/0	cat=Base	meta=	desc=Force the algorithm used (results are identical)
gdal vector rasterize	add			boolean	req=0	pos=0	in=1	out=0	cnt=0..1	def=false	choices=	min=	max=	ds=	dsin=0	dsout=0	mx=	md=	deps=	hid=0/0/0	cat=Base	meta=	desc=Add to existing raster
gdal vector rasterize	update			boolean	req=0	pos=0	in=1	out=0	cnt=0..1	def=false	choices=	min=	max=	ds=	dsin=0	dsout=0	mx=	md=	deps=	hid=0/0/0	cat=Base	meta=	desc=Whether to open existing dataset in update mode
gdal vector rename-layer	help	h		boolean	req=0	pos=0	in=1	out=0	cnt=0..1	def=	choices=	min=	max=	ds=	dsin=0	dsout=0	mx=	md=	deps=	hid=0/0/1	cat=Common	meta=	desc=Display help message and exit
gdal vector rename-layer	help-doc			boolean	req=0	pos=0	in=1	out=0	cnt=0..1	def=	choices=	min=	max=	ds=	dsin=0	dsout=0	mx=	md=	deps=	hid=1/1/1	cat=Base	meta=	desc=Display help message for use by documentation
gdal vector rename-layer	json-usage			boolean	req=0	pos=0	in=1	out=0	cnt=0..1	def=	choices=	min=	max=	ds=	dsin=0	dsout=0	mx=	md=	deps=	hid=0/0/1	cat=Common	meta=	desc=Display usage as JSON document and exit
gdal vector rename-layer	config			string_list	req=0	pos=0	in=1	out=0	cnt=0..-1	def=	choices=	min=	max=	ds=	dsin=0	dsout=0	mx=	md=	deps=	hid=0/0/1	cat=Common	meta=	desc=Configuration option
gdal vector rename-layer	input-format		if	string_list	req=0	pos=0	in=1	out=0	cnt=0..-1	def=	choices=	min=	max=	ds=	dsin=0	dsout=0	mx=	md=	deps=	hid=0/0/0	cat=Advanced	meta=required_capabilities=DCAP_VECTOR;	desc=Input formats
gdal vector rename-layer	open-option		oo	string_list	req=0	pos=0	in=1	out=0	cnt=0..-1	def=	choices=	min=	max=	ds=	dsin=0	dsout=0	mx=	md=	deps=	hid=0/0/0	cat=Advanced	meta=	desc=Open options
gdal vector rename-layer	input	i		dataset_list	req=1	pos=1	in=1	out=0	cnt=1..1	def=	choices=	min=	max=	ds=vector	dsin=3	dsout=2	mx=	md=	deps=	hid=0/0/0	cat=Base	meta=	desc=Input vector datasets
gdal vector rename-layer	quiet	q		boolean	req=0	pos=0	in=1	out=0	cnt=0..1	def=	choices=	min=	max=	ds=	dsin=0	dsout=0	mx=	md=	deps=	hid=0/0/0	cat=Common	meta=	desc=Quiet mode (no progress bar or warning message)
gdal vector rename-layer	progress			boolean	req=0	pos=0	in=1	out=0	cnt=0..1	def=	choices=	min=	max=	ds=	dsin=0	dsout=0	mx=	md=	deps=	hid=1/1/1	cat=Base	meta=	desc=Display progress bar
gdal vector rename-layer	output-format	f	of|format	string	req=0	pos=0	in=1	out=0	cnt=0..1	def=	choices=	min=	max=	ds=	dsin=0	dsout=0	mx=	md=	deps=	hid=0/0/0	cat=Base	meta=required_capabilities=DCAP_VECTOR,DCAP_CREATE;	desc=Output format ("GDALG" allowed)
gdal vector rename-layer	output-open-option		output-oo	string_list	req=0	pos=0	in=1	out=0	cnt=0..-1	def=	choices=	min=	max=	ds=	dsin=0	dsout=0	mx=	md=	deps=	hid=0/0/0	cat=Advanced	meta=	desc=Output open options
gdal vector rename-layer	output	o		dataset	req=1	pos=1	in=1	out=1	cnt=0..1	def=	choices=	min=	max=	ds=vector	dsin=3	dsout=2	mx=	md=	deps=	hid=0/0/0	cat=Base	meta=	desc=Output vector dataset
gdal vector rename-layer	creation-option		co	string_list	req=0	pos=0	in=1	out=0	cnt=0..-1	def=	choices=	min=	max=	ds=	dsin=0	dsout=0	mx=	md=	deps=	hid=0/0/0	cat=Base	meta=	desc=Creation option
gdal vector rename-layer	layer-creation-option		lco	string_list	req=0	pos=0	in=1	out=0	cnt=0..-1	def=	choices=	min=	max=	ds=	dsin=0	dsout=0	mx=	md=	deps=	hid=0/0/0	cat=Base	meta=	desc=Layer creation option
gdal vector rename-layer	overwrite			boolean	req=0	pos=0	in=1	out=0	cnt=0..1	def=false	choices=	min=	max=	ds=	dsin=0	dsout=0	mx=	md=	deps=	hid=0/0/0	cat=Base	meta=	desc=Whether overwriting existing output dataset is allowed
gdal vector rename-layer	update			boolean	req=0	pos=0	in=1	out=0	cnt=0..1	def=false	choices=	min=	max=	ds=	dsin=0	dsout=0	mx=	md=	deps=	hid=0/0/0	cat=Base	meta=	desc=Whether to open existing dataset in update mode
gdal vector rename-layer	overwrite-layer			boolean	req=0	pos=0	in=1	out=0	cnt=0..1	def=false	choices=	min=	max=	ds=	dsin=0	dsout=0	mx=	md=	deps=	hid=0/0/0	cat=Base	meta=	desc=Whether overwriting existing output layer is allowed
gdal vector rename-layer	append			boolean	req=0	pos=0	in=1	out=0	cnt=0..1	def=false	choices=	min=	max=	ds=	dsin=0	dsout=0	mx=append-upsert	md=	deps=	hid=0/0/0	cat=Base	meta=	desc=Whether appending to existing layer is allowed
gdal vector rename-layer	upsert			boolean	req=0	pos=0	in=1	out=0	cnt=0..1	def=	choices=	min=	max=	ds=	dsin=0	dsout=0	mx=append-upsert	md=	deps=	hid=0/0/0	cat=Advanced	meta=	desc=Upsert features (implies 'append')
gdal vector rename-layer	output-layer			string	req=0	pos=0	in=1	out=0	cnt=0..1	def=	choices=	min=	max=	ds=	dsin=0	dsout=0	mx=	md=	deps=	hid=0/0/0	cat=Base	meta=	desc=Output layer name
gdal vector rename-layer	skip-errors			boolean	req=0	pos=0	in=1	out=0	cnt=0..1	def=	choices=	min=	max=	ds=	dsin=0	dsout=0	mx=	md=	deps=	hid=0/0/0	cat=Base	meta=	desc=Skip errors when writing features
gdal vector rename-layer	input-layer	l		string	req=0	pos=0	in=1	out=0	cnt=0..1	def=	choices=	min=	max=	ds=	dsin=0	dsout=0	mx=	md=	deps=	hid=0/0/0	cat=Base	meta=	desc=Input layer name
gdal vector rename-layer	ascii			boolean	req=0	pos=0	in=1	out=0	cnt=0..1	def=	choices=	min=	max=	ds=	dsin=0	dsout=0	mx=	md=	deps=	hid=0/0/0	cat=Base	meta=	desc=Force names to ASCII character
gdal vector rename-layer	lower-case			boolean	req=0	pos=0	in=1	out=0	cnt=0..1	def=	choices=	min=	max=	ds=	dsin=0	dsout=0	mx=	md=	deps=	hid=0/0/0	cat=Base	meta=	desc=Force names to lower case (only on ASCII characters)
gdal vector rename-layer	filename-compatible			boolean	req=0	pos=0	in=1	out=0	cnt=0..1	def=	choices=	min=	max=	ds=	dsin=0	dsout=0	mx=	md=	deps=	hid=0/0/0	cat=Base	meta=	desc=Force names to be usable as filenames
gdal vector rename-layer	reserved-characters			string	req=0	pos=0	in=1	out=0	cnt=0..1	def=	choices=	min=	max=	ds=	dsin=0	dsout=0	mx=	md=	deps=	hid=0/0/0	cat=Base	meta=	desc=Reserved character(s) to be removed
gdal vector rename-layer	replacement-character			string	req=0	pos=0	in=1	out=0	cnt=0..1	def=	choices=	min=	max=	ds=	dsin=0	dsout=0	mx=	md=	deps=	hid=0/0/0	cat=Base	meta=	desc=Replacement character when ASCII conversion not possible
gdal vector rename-layer	max-length			integer	req=0	pos=0	in=1	out=0	cnt=0..1	def=	choices=	min=[1	max=	ds=	dsin=0	dsout=0	mx=	md=	deps=	hid=0/0/0	cat=Base	meta=	desc=Maximum length of layer names
gdal vector reproject	help	h		boolean	req=0	pos=0	in=1	out=0	cnt=0..1	def=	choices=	min=	max=	ds=	dsin=0	dsout=0	mx=	md=	deps=	hid=0/0/1	cat=Common	meta=	desc=Display help message and exit
gdal vector reproject	help-doc			boolean	req=0	pos=0	in=1	out=0	cnt=0..1	def=	choices=	min=	max=	ds=	dsin=0	dsout=0	mx=	md=	deps=	hid=1/1/1	cat=Base	meta=	desc=Display help message for use by documentation
gdal vector reproject	json-usage			boolean	req=0	pos=0	in=1	out=0	cnt=0..1	def=	choices=	min=	max=	ds=	dsin=0	dsout=0	mx=	md=	deps=	hid=0/0/1	cat=Common	meta=	desc=Display usage as JSON document and exit
gdal vector reproject	config			string_list	req=0	pos=0	in=1	out=0	cnt=0..-1	def=	choices=	min=	max=	ds=	dsin=0	dsout=0	mx=	md=	deps=	hid=0/0/1	cat=Common	meta=	desc=Configuration option
gdal vector reproject	input-format		if	string_list	req=0	pos=0	in=1	out=0	cnt=0..-1	def=	choices=	min=	max=	ds=	dsin=0	dsout=0	mx=	md=	deps=	hid=0/0/0	cat=Advanced	meta=required_capabilities=DCAP_VECTOR;	desc=Input formats
gdal vector reproject	open-option		oo	string_list	req=0	pos=0	in=1	out=0	cnt=0..-1	def=	choices=	min=	max=	ds=	dsin=0	dsout=0	mx=	md=	deps=	hid=0/0/0	cat=Advanced	meta=	desc=Open options
gdal vector reproject	input	i		dataset_list	req=1	pos=1	in=1	out=0	cnt=1..1	def=	choices=	min=	max=	ds=vector	dsin=3	dsout=2	mx=	md=	deps=	hid=0/0/0	cat=Base	meta=	desc=Input vector datasets
gdal vector reproject	input-layer	l	layer	string_list	req=0	pos=0	in=1	out=0	cnt=0..-1	def=	choices=	min=	max=	ds=	dsin=0	dsout=0	mx=	md=	deps=	hid=0/0/0	cat=Base	meta=	desc=Input layer name(s)
gdal vector reproject	quiet	q		boolean	req=0	pos=0	in=1	out=0	cnt=0..1	def=	choices=	min=	max=	ds=	dsin=0	dsout=0	mx=	md=	deps=	hid=0/0/0	cat=Common	meta=	desc=Quiet mode (no progress bar or warning message)
gdal vector reproject	progress			boolean	req=0	pos=0	in=1	out=0	cnt=0..1	def=	choices=	min=	max=	ds=	dsin=0	dsout=0	mx=	md=	deps=	hid=1/1/1	cat=Base	meta=	desc=Display progress bar
gdal vector reproject	output-format	f	of|format	string	req=0	pos=0	in=1	out=0	cnt=0..1	def=	choices=	min=	max=	ds=	dsin=0	dsout=0	mx=	md=	deps=	hid=0/0/0	cat=Base	meta=required_capabilities=DCAP_VECTOR,DCAP_CREATE;	desc=Output format ("GDALG" allowed)
gdal vector reproject	output-open-option		output-oo	string_list	req=0	pos=0	in=1	out=0	cnt=0..-1	def=	choices=	min=	max=	ds=	dsin=0	dsout=0	mx=	md=	deps=	hid=0/0/0	cat=Advanced	meta=	desc=Output open options
gdal vector reproject	output	o		dataset	req=1	pos=1	in=1	out=1	cnt=0..1	def=	choices=	min=	max=	ds=vector	dsin=3	dsout=2	mx=	md=	deps=	hid=0/0/0	cat=Base	meta=	desc=Output vector dataset
gdal vector reproject	creation-option		co	string_list	req=0	pos=0	in=1	out=0	cnt=0..-1	def=	choices=	min=	max=	ds=	dsin=0	dsout=0	mx=	md=	deps=	hid=0/0/0	cat=Base	meta=	desc=Creation option
gdal vector reproject	layer-creation-option		lco	string_list	req=0	pos=0	in=1	out=0	cnt=0..-1	def=	choices=	min=	max=	ds=	dsin=0	dsout=0	mx=	md=	deps=	hid=0/0/0	cat=Base	meta=	desc=Layer creation option
gdal vector reproject	overwrite			boolean	req=0	pos=0	in=1	out=0	cnt=0..1	def=false	choices=	min=	max=	ds=	dsin=0	dsout=0	mx=	md=	deps=	hid=0/0/0	cat=Base	meta=	desc=Whether overwriting existing output dataset is allowed
gdal vector reproject	update			boolean	req=0	pos=0	in=1	out=0	cnt=0..1	def=false	choices=	min=	max=	ds=	dsin=0	dsout=0	mx=	md=	deps=	hid=0/0/0	cat=Base	meta=	desc=Whether to open existing dataset in update mode
gdal vector reproject	overwrite-layer			boolean	req=0	pos=0	in=1	out=0	cnt=0..1	def=false	choices=	min=	max=	ds=	dsin=0	dsout=0	mx=	md=	deps=	hid=0/0/0	cat=Base	meta=	desc=Whether overwriting existing output layer is allowed
gdal vector reproject	append			boolean	req=0	pos=0	in=1	out=0	cnt=0..1	def=false	choices=	min=	max=	ds=	dsin=0	dsout=0	mx=append-upsert	md=	deps=	hid=0/0/0	cat=Base	meta=	desc=Whether appending to existing layer is allowed
gdal vector reproject	upsert			boolean	req=0	pos=0	in=1	out=0	cnt=0..1	def=	choices=	min=	max=	ds=	dsin=0	dsout=0	mx=append-upsert	md=	deps=	hid=0/0/0	cat=Advanced	meta=	desc=Upsert features (implies 'append')
gdal vector reproject	output-layer			string	req=0	pos=0	in=1	out=0	cnt=0..1	def=	choices=	min=	max=	ds=	dsin=0	dsout=0	mx=	md=	deps=	hid=0/0/0	cat=Base	meta=	desc=Output layer name
gdal vector reproject	skip-errors			boolean	req=0	pos=0	in=1	out=0	cnt=0..1	def=	choices=	min=	max=	ds=	dsin=0	dsout=0	mx=	md=	deps=	hid=0/0/0	cat=Base	meta=	desc=Skip errors when writing features
gdal vector reproject	active-layer			string	req=0	pos=0	in=1	out=0	cnt=0..1	def=	choices=	min=	max=	ds=	dsin=0	dsout=0	mx=	md=	deps=	hid=0/0/0	cat=Base	meta=	desc=Set active layer (if not specified, all)
gdal vector reproject	input-crs	s		string	req=0	pos=0	in=1	out=0	cnt=0..1	def=	choices=	min=	max=	ds=	dsin=0	dsout=0	mx=	md=	deps=	hid=0/0/0	cat=Base	meta=	desc=Input CRS
gdal vector reproject	output-crs	d		string	req=1	pos=0	in=1	out=0	cnt=0..1	def=	choices=	min=	max=	ds=	dsin=0	dsout=0	mx=	md=	deps=	hid=0/0/0	cat=Base	meta=	desc=Output CRS
gdal vector segmentize	help	h		boolean	req=0	pos=0	in=1	out=0	cnt=0..1	def=	choices=	min=	max=	ds=	dsin=0	dsout=0	mx=	md=	deps=	hid=0/0/1	cat=Common	meta=	desc=Display help message and exit
gdal vector segmentize	help-doc			boolean	req=0	pos=0	in=1	out=0	cnt=0..1	def=	choices=	min=	max=	ds=	dsin=0	dsout=0	mx=	md=	deps=	hid=1/1/1	cat=Base	meta=	desc=Display help message for use by documentation
gdal vector segmentize	json-usage			boolean	req=0	pos=0	in=1	out=0	cnt=0..1	def=	choices=	min=	max=	ds=	dsin=0	dsout=0	mx=	md=	deps=	hid=0/0/1	cat=Common	meta=	desc=Display usage as JSON document and exit
gdal vector segmentize	config			string_list	req=0	pos=0	in=1	out=0	cnt=0..-1	def=	choices=	min=	max=	ds=	dsin=0	dsout=0	mx=	md=	deps=	hid=0/0/1	cat=Common	meta=	desc=Configuration option
gdal vector segmentize	input-format		if	string_list	req=0	pos=0	in=1	out=0	cnt=0..-1	def=	choices=	min=	max=	ds=	dsin=0	dsout=0	mx=	md=	deps=	hid=0/0/0	cat=Advanced	meta=required_capabilities=DCAP_VECTOR;	desc=Input formats
gdal vector segmentize	open-option		oo	string_list	req=0	pos=0	in=1	out=0	cnt=0..-1	def=	choices=	min=	max=	ds=	dsin=0	dsout=0	mx=	md=	deps=	hid=0/0/0	cat=Advanced	meta=	desc=Open options
gdal vector segmentize	input	i		dataset_list	req=1	pos=1	in=1	out=0	cnt=1..1	def=	choices=	min=	max=	ds=vector	dsin=3	dsout=2	mx=	md=	deps=	hid=0/0/0	cat=Base	meta=	desc=Input vector datasets
gdal vector segmentize	input-layer	l	layer	string_list	req=0	pos=0	in=1	out=0	cnt=0..-1	def=	choices=	min=	max=	ds=	dsin=0	dsout=0	mx=	md=	deps=	hid=0/0/0	cat=Base	meta=	desc=Input layer name(s)
gdal vector segmentize	quiet	q		boolean	req=0	pos=0	in=1	out=0	cnt=0..1	def=	choices=	min=	max=	ds=	dsin=0	dsout=0	mx=	md=	deps=	hid=0/0/0	cat=Common	meta=	desc=Quiet mode (no progress bar or warning message)
gdal vector segmentize	progress			boolean	req=0	pos=0	in=1	out=0	cnt=0..1	def=	choices=	min=	max=	ds=	dsin=0	dsout=0	mx=	md=	deps=	hid=1/1/1	cat=Base	meta=	desc=Display progress bar
gdal vector segmentize	output-format	f	of|format	string	req=0	pos=0	in=1	out=0	cnt=0..1	def=	choices=	min=	max=	ds=	dsin=0	dsout=0	mx=	md=	deps=	hid=0/0/0	cat=Base	meta=required_capabilities=DCAP_VECTOR,DCAP_CREATE;	desc=Output format ("GDALG" allowed)
gdal vector segmentize	output-open-option		output-oo	string_list	req=0	pos=0	in=1	out=0	cnt=0..-1	def=	choices=	min=	max=	ds=	dsin=0	dsout=0	mx=	md=	deps=	hid=0/0/0	cat=Advanced	meta=	desc=Output open options
gdal vector segmentize	output	o		dataset	req=1	pos=1	in=1	out=1	cnt=0..1	def=	choices=	min=	max=	ds=vector	dsin=3	dsout=2	mx=	md=	deps=	hid=0/0/0	cat=Base	meta=	desc=Output vector dataset
gdal vector segmentize	creation-option		co	string_list	req=0	pos=0	in=1	out=0	cnt=0..-1	def=	choices=	min=	max=	ds=	dsin=0	dsout=0	mx=	md=	deps=	hid=0/0/0	cat=Base	meta=	desc=Creation option
gdal vector segmentize	layer-creation-option		lco	string_list	req=0	pos=0	in=1	out=0	cnt=0..-1	def=	choices=	min=	max=	ds=	dsin=0	dsout=0	mx=	md=	deps=	hid=0/0/0	cat=Base	meta=	desc=Layer creation option
gdal vector segmentize	overwrite			boolean	req=0	pos=0	in=1	out=0	cnt=0..1	def=false	choices=	min=	max=	ds=	dsin=0	dsout=0	mx=	md=	deps=	hid=0/0/0	cat=Base	meta=	desc=Whether overwriting existing output dataset is allowed
gdal vector segmentize	update			boolean	req=0	pos=0	in=1	out=0	cnt=0..1	def=false	choices=	min=	max=	ds=	dsin=0	dsout=0	mx=	md=	deps=	hid=0/0/0	cat=Base	meta=	desc=Whether to open existing dataset in update mode
gdal vector segmentize	overwrite-layer			boolean	req=0	pos=0	in=1	out=0	cnt=0..1	def=false	choices=	min=	max=	ds=	dsin=0	dsout=0	mx=	md=	deps=	hid=0/0/0	cat=Base	meta=	desc=Whether overwriting existing output layer is allowed
gdal vector segmentize	append			boolean	req=0	pos=0	in=1	out=0	cnt=0..1	def=false	choices=	min=	max=	ds=	dsin=0	dsout=0	mx=append-upsert	md=	deps=	hid=0/0/0	cat=Base	meta=	desc=Whether appending to existing layer is allowed
gdal vector segmentize	upsert			boolean	req=0	pos=0	in=1	out=0	cnt=0..1	def=	choices=	min=	max=	ds=	dsin=0	dsout=0	mx=append-upsert	md=	deps=	hid=0/0/0	cat=Advanced	meta=	desc=Upsert features (implies 'append')
gdal vector segmentize	output-layer			string	req=0	pos=0	in=1	out=0	cnt=0..1	def=	choices=	min=	max=	ds=	dsin=0	dsout=0	mx=	md=	deps=	hid=0/0/0	cat=Base	meta=	desc=Output layer name
gdal vector segmentize	skip-errors			boolean	req=0	pos=0	in=1	out=0	cnt=0..1	def=	choices=	min=	max=	ds=	dsin=0	dsout=0	mx=	md=	deps=	hid=0/0/0	cat=Base	meta=	desc=Skip errors when writing features
gdal vector segmentize	active-layer			string	req=0	pos=0	in=1	out=0	cnt=0..1	def=	choices=	min=	max=	ds=	dsin=0	dsout=0	mx=	md=	deps=	hid=0/0/0	cat=Base	meta=	desc=Set active layer (if not specified, all)
gdal vector segmentize	active-geometry			string	req=0	pos=0	in=1	out=0	cnt=0..1	def=	choices=	min=	max=	ds=	dsin=0	dsout=0	mx=	md=	deps=	hid=0/0/0	cat=Base	meta=	desc=Geometry field name to which to restrict the processing (if not specified, all)
gdal vector segmentize	max-length			real	req=1	pos=1	in=1	out=0	cnt=0..1	def=	choices=	min=(0	max=	ds=	dsin=0	dsout=0	mx=	md=	deps=	hid=0/0/0	cat=Base	meta=	desc=Maximum length of a segment
gdal vector select	help	h		boolean	req=0	pos=0	in=1	out=0	cnt=0..1	def=	choices=	min=	max=	ds=	dsin=0	dsout=0	mx=	md=	deps=	hid=0/0/1	cat=Common	meta=	desc=Display help message and exit
gdal vector select	help-doc			boolean	req=0	pos=0	in=1	out=0	cnt=0..1	def=	choices=	min=	max=	ds=	dsin=0	dsout=0	mx=	md=	deps=	hid=1/1/1	cat=Base	meta=	desc=Display help message for use by documentation
gdal vector select	json-usage			boolean	req=0	pos=0	in=1	out=0	cnt=0..1	def=	choices=	min=	max=	ds=	dsin=0	dsout=0	mx=	md=	deps=	hid=0/0/1	cat=Common	meta=	desc=Display usage as JSON document and exit
gdal vector select	config			string_list	req=0	pos=0	in=1	out=0	cnt=0..-1	def=	choices=	min=	max=	ds=	dsin=0	dsout=0	mx=	md=	deps=	hid=0/0/1	cat=Common	meta=	desc=Configuration option
gdal vector select	input-format		if	string_list	req=0	pos=0	in=1	out=0	cnt=0..-1	def=	choices=	min=	max=	ds=	dsin=0	dsout=0	mx=	md=	deps=	hid=0/0/0	cat=Advanced	meta=required_capabilities=DCAP_VECTOR;	desc=Input formats
gdal vector select	open-option		oo	string_list	req=0	pos=0	in=1	out=0	cnt=0..-1	def=	choices=	min=	max=	ds=	dsin=0	dsout=0	mx=	md=	deps=	hid=0/0/0	cat=Advanced	meta=	desc=Open options
gdal vector select	input	i		dataset_list	req=1	pos=1	in=1	out=0	cnt=1..1	def=	choices=	min=	max=	ds=vector	dsin=3	dsout=2	mx=	md=	deps=	hid=0/0/0	cat=Base	meta=	desc=Input vector datasets
gdal vector select	input-layer	l	layer	string_list	req=0	pos=0	in=1	out=0	cnt=0..-1	def=	choices=	min=	max=	ds=	dsin=0	dsout=0	mx=	md=	deps=	hid=0/0/0	cat=Base	meta=	desc=Input layer name(s)
gdal vector select	quiet	q		boolean	req=0	pos=0	in=1	out=0	cnt=0..1	def=	choices=	min=	max=	ds=	dsin=0	dsout=0	mx=	md=	deps=	hid=0/0/0	cat=Common	meta=	desc=Quiet mode (no progress bar or warning message)
gdal vector select	progress			boolean	req=0	pos=0	in=1	out=0	cnt=0..1	def=	choices=	min=	max=	ds=	dsin=0	dsout=0	mx=	md=	deps=	hid=1/1/1	cat=Base	meta=	desc=Display progress bar
gdal vector select	output-format	f	of|format	string	req=0	pos=0	in=1	out=0	cnt=0..1	def=	choices=	min=	max=	ds=	dsin=0	dsout=0	mx=	md=	deps=	hid=0/0/0	cat=Base	meta=required_capabilities=DCAP_VECTOR,DCAP_CREATE;	desc=Output format ("GDALG" allowed)
gdal vector select	output-open-option		output-oo	string_list	req=0	pos=0	in=1	out=0	cnt=0..-1	def=	choices=	min=	max=	ds=	dsin=0	dsout=0	mx=	md=	deps=	hid=0/0/0	cat=Advanced	meta=	desc=Output open options
gdal vector select	output	o		dataset	req=1	pos=1	in=1	out=1	cnt=0..1	def=	choices=	min=	max=	ds=vector	dsin=3	dsout=2	mx=	md=	deps=	hid=0/0/0	cat=Base	meta=	desc=Output vector dataset
gdal vector select	creation-option		co	string_list	req=0	pos=0	in=1	out=0	cnt=0..-1	def=	choices=	min=	max=	ds=	dsin=0	dsout=0	mx=	md=	deps=	hid=0/0/0	cat=Base	meta=	desc=Creation option
gdal vector select	layer-creation-option		lco	string_list	req=0	pos=0	in=1	out=0	cnt=0..-1	def=	choices=	min=	max=	ds=	dsin=0	dsout=0	mx=	md=	deps=	hid=0/0/0	cat=Base	meta=	desc=Layer creation option
gdal vector select	overwrite			boolean	req=0	pos=0	in=1	out=0	cnt=0..1	def=false	choices=	min=	max=	ds=	dsin=0	dsout=0	mx=	md=	deps=	hid=0/0/0	cat=Base	meta=	desc=Whether overwriting existing output dataset is allowed
gdal vector select	update			boolean	req=0	pos=0	in=1	out=0	cnt=0..1	def=false	choices=	min=	max=	ds=	dsin=0	dsout=0	mx=	md=	deps=	hid=0/0/0	cat=Base	meta=	desc=Whether to open existing dataset in update mode
gdal vector select	overwrite-layer			boolean	req=0	pos=0	in=1	out=0	cnt=0..1	def=false	choices=	min=	max=	ds=	dsin=0	dsout=0	mx=	md=	deps=	hid=0/0/0	cat=Base	meta=	desc=Whether overwriting existing output layer is allowed
gdal vector select	append			boolean	req=0	pos=0	in=1	out=0	cnt=0..1	def=false	choices=	min=	max=	ds=	dsin=0	dsout=0	mx=append-upsert	md=	deps=	hid=0/0/0	cat=Base	meta=	desc=Whether appending to existing layer is allowed
gdal vector select	upsert			boolean	req=0	pos=0	in=1	out=0	cnt=0..1	def=	choices=	min=	max=	ds=	dsin=0	dsout=0	mx=append-upsert	md=	deps=	hid=0/0/0	cat=Advanced	meta=	desc=Upsert features (implies 'append')
gdal vector select	output-layer			string	req=0	pos=0	in=1	out=0	cnt=0..1	def=	choices=	min=	max=	ds=	dsin=0	dsout=0	mx=	md=	deps=	hid=0/0/0	cat=Base	meta=	desc=Output layer name
gdal vector select	skip-errors			boolean	req=0	pos=0	in=1	out=0	cnt=0..1	def=	choices=	min=	max=	ds=	dsin=0	dsout=0	mx=	md=	deps=	hid=0/0/0	cat=Base	meta=	desc=Skip errors when writing features
gdal vector select	active-layer			string	req=0	pos=0	in=1	out=0	cnt=0..1	def=	choices=	min=	max=	ds=	dsin=0	dsout=0	mx=	md=	deps=	hid=0/0/0	cat=Base	meta=	desc=Set active layer (if not specified, all)
gdal vector select	fields			string_list	req=1	pos=1	in=1	out=0	cnt=0..-1	def=	choices=	min=	max=	ds=	dsin=0	dsout=0	mx=	md=	deps=	hid=0/0/0	cat=Base	meta=	desc=Fields to select (or exclude if --exclude)
gdal vector select	exclude			boolean	req=0	pos=0	in=1	out=0	cnt=0..1	def=	choices=	min=	max=	ds=	dsin=0	dsout=0	mx=exclude-ignore	md=	deps=	hid=0/0/0	cat=Base	meta=	desc=Exclude specified fields
gdal vector select	ignore-missing-fields			boolean	req=0	pos=0	in=1	out=0	cnt=0..1	def=	choices=	min=	max=	ds=	dsin=0	dsout=0	mx=exclude-ignore	md=	deps=	hid=0/0/0	cat=Base	meta=	desc=Ignore missing fields
gdal vector set-field-type	help	h		boolean	req=0	pos=0	in=1	out=0	cnt=0..1	def=	choices=	min=	max=	ds=	dsin=0	dsout=0	mx=	md=	deps=	hid=0/0/1	cat=Common	meta=	desc=Display help message and exit
gdal vector set-field-type	help-doc			boolean	req=0	pos=0	in=1	out=0	cnt=0..1	def=	choices=	min=	max=	ds=	dsin=0	dsout=0	mx=	md=	deps=	hid=1/1/1	cat=Base	meta=	desc=Display help message for use by documentation
gdal vector set-field-type	json-usage			boolean	req=0	pos=0	in=1	out=0	cnt=0..1	def=	choices=	min=	max=	ds=	dsin=0	dsout=0	mx=	md=	deps=	hid=0/0/1	cat=Common	meta=	desc=Display usage as JSON document and exit
gdal vector set-field-type	config			string_list	req=0	pos=0	in=1	out=0	cnt=0..-1	def=	choices=	min=	max=	ds=	dsin=0	dsout=0	mx=	md=	deps=	hid=0/0/1	cat=Common	meta=	desc=Configuration option
gdal vector set-field-type	input-format		if	string_list	req=0	pos=0	in=1	out=0	cnt=0..-1	def=	choices=	min=	max=	ds=	dsin=0	dsout=0	mx=	md=	deps=	hid=0/0/0	cat=Advanced	meta=required_capabilities=DCAP_VECTOR;	desc=Input formats
gdal vector set-field-type	open-option		oo	string_list	req=0	pos=0	in=1	out=0	cnt=0..-1	def=	choices=	min=	max=	ds=	dsin=0	dsout=0	mx=	md=	deps=	hid=0/0/0	cat=Advanced	meta=	desc=Open options
gdal vector set-field-type	input	i		dataset_list	req=1	pos=1	in=1	out=0	cnt=1..1	def=	choices=	min=	max=	ds=vector	dsin=3	dsout=2	mx=	md=	deps=	hid=0/0/0	cat=Base	meta=	desc=Input vector datasets
gdal vector set-field-type	input-layer	l	layer	string_list	req=0	pos=0	in=1	out=0	cnt=0..-1	def=	choices=	min=	max=	ds=	dsin=0	dsout=0	mx=	md=	deps=	hid=0/0/0	cat=Base	meta=	desc=Input layer name(s)
gdal vector set-field-type	quiet	q		boolean	req=0	pos=0	in=1	out=0	cnt=0..1	def=	choices=	min=	max=	ds=	dsin=0	dsout=0	mx=	md=	deps=	hid=0/0/0	cat=Common	meta=	desc=Quiet mode (no progress bar or warning message)
gdal vector set-field-type	progress			boolean	req=0	pos=0	in=1	out=0	cnt=0..1	def=	choices=	min=	max=	ds=	dsin=0	dsout=0	mx=	md=	deps=	hid=1/1/1	cat=Base	meta=	desc=Display progress bar
gdal vector set-field-type	output-format	f	of|format	string	req=0	pos=0	in=1	out=0	cnt=0..1	def=	choices=	min=	max=	ds=	dsin=0	dsout=0	mx=	md=	deps=	hid=0/0/0	cat=Base	meta=required_capabilities=DCAP_VECTOR,DCAP_CREATE;	desc=Output format ("GDALG" allowed)
gdal vector set-field-type	output-open-option		output-oo	string_list	req=0	pos=0	in=1	out=0	cnt=0..-1	def=	choices=	min=	max=	ds=	dsin=0	dsout=0	mx=	md=	deps=	hid=0/0/0	cat=Advanced	meta=	desc=Output open options
gdal vector set-field-type	output	o		dataset	req=1	pos=1	in=1	out=1	cnt=0..1	def=	choices=	min=	max=	ds=vector	dsin=3	dsout=2	mx=	md=	deps=	hid=0/0/0	cat=Base	meta=	desc=Output vector dataset
gdal vector set-field-type	creation-option		co	string_list	req=0	pos=0	in=1	out=0	cnt=0..-1	def=	choices=	min=	max=	ds=	dsin=0	dsout=0	mx=	md=	deps=	hid=0/0/0	cat=Base	meta=	desc=Creation option
gdal vector set-field-type	layer-creation-option		lco	string_list	req=0	pos=0	in=1	out=0	cnt=0..-1	def=	choices=	min=	max=	ds=	dsin=0	dsout=0	mx=	md=	deps=	hid=0/0/0	cat=Base	meta=	desc=Layer creation option
gdal vector set-field-type	overwrite			boolean	req=0	pos=0	in=1	out=0	cnt=0..1	def=false	choices=	min=	max=	ds=	dsin=0	dsout=0	mx=	md=	deps=	hid=0/0/0	cat=Base	meta=	desc=Whether overwriting existing output dataset is allowed
gdal vector set-field-type	update			boolean	req=0	pos=0	in=1	out=0	cnt=0..1	def=false	choices=	min=	max=	ds=	dsin=0	dsout=0	mx=	md=	deps=	hid=0/0/0	cat=Base	meta=	desc=Whether to open existing dataset in update mode
gdal vector set-field-type	overwrite-layer			boolean	req=0	pos=0	in=1	out=0	cnt=0..1	def=false	choices=	min=	max=	ds=	dsin=0	dsout=0	mx=	md=	deps=	hid=0/0/0	cat=Base	meta=	desc=Whether overwriting existing output layer is allowed
gdal vector set-field-type	append			boolean	req=0	pos=0	in=1	out=0	cnt=0..1	def=false	choices=	min=	max=	ds=	dsin=0	dsout=0	mx=append-upsert	md=	deps=	hid=0/0/0	cat=Base	meta=	desc=Whether appending to existing layer is allowed
gdal vector set-field-type	upsert			boolean	req=0	pos=0	in=1	out=0	cnt=0..1	def=	choices=	min=	max=	ds=	dsin=0	dsout=0	mx=append-upsert	md=	deps=	hid=0/0/0	cat=Advanced	meta=	desc=Upsert features (implies 'append')
gdal vector set-field-type	output-layer			string	req=0	pos=0	in=1	out=0	cnt=0..1	def=	choices=	min=	max=	ds=	dsin=0	dsout=0	mx=	md=	deps=	hid=0/0/0	cat=Base	meta=	desc=Output layer name
gdal vector set-field-type	skip-errors			boolean	req=0	pos=0	in=1	out=0	cnt=0..1	def=	choices=	min=	max=	ds=	dsin=0	dsout=0	mx=	md=	deps=	hid=0/0/0	cat=Base	meta=	desc=Skip errors when writing features
gdal vector set-field-type	active-layer			string	req=0	pos=0	in=1	out=0	cnt=0..1	def=	choices=	min=	max=	ds=	dsin=0	dsout=0	mx=	md=	deps=	hid=0/0/0	cat=Base	meta=	desc=Set active layer (if not specified, all)
gdal vector set-field-type	field-name			string	req=1	pos=0	in=1	out=0	cnt=0..1	def=	choices=	min=	max=	ds=	dsin=0	dsout=0	mx=name-or-type	md=	deps=	hid=0/0/0	cat=Base	meta=	desc=Field name
gdal vector set-field-type	input-field-type			string	req=1	pos=0	in=1	out=0	cnt=0..1	def=	choices=	min=	max=	ds=	dsin=0	dsout=0	mx=name-or-type	md=	deps=	hid=0/0/0	cat=Base	meta=	desc=Source field type or subtype
gdal vector set-field-type	field-type		output-field-type	string	req=1	pos=0	in=1	out=0	cnt=0..1	def=	choices=	min=	max=	ds=	dsin=0	dsout=0	mx=	md=	deps=	hid=0/0/0	cat=Base	meta=	desc=Target field type or subtype
gdal vector set-geom-type	help	h		boolean	req=0	pos=0	in=1	out=0	cnt=0..1	def=	choices=	min=	max=	ds=	dsin=0	dsout=0	mx=	md=	deps=	hid=0/0/1	cat=Common	meta=	desc=Display help message and exit
gdal vector set-geom-type	help-doc			boolean	req=0	pos=0	in=1	out=0	cnt=0..1	def=	choices=	min=	max=	ds=	dsin=0	dsout=0	mx=	md=	deps=	hid=1/1/1	cat=Base	meta=	desc=Display help message for use by documentation
gdal vector set-geom-type	json-usage			boolean	req=0	pos=0	in=1	out=0	cnt=0..1	def=	choices=	min=	max=	ds=	dsin=0	dsout=0	mx=	md=	deps=	hid=0/0/1	cat=Common	meta=	desc=Display usage as JSON document and exit
gdal vector set-geom-type	config			string_list	req=0	pos=0	in=1	out=0	cnt=0..-1	def=	choices=	min=	max=	ds=	dsin=0	dsout=0	mx=	md=	deps=	hid=0/0/1	cat=Common	meta=	desc=Configuration option
gdal vector set-geom-type	input-format		if	string_list	req=0	pos=0	in=1	out=0	cnt=0..-1	def=	choices=	min=	max=	ds=	dsin=0	dsout=0	mx=	md=	deps=	hid=0/0/0	cat=Advanced	meta=required_capabilities=DCAP_VECTOR;	desc=Input formats
gdal vector set-geom-type	open-option		oo	string_list	req=0	pos=0	in=1	out=0	cnt=0..-1	def=	choices=	min=	max=	ds=	dsin=0	dsout=0	mx=	md=	deps=	hid=0/0/0	cat=Advanced	meta=	desc=Open options
gdal vector set-geom-type	input	i		dataset_list	req=1	pos=1	in=1	out=0	cnt=1..1	def=	choices=	min=	max=	ds=vector	dsin=3	dsout=2	mx=	md=	deps=	hid=0/0/0	cat=Base	meta=	desc=Input vector datasets
gdal vector set-geom-type	input-layer	l	layer	string_list	req=0	pos=0	in=1	out=0	cnt=0..-1	def=	choices=	min=	max=	ds=	dsin=0	dsout=0	mx=	md=	deps=	hid=0/0/0	cat=Base	meta=	desc=Input layer name(s)
gdal vector set-geom-type	quiet	q		boolean	req=0	pos=0	in=1	out=0	cnt=0..1	def=	choices=	min=	max=	ds=	dsin=0	dsout=0	mx=	md=	deps=	hid=0/0/0	cat=Common	meta=	desc=Quiet mode (no progress bar or warning message)
gdal vector set-geom-type	progress			boolean	req=0	pos=0	in=1	out=0	cnt=0..1	def=	choices=	min=	max=	ds=	dsin=0	dsout=0	mx=	md=	deps=	hid=1/1/1	cat=Base	meta=	desc=Display progress bar
gdal vector set-geom-type	output-format	f	of|format	string	req=0	pos=0	in=1	out=0	cnt=0..1	def=	choices=	min=	max=	ds=	dsin=0	dsout=0	mx=	md=	deps=	hid=0/0/0	cat=Base	meta=required_capabilities=DCAP_VECTOR,DCAP_CREATE;	desc=Output format ("GDALG" allowed)
gdal vector set-geom-type	output-open-option		output-oo	string_list	req=0	pos=0	in=1	out=0	cnt=0..-1	def=	choices=	min=	max=	ds=	dsin=0	dsout=0	mx=	md=	deps=	hid=0/0/0	cat=Advanced	meta=	desc=Output open options
gdal vector set-geom-type	output	o		dataset	req=1	pos=1	in=1	out=1	cnt=0..1	def=	choices=	min=	max=	ds=vector	dsin=3	dsout=2	mx=	md=	deps=	hid=0/0/0	cat=Base	meta=	desc=Output vector dataset
gdal vector set-geom-type	creation-option		co	string_list	req=0	pos=0	in=1	out=0	cnt=0..-1	def=	choices=	min=	max=	ds=	dsin=0	dsout=0	mx=	md=	deps=	hid=0/0/0	cat=Base	meta=	desc=Creation option
gdal vector set-geom-type	layer-creation-option		lco	string_list	req=0	pos=0	in=1	out=0	cnt=0..-1	def=	choices=	min=	max=	ds=	dsin=0	dsout=0	mx=	md=	deps=	hid=0/0/0	cat=Base	meta=	desc=Layer creation option
gdal vector set-geom-type	overwrite			boolean	req=0	pos=0	in=1	out=0	cnt=0..1	def=false	choices=	min=	max=	ds=	dsin=0	dsout=0	mx=	md=	deps=	hid=0/0/0	cat=Base	meta=	desc=Whether overwriting existing output dataset is allowed
gdal vector set-geom-type	update			boolean	req=0	pos=0	in=1	out=0	cnt=0..1	def=false	choices=	min=	max=	ds=	dsin=0	dsout=0	mx=	md=	deps=	hid=0/0/0	cat=Base	meta=	desc=Whether to open existing dataset in update mode
gdal vector set-geom-type	overwrite-layer			boolean	req=0	pos=0	in=1	out=0	cnt=0..1	def=false	choices=	min=	max=	ds=	dsin=0	dsout=0	mx=	md=	deps=	hid=0/0/0	cat=Base	meta=	desc=Whether overwriting existing output layer is allowed
gdal vector set-geom-type	append			boolean	req=0	pos=0	in=1	out=0	cnt=0..1	def=false	choices=	min=	max=	ds=	dsin=0	dsout=0	mx=append-upsert	md=	deps=	hid=0/0/0	cat=Base	meta=	desc=Whether appending to existing layer is allowed
gdal vector set-geom-type	upsert			boolean	req=0	pos=0	in=1	out=0	cnt=0..1	def=	choices=	min=	max=	ds=	dsin=0	dsout=0	mx=append-upsert	md=	deps=	hid=0/0/0	cat=Advanced	meta=	desc=Upsert features (implies 'append')
gdal vector set-geom-type	output-layer			string	req=0	pos=0	in=1	out=0	cnt=0..1	def=	choices=	min=	max=	ds=	dsin=0	dsout=0	mx=	md=	deps=	hid=0/0/0	cat=Base	meta=	desc=Output layer name
gdal vector set-geom-type	skip-errors			boolean	req=0	pos=0	in=1	out=0	cnt=0..1	def=	choices=	min=	max=	ds=	dsin=0	dsout=0	mx=	md=	deps=	hid=0/0/0	cat=Base	meta=	desc=Skip errors when writing features
gdal vector set-geom-type	active-layer			string	req=0	pos=0	in=1	out=0	cnt=0..1	def=	choices=	min=	max=	ds=	dsin=0	dsout=0	mx=	md=	deps=	hid=0/0/0	cat=Base	meta=	desc=Set active layer (if not specified, all)
gdal vector set-geom-type	active-geometry			string	req=0	pos=0	in=1	out=0	cnt=0..1	def=	choices=	min=	max=	ds=	dsin=0	dsout=0	mx=	md=	deps=	hid=0/0/0	cat=Base	meta=	desc=Geometry field name to which to restrict the processing (if not specified, all)
gdal vector set-geom-type	layer-only			boolean	req=0	pos=0	in=1	out=0	cnt=0..1	def=	choices=	min=	max=	ds=	dsin=0	dsout=0	mx=only	md=	deps=	hid=0/0/0	cat=Base	meta=	desc=Only modify the layer geometry type
gdal vector set-geom-type	feature-only			boolean	req=0	pos=0	in=1	out=0	cnt=0..1	def=	choices=	min=	max=	ds=	dsin=0	dsout=0	mx=only	md=	deps=	hid=0/0/0	cat=Base	meta=	desc=Only modify the geometry type of features
gdal vector set-geom-type	geometry-type			string	req=0	pos=0	in=1	out=0	cnt=0..1	def=	choices=	min=	max=	ds=	dsin=0	dsout=0	mx=	md=	deps=	hid=0/0/0	cat=Base	meta=	desc=Geometry type
gdal vector set-geom-type	multi			boolean	req=0	pos=0	in=1	out=0	cnt=0..1	def=	choices=	min=	max=	ds=	dsin=0	dsout=0	mx=multi-single	md=	deps=	hid=0/0/0	cat=Base	meta=	desc=Force geometries to MULTI geometry types
gdal vector set-geom-type	single			boolean	req=0	pos=0	in=1	out=0	cnt=0..1	def=	choices=	min=	max=	ds=	dsin=0	dsout=0	mx=multi-single	md=	deps=	hid=0/0/0	cat=Base	meta=	desc=Force geometries to non-MULTI geometry types
gdal vector set-geom-type	linear			boolean	req=0	pos=0	in=1	out=0	cnt=0..1	def=	choices=	min=	max=	ds=	dsin=0	dsout=0	mx=linear-curve	md=	deps=	hid=0/0/0	cat=Base	meta=	desc=Convert curve geometries to linear types
gdal vector set-geom-type	curve			boolean	req=0	pos=0	in=1	out=0	cnt=0..1	def=	choices=	min=	max=	ds=	dsin=0	dsout=0	mx=linear-curve	md=	deps=	hid=0/0/0	cat=Base	meta=	desc=Convert linear geometries to curve types
gdal vector set-geom-type	dim			string	req=0	pos=0	in=1	out=0	cnt=0..1	def=	choices=XY|XYZ|XYM|XYZM	min=	max=	ds=	dsin=0	dsout=0	mx=	md=	deps=	hid=0/0/0	cat=Base	meta=	desc=Force geometries to the specified dimension
gdal vector set-geom-type	skip			boolean	req=0	pos=0	in=1	out=0	cnt=0..1	def=	choices=	min=	max=	ds=	dsin=0	dsout=0	mx=	md=	deps=	hid=0/0/0	cat=Base	meta=	desc=Skip feature when change of feature geometry type failed
gdal vector simplify	help	h		boolean	req=0	pos=0	in=1	out=0	cnt=0..1	def=	choices=	min=	max=	ds=	dsin=0	dsout=0	mx=	md=	deps=	hid=0/0/1	cat=Common	meta=	desc=Display help message and exit
gdal vector simplify	help-doc			boolean	req=0	pos=0	in=1	out=0	cnt=0..1	def=	choices=	min=	max=	ds=	dsin=0	dsout=0	mx=	md=	deps=	hid=1/1/1	cat=Base	meta=	desc=Display help message for use by documentation
gdal vector simplify	json-usage			boolean	req=0	pos=0	in=1	out=0	cnt=0..1	def=	choices=	min=	max=	ds=	dsin=0	dsout=0	mx=	md=	deps=	hid=0/0/1	cat=Common	meta=	desc=Display usage as JSON document and exit
gdal vector simplify	config			string_list	req=0	pos=0	in=1	out=0	cnt=0..-1	def=	choices=	min=	max=	ds=	dsin=0	dsout=0	mx=	md=	deps=	hid=0/0/1	cat=Common	meta=	desc=Configuration option
gdal vector simplify	input-format		if	string_list	req=0	pos=0	in=1	out=0	cnt=0..-1	def=	choices=	min=	max=	ds=	dsin=0	dsout=0	mx=	md=	deps=	hid=0/0/0	cat=Advanced	meta=required_capabilities=DCAP_VECTOR;	desc=Input formats
gdal vector simplify	open-option		oo	string_list	req=0	pos=0	in=1	out=0	cnt=0..-1	def=	choices=	min=	max=	ds=	dsin=0	dsout=0	mx=	md=	deps=	hid=0/0/0	cat=Advanced	meta=	desc=Open options
gdal vector simplify	input	i		dataset_list	req=1	pos=1	in=1	out=0	cnt=1..1	def=	choices=	min=	max=	ds=vector	dsin=3	dsout=2	mx=	md=	deps=	hid=0/0/0	cat=Base	meta=	desc=Input vector datasets
gdal vector simplify	input-layer	l	layer	string_list	req=0	pos=0	in=1	out=0	cnt=0..-1	def=	choices=	min=	max=	ds=	dsin=0	dsout=0	mx=	md=	deps=	hid=0/0/0	cat=Base	meta=	desc=Input layer name(s)
gdal vector simplify	quiet	q		boolean	req=0	pos=0	in=1	out=0	cnt=0..1	def=	choices=	min=	max=	ds=	dsin=0	dsout=0	mx=	md=	deps=	hid=0/0/0	cat=Common	meta=	desc=Quiet mode (no progress bar or warning message)
gdal vector simplify	progress			boolean	req=0	pos=0	in=1	out=0	cnt=0..1	def=	choices=	min=	max=	ds=	dsin=0	dsout=0	mx=	md=	deps=	hid=1/1/1	cat=Base	meta=	desc=Display progress bar
gdal vector simplify	output-format	f	of|format	string	req=0	pos=0	in=1	out=0	cnt=0..1	def=	choices=	min=	max=	ds=	dsin=0	dsout=0	mx=	md=	deps=	hid=0/0/0	cat=Base	meta=required_capabilities=DCAP_VECTOR,DCAP_CREATE;	desc=Output format ("GDALG" allowed)
gdal vector simplify	output-open-option		output-oo	string_list	req=0	pos=0	in=1	out=0	cnt=0..-1	def=	choices=	min=	max=	ds=	dsin=0	dsout=0	mx=	md=	deps=	hid=0/0/0	cat=Advanced	meta=	desc=Output open options
gdal vector simplify	output	o		dataset	req=1	pos=1	in=1	out=1	cnt=0..1	def=	choices=	min=	max=	ds=vector	dsin=3	dsout=2	mx=	md=	deps=	hid=0/0/0	cat=Base	meta=	desc=Output vector dataset
gdal vector simplify	creation-option		co	string_list	req=0	pos=0	in=1	out=0	cnt=0..-1	def=	choices=	min=	max=	ds=	dsin=0	dsout=0	mx=	md=	deps=	hid=0/0/0	cat=Base	meta=	desc=Creation option
gdal vector simplify	layer-creation-option		lco	string_list	req=0	pos=0	in=1	out=0	cnt=0..-1	def=	choices=	min=	max=	ds=	dsin=0	dsout=0	mx=	md=	deps=	hid=0/0/0	cat=Base	meta=	desc=Layer creation option
gdal vector simplify	overwrite			boolean	req=0	pos=0	in=1	out=0	cnt=0..1	def=false	choices=	min=	max=	ds=	dsin=0	dsout=0	mx=	md=	deps=	hid=0/0/0	cat=Base	meta=	desc=Whether overwriting existing output dataset is allowed
gdal vector simplify	update			boolean	req=0	pos=0	in=1	out=0	cnt=0..1	def=false	choices=	min=	max=	ds=	dsin=0	dsout=0	mx=	md=	deps=	hid=0/0/0	cat=Base	meta=	desc=Whether to open existing dataset in update mode
gdal vector simplify	overwrite-layer			boolean	req=0	pos=0	in=1	out=0	cnt=0..1	def=false	choices=	min=	max=	ds=	dsin=0	dsout=0	mx=	md=	deps=	hid=0/0/0	cat=Base	meta=	desc=Whether overwriting existing output layer is allowed
gdal vector simplify	append			boolean	req=0	pos=0	in=1	out=0	cnt=0..1	def=false	choices=	min=	max=	ds=	dsin=0	dsout=0	mx=append-upsert	md=	deps=	hid=0/0/0	cat=Base	meta=	desc=Whether appending to existing layer is allowed
gdal vector simplify	upsert			boolean	req=0	pos=0	in=1	out=0	cnt=0..1	def=	choices=	min=	max=	ds=	dsin=0	dsout=0	mx=append-upsert	md=	deps=	hid=0/0/0	cat=Advanced	meta=	desc=Upsert features (implies 'append')
gdal vector simplify	output-layer			string	req=0	pos=0	in=1	out=0	cnt=0..1	def=	choices=	min=	max=	ds=	dsin=0	dsout=0	mx=	md=	deps=	hid=0/0/0	cat=Base	meta=	desc=Output layer name
gdal vector simplify	skip-errors			boolean	req=0	pos=0	in=1	out=0	cnt=0..1	def=	choices=	min=	max=	ds=	dsin=0	dsout=0	mx=	md=	deps=	hid=0/0/0	cat=Base	meta=	desc=Skip errors when writing features
gdal vector simplify	active-layer			string	req=0	pos=0	in=1	out=0	cnt=0..1	def=	choices=	min=	max=	ds=	dsin=0	dsout=0	mx=	md=	deps=	hid=0/0/0	cat=Base	meta=	desc=Set active layer (if not specified, all)
gdal vector simplify	active-geometry			string	req=0	pos=0	in=1	out=0	cnt=0..1	def=	choices=	min=	max=	ds=	dsin=0	dsout=0	mx=	md=	deps=	hid=0/0/0	cat=Base	meta=	desc=Geometry field name to which to restrict the processing (if not specified, all)
gdal vector simplify	tolerance			real	req=1	pos=1	in=1	out=0	cnt=0..1	def=	choices=	min=[0	max=	ds=	dsin=0	dsout=0	mx=	md=	deps=	hid=0/0/0	cat=Base	meta=	desc=Distance tolerance for simplification.
gdal vector simplify-coverage	help	h		boolean	req=0	pos=0	in=1	out=0	cnt=0..1	def=	choices=	min=	max=	ds=	dsin=0	dsout=0	mx=	md=	deps=	hid=0/0/1	cat=Common	meta=	desc=Display help message and exit
gdal vector simplify-coverage	help-doc			boolean	req=0	pos=0	in=1	out=0	cnt=0..1	def=	choices=	min=	max=	ds=	dsin=0	dsout=0	mx=	md=	deps=	hid=1/1/1	cat=Base	meta=	desc=Display help message for use by documentation
gdal vector simplify-coverage	json-usage			boolean	req=0	pos=0	in=1	out=0	cnt=0..1	def=	choices=	min=	max=	ds=	dsin=0	dsout=0	mx=	md=	deps=	hid=0/0/1	cat=Common	meta=	desc=Display usage as JSON document and exit
gdal vector simplify-coverage	config			string_list	req=0	pos=0	in=1	out=0	cnt=0..-1	def=	choices=	min=	max=	ds=	dsin=0	dsout=0	mx=	md=	deps=	hid=0/0/1	cat=Common	meta=	desc=Configuration option
gdal vector simplify-coverage	input-format		if	string_list	req=0	pos=0	in=1	out=0	cnt=0..-1	def=	choices=	min=	max=	ds=	dsin=0	dsout=0	mx=	md=	deps=	hid=0/0/0	cat=Advanced	meta=required_capabilities=DCAP_VECTOR;	desc=Input formats
gdal vector simplify-coverage	open-option		oo	string_list	req=0	pos=0	in=1	out=0	cnt=0..-1	def=	choices=	min=	max=	ds=	dsin=0	dsout=0	mx=	md=	deps=	hid=0/0/0	cat=Advanced	meta=	desc=Open options
gdal vector simplify-coverage	input	i		dataset_list	req=1	pos=1	in=1	out=0	cnt=1..1	def=	choices=	min=	max=	ds=vector	dsin=3	dsout=2	mx=	md=	deps=	hid=0/0/0	cat=Base	meta=	desc=Input vector datasets
gdal vector simplify-coverage	input-layer	l	layer	string_list	req=0	pos=0	in=1	out=0	cnt=0..-1	def=	choices=	min=	max=	ds=	dsin=0	dsout=0	mx=	md=	deps=	hid=0/0/0	cat=Base	meta=	desc=Input layer name(s)
gdal vector simplify-coverage	quiet	q		boolean	req=0	pos=0	in=1	out=0	cnt=0..1	def=	choices=	min=	max=	ds=	dsin=0	dsout=0	mx=	md=	deps=	hid=0/0/0	cat=Common	meta=	desc=Quiet mode (no progress bar or warning message)
gdal vector simplify-coverage	progress			boolean	req=0	pos=0	in=1	out=0	cnt=0..1	def=	choices=	min=	max=	ds=	dsin=0	dsout=0	mx=	md=	deps=	hid=1/1/1	cat=Base	meta=	desc=Display progress bar
gdal vector simplify-coverage	output-format	f	of|format	string	req=0	pos=0	in=1	out=0	cnt=0..1	def=	choices=	min=	max=	ds=	dsin=0	dsout=0	mx=	md=	deps=	hid=0/0/0	cat=Base	meta=required_capabilities=DCAP_VECTOR,DCAP_CREATE;	desc=Output format ("GDALG" allowed)
gdal vector simplify-coverage	output-open-option		output-oo	string_list	req=0	pos=0	in=1	out=0	cnt=0..-1	def=	choices=	min=	max=	ds=	dsin=0	dsout=0	mx=	md=	deps=	hid=0/0/0	cat=Advanced	meta=	desc=Output open options
gdal vector simplify-coverage	output	o		dataset	req=1	pos=1	in=1	out=1	cnt=0..1	def=	choices=	min=	max=	ds=vector	dsin=3	dsout=2	mx=	md=	deps=	hid=0/0/0	cat=Base	meta=	desc=Output vector dataset
gdal vector simplify-coverage	creation-option		co	string_list	req=0	pos=0	in=1	out=0	cnt=0..-1	def=	choices=	min=	max=	ds=	dsin=0	dsout=0	mx=	md=	deps=	hid=0/0/0	cat=Base	meta=	desc=Creation option
gdal vector simplify-coverage	layer-creation-option		lco	string_list	req=0	pos=0	in=1	out=0	cnt=0..-1	def=	choices=	min=	max=	ds=	dsin=0	dsout=0	mx=	md=	deps=	hid=0/0/0	cat=Base	meta=	desc=Layer creation option
gdal vector simplify-coverage	overwrite			boolean	req=0	pos=0	in=1	out=0	cnt=0..1	def=false	choices=	min=	max=	ds=	dsin=0	dsout=0	mx=	md=	deps=	hid=0/0/0	cat=Base	meta=	desc=Whether overwriting existing output dataset is allowed
gdal vector simplify-coverage	update			boolean	req=0	pos=0	in=1	out=0	cnt=0..1	def=false	choices=	min=	max=	ds=	dsin=0	dsout=0	mx=	md=	deps=	hid=0/0/0	cat=Base	meta=	desc=Whether to open existing dataset in update mode
gdal vector simplify-coverage	overwrite-layer			boolean	req=0	pos=0	in=1	out=0	cnt=0..1	def=false	choices=	min=	max=	ds=	dsin=0	dsout=0	mx=	md=	deps=	hid=0/0/0	cat=Base	meta=	desc=Whether overwriting existing output layer is allowed
gdal vector simplify-coverage	append			boolean	req=0	pos=0	in=1	out=0	cnt=0..1	def=false	choices=	min=	max=	ds=	dsin=0	dsout=0	mx=append-upsert	md=	deps=	hid=0/0/0	cat=Base	meta=	desc=Whether appending to existing layer is allowed
gdal vector simplify-coverage	upsert			boolean	req=0	pos=0	in=1	out=0	cnt=0..1	def=	choices=	min=	max=	ds=	dsin=0	dsout=0	mx=append-upsert	md=	deps=	hid=0/0/0	cat=Advanced	meta=	desc=Upsert features (implies 'append')
gdal vector simplify-coverage	output-layer			string	req=0	pos=0	in=1	out=0	cnt=0..1	def=	choices=	min=	max=	ds=	dsin=0	dsout=0	mx=	md=	deps=	hid=0/0/0	cat=Base	meta=	desc=Output layer name
gdal vector simplify-coverage	skip-errors			boolean	req=0	pos=0	in=1	out=0	cnt=0..1	def=	choices=	min=	max=	ds=	dsin=0	dsout=0	mx=	md=	deps=	hid=0/0/0	cat=Base	meta=	desc=Skip errors when writing features
gdal vector simplify-coverage	active-layer			string	req=0	pos=0	in=1	out=0	cnt=0..1	def=	choices=	min=	max=	ds=	dsin=0	dsout=0	mx=	md=	deps=	hid=0/0/0	cat=Base	meta=	desc=Set active layer (if not specified, all)
gdal vector simplify-coverage	tolerance			real	req=1	pos=1	in=1	out=0	cnt=0..1	def=	choices=	min=[0	max=	ds=	dsin=0	dsout=0	mx=	md=	deps=	hid=0/0/0	cat=Base	meta=	desc=Distance tolerance for simplification.
gdal vector simplify-coverage	preserve-boundary			boolean	req=0	pos=0	in=1	out=0	cnt=0..1	def=	choices=	min=	max=	ds=	dsin=0	dsout=0	mx=	md=	deps=	hid=0/0/0	cat=Base	meta=	desc=Whether the exterior boundary should be preserved.
gdal vector sort	help	h		boolean	req=0	pos=0	in=1	out=0	cnt=0..1	def=	choices=	min=	max=	ds=	dsin=0	dsout=0	mx=	md=	deps=	hid=0/0/1	cat=Common	meta=	desc=Display help message and exit
gdal vector sort	help-doc			boolean	req=0	pos=0	in=1	out=0	cnt=0..1	def=	choices=	min=	max=	ds=	dsin=0	dsout=0	mx=	md=	deps=	hid=1/1/1	cat=Base	meta=	desc=Display help message for use by documentation
gdal vector sort	json-usage			boolean	req=0	pos=0	in=1	out=0	cnt=0..1	def=	choices=	min=	max=	ds=	dsin=0	dsout=0	mx=	md=	deps=	hid=0/0/1	cat=Common	meta=	desc=Display usage as JSON document and exit
gdal vector sort	config			string_list	req=0	pos=0	in=1	out=0	cnt=0..-1	def=	choices=	min=	max=	ds=	dsin=0	dsout=0	mx=	md=	deps=	hid=0/0/1	cat=Common	meta=	desc=Configuration option
gdal vector sort	input-format		if	string_list	req=0	pos=0	in=1	out=0	cnt=0..-1	def=	choices=	min=	max=	ds=	dsin=0	dsout=0	mx=	md=	deps=	hid=0/0/0	cat=Advanced	meta=required_capabilities=DCAP_VECTOR;	desc=Input formats
gdal vector sort	open-option		oo	string_list	req=0	pos=0	in=1	out=0	cnt=0..-1	def=	choices=	min=	max=	ds=	dsin=0	dsout=0	mx=	md=	deps=	hid=0/0/0	cat=Advanced	meta=	desc=Open options
gdal vector sort	input	i		dataset_list	req=1	pos=1	in=1	out=0	cnt=1..1	def=	choices=	min=	max=	ds=vector	dsin=3	dsout=2	mx=	md=	deps=	hid=0/0/0	cat=Base	meta=	desc=Input vector datasets
gdal vector sort	input-layer	l	layer	string_list	req=0	pos=0	in=1	out=0	cnt=0..-1	def=	choices=	min=	max=	ds=	dsin=0	dsout=0	mx=	md=	deps=	hid=0/0/0	cat=Base	meta=	desc=Input layer name(s)
gdal vector sort	quiet	q		boolean	req=0	pos=0	in=1	out=0	cnt=0..1	def=	choices=	min=	max=	ds=	dsin=0	dsout=0	mx=	md=	deps=	hid=0/0/0	cat=Common	meta=	desc=Quiet mode (no progress bar or warning message)
gdal vector sort	progress			boolean	req=0	pos=0	in=1	out=0	cnt=0..1	def=	choices=	min=	max=	ds=	dsin=0	dsout=0	mx=	md=	deps=	hid=1/1/1	cat=Base	meta=	desc=Display progress bar
gdal vector sort	output-format	f	of|format	string	req=0	pos=0	in=1	out=0	cnt=0..1	def=	choices=	min=	max=	ds=	dsin=0	dsout=0	mx=	md=	deps=	hid=0/0/0	cat=Base	meta=required_capabilities=DCAP_VECTOR,DCAP_CREATE;	desc=Output format ("GDALG" allowed)
gdal vector sort	output-open-option		output-oo	string_list	req=0	pos=0	in=1	out=0	cnt=0..-1	def=	choices=	min=	max=	ds=	dsin=0	dsout=0	mx=	md=	deps=	hid=0/0/0	cat=Advanced	meta=	desc=Output open options
gdal vector sort	output	o		dataset	req=1	pos=1	in=1	out=1	cnt=0..1	def=	choices=	min=	max=	ds=vector	dsin=3	dsout=2	mx=	md=	deps=	hid=0/0/0	cat=Base	meta=	desc=Output vector dataset
gdal vector sort	creation-option		co	string_list	req=0	pos=0	in=1	out=0	cnt=0..-1	def=	choices=	min=	max=	ds=	dsin=0	dsout=0	mx=	md=	deps=	hid=0/0/0	cat=Base	meta=	desc=Creation option
gdal vector sort	layer-creation-option		lco	string_list	req=0	pos=0	in=1	out=0	cnt=0..-1	def=	choices=	min=	max=	ds=	dsin=0	dsout=0	mx=	md=	deps=	hid=0/0/0	cat=Base	meta=	desc=Layer creation option
gdal vector sort	overwrite			boolean	req=0	pos=0	in=1	out=0	cnt=0..1	def=false	choices=	min=	max=	ds=	dsin=0	dsout=0	mx=	md=	deps=	hid=0/0/0	cat=Base	meta=	desc=Whether overwriting existing output dataset is allowed
gdal vector sort	update			boolean	req=0	pos=0	in=1	out=0	cnt=0..1	def=false	choices=	min=	max=	ds=	dsin=0	dsout=0	mx=	md=	deps=	hid=0/0/0	cat=Base	meta=	desc=Whether to open existing dataset in update mode
gdal vector sort	overwrite-layer			boolean	req=0	pos=0	in=1	out=0	cnt=0..1	def=false	choices=	min=	max=	ds=	dsin=0	dsout=0	mx=	md=	deps=	hid=0/0/0	cat=Base	meta=	desc=Whether overwriting existing output layer is allowed
gdal vector sort	append			boolean	req=0	pos=0	in=1	out=0	cnt=0..1	def=false	choices=	min=	max=	ds=	dsin=0	dsout=0	mx=append-upsert	md=	deps=	hid=0/0/0	cat=Base	meta=	desc=Whether appending to existing layer is allowed
gdal vector sort	upsert			boolean	req=0	pos=0	in=1	out=0	cnt=0..1	def=	choices=	min=	max=	ds=	dsin=0	dsout=0	mx=append-upsert	md=	deps=	hid=0/0/0	cat=Advanced	meta=	desc=Upsert features (implies 'append')
gdal vector sort	output-layer			string	req=0	pos=0	in=1	out=0	cnt=0..1	def=	choices=	min=	max=	ds=	dsin=0	dsout=0	mx=	md=	deps=	hid=0/0/0	cat=Base	meta=	desc=Output layer name
gdal vector sort	skip-errors			boolean	req=0	pos=0	in=1	out=0	cnt=0..1	def=	choices=	min=	max=	ds=	dsin=0	dsout=0	mx=	md=	deps=	hid=0/0/0	cat=Base	meta=	desc=Skip errors when writing features
gdal vector sort	geometry-field			string	req=0	pos=0	in=1	out=0	cnt=0..1	def=	choices=	min=	max=	ds=	dsin=0	dsout=0	mx=	md=	deps=	hid=0/0/0	cat=Base	meta=	desc=Name of geometry field to use in sort
gdal vector sort	method			string	req=0	pos=0	in=1	out=0	cnt=0..1	def=hilbert	choices=hilbert|strtree	min=	max=	ds=	dsin=0	dsout=0	mx=	md=	deps=	hid=0/0/0	cat=Base	meta=	desc=Geometry sorting algorithm
gdal vector sort	use-tempfile			boolean	req=0	pos=0	in=1	out=0	cnt=0..1	def=	choices=	min=	max=	ds=	dsin=0	dsout=0	mx=	md=	deps=	hid=0/0/0	cat=Base	meta=	desc=Write features to a temporary file to avoid reading the entire input dataset into memory
gdal vector sql	help	h		boolean	req=0	pos=0	in=1	out=0	cnt=0..1	def=	choices=	min=	max=	ds=	dsin=0	dsout=0	mx=	md=	deps=	hid=0/0/1	cat=Common	meta=	desc=Display help message and exit
gdal vector sql	help-doc			boolean	req=0	pos=0	in=1	out=0	cnt=0..1	def=	choices=	min=	max=	ds=	dsin=0	dsout=0	mx=	md=	deps=	hid=1/1/1	cat=Base	meta=	desc=Display help message for use by documentation
gdal vector sql	json-usage			boolean	req=0	pos=0	in=1	out=0	cnt=0..1	def=	choices=	min=	max=	ds=	dsin=0	dsout=0	mx=	md=	deps=	hid=0/0/1	cat=Common	meta=	desc=Display usage as JSON document and exit
gdal vector sql	config			string_list	req=0	pos=0	in=1	out=0	cnt=0..-1	def=	choices=	min=	max=	ds=	dsin=0	dsout=0	mx=	md=	deps=	hid=0/0/1	cat=Common	meta=	desc=Configuration option
gdal vector sql	input-format		if	string_list	req=0	pos=0	in=1	out=0	cnt=0..-1	def=	choices=	min=	max=	ds=	dsin=0	dsout=0	mx=	md=	deps=	hid=0/0/0	cat=Advanced	meta=required_capabilities=DCAP_VECTOR;	desc=Input formats
gdal vector sql	open-option		oo	string_list	req=0	pos=0	in=1	out=0	cnt=0..-1	def=	choices=	min=	max=	ds=	dsin=0	dsout=0	mx=	md=	deps=	hid=0/0/0	cat=Advanced	meta=	desc=Open options
gdal vector sql	input	i	dataset	dataset_list	req=1	pos=1	in=1	out=0	cnt=1..1	def=	choices=	min=	max=	ds=vector	dsin=3	dsout=2	mx=	md=	deps=	hid=0/0/0	cat=Base	meta=	desc=Input vector datasets
gdal vector sql	quiet	q		boolean	req=0	pos=0	in=1	out=0	cnt=0..1	def=	choices=	min=	max=	ds=	dsin=0	dsout=0	mx=	md=	deps=	hid=0/0/0	cat=Common	meta=	desc=Quiet mode (no progress bar or warning message)
gdal vector sql	progress			boolean	req=0	pos=0	in=1	out=0	cnt=0..1	def=	choices=	min=	max=	ds=	dsin=0	dsout=0	mx=	md=	deps=	hid=1/1/1	cat=Base	meta=	desc=Display progress bar
gdal vector sql	output-format	f	of|format	string	req=0	pos=0	in=1	out=0	cnt=0..1	def=	choices=	min=	max=	ds=	dsin=0	dsout=0	mx=	md=	deps=	hid=0/0/0	cat=Base	meta=required_capabilities=DCAP_VECTOR,DCAP_CREATE;	desc=Output format ("GDALG" allowed)
gdal vector sql	output-open-option		output-oo	string_list	req=0	pos=0	in=1	out=0	cnt=0..-1	def=	choices=	min=	max=	ds=	dsin=0	dsout=0	mx=	md=	deps=	hid=0/0/0	cat=Advanced	meta=	desc=Output open options
gdal vector sql	output	o		dataset	req=0	pos=1	in=1	out=1	cnt=0..1	def=	choices=	min=	max=	ds=vector	dsin=3	dsout=2	mx=	md=	deps=	hid=0/0/0	cat=Base	meta=	desc=Output vector dataset
gdal vector sql	creation-option		co	string_list	req=0	pos=0	in=1	out=0	cnt=0..-1	def=	choices=	min=	max=	ds=	dsin=0	dsout=0	mx=	md=	deps=	hid=0/0/0	cat=Base	meta=	desc=Creation option
gdal vector sql	layer-creation-option		lco	string_list	req=0	pos=0	in=1	out=0	cnt=0..-1	def=	choices=	min=	max=	ds=	dsin=0	dsout=0	mx=	md=	deps=	hid=0/0/0	cat=Base	meta=	desc=Layer creation option
gdal vector sql	overwrite			boolean	req=0	pos=0	in=1	out=0	cnt=0..1	def=false	choices=	min=	max=	ds=	dsin=0	dsout=0	mx=	md=	deps=	hid=0/0/0	cat=Base	meta=	desc=Whether overwriting existing output dataset is allowed
gdal vector sql	update			boolean	req=0	pos=0	in=1	out=0	cnt=0..1	def=false	choices=	min=	max=	ds=	dsin=0	dsout=0	mx=	md=	deps=	hid=0/0/0	cat=Base	meta=	desc=Whether to open existing dataset in update mode
gdal vector sql	overwrite-layer			boolean	req=0	pos=0	in=1	out=0	cnt=0..1	def=false	choices=	min=	max=	ds=	dsin=0	dsout=0	mx=	md=	deps=	hid=0/0/0	cat=Base	meta=	desc=Whether overwriting existing output layer is allowed
gdal vector sql	append			boolean	req=0	pos=0	in=1	out=0	cnt=0..1	def=false	choices=	min=	max=	ds=	dsin=0	dsout=0	mx=append-upsert	md=	deps=	hid=0/0/0	cat=Base	meta=	desc=Whether appending to existing layer is allowed
gdal vector sql	upsert			boolean	req=0	pos=0	in=1	out=0	cnt=0..1	def=	choices=	min=	max=	ds=	dsin=0	dsout=0	mx=append-upsert	md=	deps=	hid=0/0/0	cat=Advanced	meta=	desc=Upsert features (implies 'append')
gdal vector sql	skip-errors			boolean	req=0	pos=0	in=1	out=0	cnt=0..1	def=	choices=	min=	max=	ds=	dsin=0	dsout=0	mx=	md=	deps=	hid=0/0/0	cat=Base	meta=	desc=Skip errors when writing features
gdal vector sql	sql			string_list	req=1	pos=0	in=1	out=0	cnt=0..-1	def=	choices=	min=	max=	ds=	dsin=0	dsout=0	mx=	md=	deps=	hid=0/0/0	cat=Base	meta=	desc=SQL statement(s)
gdal vector sql	output-layer			string_list	req=0	pos=0	in=1	out=0	cnt=0..-1	def=	choices=	min=	max=	ds=	dsin=0	dsout=0	mx=	md=	deps=	hid=0/0/0	cat=Base	meta=	desc=Output layer name(s)
gdal vector sql	dialect			string	req=0	pos=0	in=1	out=0	cnt=0..1	def=	choices=	min=	max=	ds=	dsin=0	dsout=0	mx=	md=	deps=	hid=0/0/0	cat=Base	meta=	desc=SQL dialect (e.g. OGRSQL, SQLITE)
gdal vector swap-xy	help	h		boolean	req=0	pos=0	in=1	out=0	cnt=0..1	def=	choices=	min=	max=	ds=	dsin=0	dsout=0	mx=	md=	deps=	hid=0/0/1	cat=Common	meta=	desc=Display help message and exit
gdal vector swap-xy	help-doc			boolean	req=0	pos=0	in=1	out=0	cnt=0..1	def=	choices=	min=	max=	ds=	dsin=0	dsout=0	mx=	md=	deps=	hid=1/1/1	cat=Base	meta=	desc=Display help message for use by documentation
gdal vector swap-xy	json-usage			boolean	req=0	pos=0	in=1	out=0	cnt=0..1	def=	choices=	min=	max=	ds=	dsin=0	dsout=0	mx=	md=	deps=	hid=0/0/1	cat=Common	meta=	desc=Display usage as JSON document and exit
gdal vector swap-xy	config			string_list	req=0	pos=0	in=1	out=0	cnt=0..-1	def=	choices=	min=	max=	ds=	dsin=0	dsout=0	mx=	md=	deps=	hid=0/0/1	cat=Common	meta=	desc=Configuration option
gdal vector swap-xy	input-format		if	string_list	req=0	pos=0	in=1	out=0	cnt=0..-1	def=	choices=	min=	max=	ds=	dsin=0	dsout=0	mx=	md=	deps=	hid=0/0/0	cat=Advanced	meta=required_capabilities=DCAP_VECTOR;	desc=Input formats
gdal vector swap-xy	open-option		oo	string_list	req=0	pos=0	in=1	out=0	cnt=0..-1	def=	choices=	min=	max=	ds=	dsin=0	dsout=0	mx=	md=	deps=	hid=0/0/0	cat=Advanced	meta=	desc=Open options
gdal vector swap-xy	input	i		dataset_list	req=1	pos=1	in=1	out=0	cnt=1..1	def=	choices=	min=	max=	ds=vector	dsin=3	dsout=2	mx=	md=	deps=	hid=0/0/0	cat=Base	meta=	desc=Input vector datasets
gdal vector swap-xy	input-layer	l	layer	string_list	req=0	pos=0	in=1	out=0	cnt=0..-1	def=	choices=	min=	max=	ds=	dsin=0	dsout=0	mx=	md=	deps=	hid=0/0/0	cat=Base	meta=	desc=Input layer name(s)
gdal vector swap-xy	quiet	q		boolean	req=0	pos=0	in=1	out=0	cnt=0..1	def=	choices=	min=	max=	ds=	dsin=0	dsout=0	mx=	md=	deps=	hid=0/0/0	cat=Common	meta=	desc=Quiet mode (no progress bar or warning message)
gdal vector swap-xy	progress			boolean	req=0	pos=0	in=1	out=0	cnt=0..1	def=	choices=	min=	max=	ds=	dsin=0	dsout=0	mx=	md=	deps=	hid=1/1/1	cat=Base	meta=	desc=Display progress bar
gdal vector swap-xy	output-format	f	of|format	string	req=0	pos=0	in=1	out=0	cnt=0..1	def=	choices=	min=	max=	ds=	dsin=0	dsout=0	mx=	md=	deps=	hid=0/0/0	cat=Base	meta=required_capabilities=DCAP_VECTOR,DCAP_CREATE;	desc=Output format ("GDALG" allowed)
gdal vector swap-xy	output-open-option		output-oo	string_list	req=0	pos=0	in=1	out=0	cnt=0..-1	def=	choices=	min=	max=	ds=	dsin=0	dsout=0	mx=	md=	deps=	hid=0/0/0	cat=Advanced	meta=	desc=Output open options
gdal vector swap-xy	output	o		dataset	req=1	pos=1	in=1	out=1	cnt=0..1	def=	choices=	min=	max=	ds=vector	dsin=3	dsout=2	mx=	md=	deps=	hid=0/0/0	cat=Base	meta=	desc=Output vector dataset
gdal vector swap-xy	creation-option		co	string_list	req=0	pos=0	in=1	out=0	cnt=0..-1	def=	choices=	min=	max=	ds=	dsin=0	dsout=0	mx=	md=	deps=	hid=0/0/0	cat=Base	meta=	desc=Creation option
gdal vector swap-xy	layer-creation-option		lco	string_list	req=0	pos=0	in=1	out=0	cnt=0..-1	def=	choices=	min=	max=	ds=	dsin=0	dsout=0	mx=	md=	deps=	hid=0/0/0	cat=Base	meta=	desc=Layer creation option
gdal vector swap-xy	overwrite			boolean	req=0	pos=0	in=1	out=0	cnt=0..1	def=false	choices=	min=	max=	ds=	dsin=0	dsout=0	mx=	md=	deps=	hid=0/0/0	cat=Base	meta=	desc=Whether overwriting existing output dataset is allowed
gdal vector swap-xy	update			boolean	req=0	pos=0	in=1	out=0	cnt=0..1	def=false	choices=	min=	max=	ds=	dsin=0	dsout=0	mx=	md=	deps=	hid=0/0/0	cat=Base	meta=	desc=Whether to open existing dataset in update mode
gdal vector swap-xy	overwrite-layer			boolean	req=0	pos=0	in=1	out=0	cnt=0..1	def=false	choices=	min=	max=	ds=	dsin=0	dsout=0	mx=	md=	deps=	hid=0/0/0	cat=Base	meta=	desc=Whether overwriting existing output layer is allowed
gdal vector swap-xy	append			boolean	req=0	pos=0	in=1	out=0	cnt=0..1	def=false	choices=	min=	max=	ds=	dsin=0	dsout=0	mx=append-upsert	md=	deps=	hid=0/0/0	cat=Base	meta=	desc=Whether appending to existing layer is allowed
gdal vector swap-xy	upsert			boolean	req=0	pos=0	in=1	out=0	cnt=0..1	def=	choices=	min=	max=	ds=	dsin=0	dsout=0	mx=append-upsert	md=	deps=	hid=0/0/0	cat=Advanced	meta=	desc=Upsert features (implies 'append')
gdal vector swap-xy	output-layer			string	req=0	pos=0	in=1	out=0	cnt=0..1	def=	choices=	min=	max=	ds=	dsin=0	dsout=0	mx=	md=	deps=	hid=0/0/0	cat=Base	meta=	desc=Output layer name
gdal vector swap-xy	skip-errors			boolean	req=0	pos=0	in=1	out=0	cnt=0..1	def=	choices=	min=	max=	ds=	dsin=0	dsout=0	mx=	md=	deps=	hid=0/0/0	cat=Base	meta=	desc=Skip errors when writing features
gdal vector swap-xy	active-layer			string	req=0	pos=0	in=1	out=0	cnt=0..1	def=	choices=	min=	max=	ds=	dsin=0	dsout=0	mx=	md=	deps=	hid=0/0/0	cat=Base	meta=	desc=Set active layer (if not specified, all)
gdal vector swap-xy	active-geometry			string	req=0	pos=0	in=1	out=0	cnt=0..1	def=	choices=	min=	max=	ds=	dsin=0	dsout=0	mx=	md=	deps=	hid=0/0/0	cat=Base	meta=	desc=Geometry field name to which to restrict the processing (if not specified, all)
gdal vector update	help	h		boolean	req=0	pos=0	in=1	out=0	cnt=0..1	def=	choices=	min=	max=	ds=	dsin=0	dsout=0	mx=	md=	deps=	hid=0/0/1	cat=Common	meta=	desc=Display help message and exit
gdal vector update	help-doc			boolean	req=0	pos=0	in=1	out=0	cnt=0..1	def=	choices=	min=	max=	ds=	dsin=0	dsout=0	mx=	md=	deps=	hid=1/1/1	cat=Base	meta=	desc=Display help message for use by documentation
gdal vector update	json-usage			boolean	req=0	pos=0	in=1	out=0	cnt=0..1	def=	choices=	min=	max=	ds=	dsin=0	dsout=0	mx=	md=	deps=	hid=0/0/1	cat=Common	meta=	desc=Display usage as JSON document and exit
gdal vector update	config			string_list	req=0	pos=0	in=1	out=0	cnt=0..-1	def=	choices=	min=	max=	ds=	dsin=0	dsout=0	mx=	md=	deps=	hid=0/0/1	cat=Common	meta=	desc=Configuration option
gdal vector update	input-format		if	string_list	req=0	pos=0	in=1	out=0	cnt=0..-1	def=	choices=	min=	max=	ds=	dsin=0	dsout=0	mx=	md=	deps=	hid=0/0/0	cat=Advanced	meta=required_capabilities=DCAP_VECTOR;	desc=Input formats
gdal vector update	open-option		oo	string_list	req=0	pos=0	in=1	out=0	cnt=0..-1	def=	choices=	min=	max=	ds=	dsin=0	dsout=0	mx=	md=	deps=	hid=0/0/0	cat=Advanced	meta=	desc=Open options
gdal vector update	input	i		dataset_list	req=1	pos=1	in=1	out=0	cnt=1..1	def=	choices=	min=	max=	ds=vector	dsin=3	dsout=2	mx=	md=	deps=	hid=0/0/0	cat=Base	meta=	desc=Input vector datasets
gdal vector update	input-layer			string_list	req=0	pos=0	in=1	out=0	cnt=0..1	def=	choices=	min=	max=	ds=	dsin=0	dsout=0	mx=	md=	deps=	hid=0/0/0	cat=Base	meta=	desc=Input layer name
gdal vector update	quiet	q		boolean	req=0	pos=0	in=1	out=0	cnt=0..1	def=	choices=	min=	max=	ds=	dsin=0	dsout=0	mx=	md=	deps=	hid=0/0/0	cat=Common	meta=	desc=Quiet mode (no progress bar or warning message)
gdal vector update	progress			boolean	req=0	pos=0	in=1	out=0	cnt=0..1	def=	choices=	min=	max=	ds=	dsin=0	dsout=0	mx=	md=	deps=	hid=1/1/1	cat=Base	meta=	desc=Display progress bar
gdal vector update	output	o		dataset	req=1	pos=1	in=1	out=1	cnt=0..1	def=	choices=	min=	max=	ds=vector	dsin=3	dsout=2	mx=	md=	deps=	hid=0/0/0	cat=Base	meta=	desc=Output vector dataset
gdal vector update	output-open-option		output-oo	string_list	req=0	pos=0	in=1	out=0	cnt=0..-1	def=	choices=	min=	max=	ds=	dsin=0	dsout=0	mx=	md=	deps=	hid=0/0/0	cat=Advanced	meta=	desc=Output open options
gdal vector update	output-layer			string	req=0	pos=0	in=1	out=0	cnt=0..1	def=	choices=	min=	max=	ds=	dsin=0	dsout=0	mx=	md=	deps=	hid=0/0/0	cat=Base	meta=	desc=Output layer name
gdal vector update	update			boolean	req=0	pos=0	in=1	out=0	cnt=0..1	def=true	choices=	min=	max=	ds=	dsin=0	dsout=0	mx=	md=	deps=	hid=1/1/1	cat=Base	meta=	desc=Whether to open existing dataset in update mode
gdal vector update	mode			string	req=0	pos=0	in=1	out=0	cnt=0..1	def=merge	choices=merge|update-only|append-only	min=	max=	ds=	dsin=0	dsout=0	mx=	md=	deps=	hid=0/0/0	cat=Base	meta=	desc=Set update mode
gdal vector update	key			string_list	req=0	pos=0	in=1	out=0	cnt=0..-1	def=	choices=	min=	max=	ds=	dsin=0	dsout=0	mx=	md=	deps=	hid=0/0/0	cat=Base	meta=	desc=Field(s) used as a key to identify features
gdal vsi	help	h		boolean	req=0	pos=0	in=1	out=0	cnt=0..1	def=	choices=	min=	max=	ds=	dsin=0	dsout=0	mx=	md=	deps=	hid=0/0/1	cat=Common	meta=	desc=Display help message and exit
gdal vsi	help-doc			boolean	req=0	pos=0	in=1	out=0	cnt=0..1	def=	choices=	min=	max=	ds=	dsin=0	dsout=0	mx=	md=	deps=	hid=1/1/1	cat=Base	meta=	desc=Display help message for use by documentation
gdal vsi	json-usage			boolean	req=0	pos=0	in=1	out=0	cnt=0..1	def=	choices=	min=	max=	ds=	dsin=0	dsout=0	mx=	md=	deps=	hid=0/0/1	cat=Common	meta=	desc=Display usage as JSON document and exit
gdal vsi	config			string_list	req=0	pos=0	in=1	out=0	cnt=0..-1	def=	choices=	min=	max=	ds=	dsin=0	dsout=0	mx=	md=	deps=	hid=0/0/1	cat=Common	meta=	desc=Configuration option
gdal vsi copy	help	h		boolean	req=0	pos=0	in=1	out=0	cnt=0..1	def=	choices=	min=	max=	ds=	dsin=0	dsout=0	mx=	md=	deps=	hid=0/0/1	cat=Common	meta=	desc=Display help message and exit
gdal vsi copy	help-doc			boolean	req=0	pos=0	in=1	out=0	cnt=0..1	def=	choices=	min=	max=	ds=	dsin=0	dsout=0	mx=	md=	deps=	hid=1/1/1	cat=Base	meta=	desc=Display help message for use by documentation
gdal vsi copy	json-usage			boolean	req=0	pos=0	in=1	out=0	cnt=0..1	def=	choices=	min=	max=	ds=	dsin=0	dsout=0	mx=	md=	deps=	hid=0/0/1	cat=Common	meta=	desc=Display usage as JSON document and exit
gdal vsi copy	config			string_list	req=0	pos=0	in=1	out=0	cnt=0..-1	def=	choices=	min=	max=	ds=	dsin=0	dsout=0	mx=	md=	deps=	hid=0/0/1	cat=Common	meta=	desc=Configuration option
gdal vsi copy	source			string	req=1	pos=1	in=1	out=0	cnt=0..1	def=	choices=	min=	max=	ds=	dsin=0	dsout=0	mx=	md=	deps=	hid=0/0/0	cat=Base	meta=	desc=Source file or directory name
gdal vsi copy	destination			string	req=1	pos=1	in=1	out=0	cnt=0..1	def=	choices=	min=	max=	ds=	dsin=0	dsout=0	mx=	md=	deps=	hid=0/0/0	cat=Base	meta=	desc=Destination file or directory name
gdal vsi copy	recursive	r		boolean	req=0	pos=0	in=1	out=0	cnt=0..1	def=	choices=	min=	max=	ds=	dsin=0	dsout=0	mx=	md=	deps=	hid=0/0/0	cat=Base	meta=	desc=Copy subdirectories recursively
gdal vsi copy	skip-errors			boolean	req=0	pos=0	in=1	out=0	cnt=0..1	def=	choices=	min=	max=	ds=	dsin=0	dsout=0	mx=	md=	deps=	hid=0/0/0	cat=Base	meta=	desc=Skip errors
gdal vsi copy	quiet	q		boolean	req=0	pos=0	in=1	out=0	cnt=0..1	def=	choices=	min=	max=	ds=	dsin=0	dsout=0	mx=	md=	deps=	hid=0/0/0	cat=Common	meta=	desc=Quiet mode (no progress bar or warning message)
gdal vsi copy	progress			boolean	req=0	pos=0	in=1	out=0	cnt=0..1	def=	choices=	min=	max=	ds=	dsin=0	dsout=0	mx=	md=	deps=	hid=1/1/1	cat=Base	meta=	desc=Display progress bar
gdal vsi delete	help	h		boolean	req=0	pos=0	in=1	out=0	cnt=0..1	def=	choices=	min=	max=	ds=	dsin=0	dsout=0	mx=	md=	deps=	hid=0/0/1	cat=Common	meta=	desc=Display help message and exit
gdal vsi delete	help-doc			boolean	req=0	pos=0	in=1	out=0	cnt=0..1	def=	choices=	min=	max=	ds=	dsin=0	dsout=0	mx=	md=	deps=	hid=1/1/1	cat=Base	meta=	desc=Display help message for use by documentation
gdal vsi delete	json-usage			boolean	req=0	pos=0	in=1	out=0	cnt=0..1	def=	choices=	min=	max=	ds=	dsin=0	dsout=0	mx=	md=	deps=	hid=0/0/1	cat=Common	meta=	desc=Display usage as JSON document and exit
gdal vsi delete	config			string_list	req=0	pos=0	in=1	out=0	cnt=0..-1	def=	choices=	min=	max=	ds=	dsin=0	dsout=0	mx=	md=	deps=	hid=0/0/1	cat=Common	meta=	desc=Configuration option
gdal vsi delete	filename			string	req=1	pos=1	in=1	out=0	cnt=0..1	def=	choices=	min=	max=	ds=	dsin=0	dsout=0	mx=	md=	deps=	hid=0/0/0	cat=Base	meta=	desc=File or directory name to delete
gdal vsi delete	recursive	r		boolean	req=0	pos=0	in=1	out=0	cnt=0..1	def=	choices=	min=	max=	ds=	dsin=0	dsout=0	mx=	md=	deps=	hid=0/0/0	cat=Base	meta=	desc=Delete directories recursively
gdal vsi list	help	h		boolean	req=0	pos=0	in=1	out=0	cnt=0..1	def=	choices=	min=	max=	ds=	dsin=0	dsout=0	mx=	md=	deps=	hid=0/0/1	cat=Common	meta=	desc=Display help message and exit
gdal vsi list	help-doc			boolean	req=0	pos=0	in=1	out=0	cnt=0..1	def=	choices=	min=	max=	ds=	dsin=0	dsout=0	mx=	md=	deps=	hid=1/1/1	cat=Base	meta=	desc=Display help message for use by documentation
gdal vsi list	json-usage			boolean	req=0	pos=0	in=1	out=0	cnt=0..1	def=	choices=	min=	max=	ds=	dsin=0	dsout=0	mx=	md=	deps=	hid=0/0/1	cat=Common	meta=	desc=Display usage as JSON document and exit
gdal vsi list	config			string_list	req=0	pos=0	in=1	out=0	cnt=0..-1	def=	choices=	min=	max=	ds=	dsin=0	dsout=0	mx=	md=	deps=	hid=0/0/1	cat=Common	meta=	desc=Configuration option
gdal vsi list	filename			string	req=1	pos=1	in=1	out=0	cnt=0..1	def=	choices=	min=	max=	ds=	dsin=0	dsout=0	mx=	md=	deps=	hid=0/0/0	cat=Base	meta=	desc=File or directory name
gdal vsi list	output-format	f	of|format	string	req=0	pos=0	in=1	out=0	cnt=0..1	def=	choices=json|text	min=	max=	ds=	dsin=0	dsout=0	mx=	md=	deps=	hid=0/0/0	cat=Base	meta=	desc=Output format
gdal vsi list	long-listing	l	long	boolean	req=0	pos=0	in=1	out=0	cnt=0..1	def=	choices=	min=	max=	ds=	dsin=0	dsout=0	mx=	md=	deps=	hid=0/0/0	cat=Base	meta=	desc=Use a long listing format
gdal vsi list	recursive	R		boolean	req=0	pos=0	in=1	out=0	cnt=0..1	def=	choices=	min=	max=	ds=	dsin=0	dsout=0	mx=	md=	deps=	hid=0/0/0	cat=Base	meta=	desc=List subdirectories recursively
gdal vsi list	depth			integer	req=0	pos=0	in=1	out=0	cnt=0..1	def=	choices=	min=[1	max=	ds=	dsin=0	dsout=0	mx=	md=	deps=	hid=0/0/0	cat=Base	meta=	desc=Maximum depth in recursive mode
gdal vsi list	absolute-path		abs	boolean	req=0	pos=0	in=1	out=0	cnt=0..1	def=	choices=	min=	max=	ds=	dsin=0	dsout=0	mx=	md=	deps=	hid=0/0/0	cat=Base	meta=	desc=Display absolute path
gdal vsi list	tree			boolean	req=0	pos=0	in=1	out=0	cnt=0..1	def=	choices=	min=	max=	ds=	dsin=0	dsout=0	mx=	md=	deps=	hid=0/0/0	cat=Base	meta=	desc=Use a hierarchical presentation for JSON output
gdal vsi list	output-string			string	req=0	pos=0	in=0	out=1	cnt=0..1	def=	choices=	min=	max=	ds=	dsin=0	dsout=0	mx=	md=	deps=	hid=0/1/0	cat=Base	meta=	desc=Output string, in which the result is placed
gdal vsi list	stdout			boolean	req=0	pos=0	in=1	out=0	cnt=0..1	def=	choices=	min=	max=	ds=	dsin=0	dsout=0	mx=	md=	deps=	hid=1/1/1	cat=Base	meta=	desc=Directly output on stdout. If enabled, output-string will be empty
gdal vsi move	help	h		boolean	req=0	pos=0	in=1	out=0	cnt=0..1	def=	choices=	min=	max=	ds=	dsin=0	dsout=0	mx=	md=	deps=	hid=0/0/1	cat=Common	meta=	desc=Display help message and exit
gdal vsi move	help-doc			boolean	req=0	pos=0	in=1	out=0	cnt=0..1	def=	choices=	min=	max=	ds=	dsin=0	dsout=0	mx=	md=	deps=	hid=1/1/1	cat=Base	meta=	desc=Display help message for use by documentation
gdal vsi move	json-usage			boolean	req=0	pos=0	in=1	out=0	cnt=0..1	def=	choices=	min=	max=	ds=	dsin=0	dsout=0	mx=	md=	deps=	hid=0/0/1	cat=Common	meta=	desc=Display usage as JSON document and exit
gdal vsi move	config			string_list	req=0	pos=0	in=1	out=0	cnt=0..-1	def=	choices=	min=	max=	ds=	dsin=0	dsout=0	mx=	md=	deps=	hid=0/0/1	cat=Common	meta=	desc=Configuration option
gdal vsi move	quiet	q		boolean	req=0	pos=0	in=1	out=0	cnt=0..1	def=	choices=	min=	max=	ds=	dsin=0	dsout=0	mx=	md=	deps=	hid=0/0/0	cat=Common	meta=	desc=Quiet mode (no progress bar or warning message)
gdal vsi move	progress			boolean	req=0	pos=0	in=1	out=0	cnt=0..1	def=	choices=	min=	max=	ds=	dsin=0	dsout=0	mx=	md=	deps=	hid=1/1/1	cat=Base	meta=	desc=Display progress bar
gdal vsi move	source			string	req=1	pos=1	in=1	out=0	cnt=0..1	def=	choices=	min=	max=	ds=	dsin=0	dsout=0	mx=	md=	deps=	hid=0/0/0	cat=Base	meta=	desc=Source file or directory name
gdal vsi move	destination			string	req=1	pos=1	in=1	out=0	cnt=0..1	def=	choices=	min=	max=	ds=	dsin=0	dsout=0	mx=	md=	deps=	hid=0/0/0	cat=Base	meta=	desc=Destination file or directory name
gdal vsi sozip	help	h		boolean	req=0	pos=0	in=1	out=0	cnt=0..1	def=	choices=	min=	max=	ds=	dsin=0	dsout=0	mx=	md=	deps=	hid=0/0/1	cat=Common	meta=	desc=Display help message and exit
gdal vsi sozip	help-doc			boolean	req=0	pos=0	in=1	out=0	cnt=0..1	def=	choices=	min=	max=	ds=	dsin=0	dsout=0	mx=	md=	deps=	hid=1/1/1	cat=Base	meta=	desc=Display help message for use by documentation
gdal vsi sozip	json-usage			boolean	req=0	pos=0	in=1	out=0	cnt=0..1	def=	choices=	min=	max=	ds=	dsin=0	dsout=0	mx=	md=	deps=	hid=0/0/1	cat=Common	meta=	desc=Display usage as JSON document and exit
gdal vsi sozip	config			string_list	req=0	pos=0	in=1	out=0	cnt=0..-1	def=	choices=	min=	max=	ds=	dsin=0	dsout=0	mx=	md=	deps=	hid=0/0/1	cat=Common	meta=	desc=Configuration option
gdal vsi sozip create	help	h		boolean	req=0	pos=0	in=1	out=0	cnt=0..1	def=	choices=	min=	max=	ds=	dsin=0	dsout=0	mx=	md=	deps=	hid=0/0/1	cat=Common	meta=	desc=Display help message and exit
gdal vsi sozip create	help-doc			boolean	req=0	pos=0	in=1	out=0	cnt=0..1	def=	choices=	min=	max=	ds=	dsin=0	dsout=0	mx=	md=	deps=	hid=1/1/1	cat=Base	meta=	desc=Display help message for use by documentation
gdal vsi sozip create	json-usage			boolean	req=0	pos=0	in=1	out=0	cnt=0..1	def=	choices=	min=	max=	ds=	dsin=0	dsout=0	mx=	md=	deps=	hid=0/0/1	cat=Common	meta=	desc=Display usage as JSON document and exit
gdal vsi sozip create	config			string_list	req=0	pos=0	in=1	out=0	cnt=0..-1	def=	choices=	min=	max=	ds=	dsin=0	dsout=0	mx=	md=	deps=	hid=0/0/1	cat=Common	meta=	desc=Configuration option
gdal vsi sozip create	quiet	q		boolean	req=0	pos=0	in=1	out=0	cnt=0..1	def=	choices=	min=	max=	ds=	dsin=0	dsout=0	mx=	md=	deps=	hid=0/0/0	cat=Common	meta=	desc=Quiet mode (no progress bar or warning message)
gdal vsi sozip create	progress			boolean	req=0	pos=0	in=1	out=0	cnt=0..1	def=	choices=	min=	max=	ds=	dsin=0	dsout=0	mx=	md=	deps=	hid=1/1/1	cat=Base	meta=	desc=Display progress bar
gdal vsi sozip create	input	i		string_list	req=1	pos=1	in=1	out=0	cnt=0..-1	def=	choices=	min=	max=	ds=	dsin=0	dsout=0	mx=	md=	deps=	hid=0/0/0	cat=Base	meta=	desc=Input filenames
gdal vsi sozip create	output	o		string	req=1	pos=1	in=1	out=0	cnt=0..1	def=	choices=	min=	max=	ds=	dsin=0	dsout=0	mx=	md=	deps=	hid=0/0/0	cat=Base	meta=	desc=Output ZIP filename
gdal vsi sozip create	overwrite			boolean	req=0	pos=0	in=1	out=0	cnt=0..1	def=false	choices=	min=	max=	ds=	dsin=0	dsout=0	mx=	md=	deps=	hid=0/0/0	cat=Base	meta=	desc=Whether overwriting existing output dataset is allowed
gdal vsi sozip create	recursive	r		boolean	req=0	pos=0	in=1	out=0	cnt=0..1	def=	choices=	min=	max=	ds=	dsin=0	dsout=0	mx=	md=	deps=	hid=0/0/0	cat=Base	meta=	desc=Travels the directory structure of the specified directories recursively
gdal vsi sozip create	no-paths	j	junk-paths	boolean	req=0	pos=0	in=1	out=0	cnt=0..1	def=	choices=	min=	max=	ds=	dsin=0	dsout=0	mx=	md=	deps=	hid=0/0/0	cat=Base	meta=	desc=Store just the name of a saved file, and do not store directory names
gdal vsi sozip create	enable-sozip			string	req=0	pos=0	in=1	out=0	cnt=0..1	def=auto	choices=auto|yes|no	min=	max=	ds=	dsin=0	dsout=0	mx=	md=	deps=	hid=0/0/0	cat=Base	meta=	desc=Whether to automatically/systematically/never apply the SOZIP optimization
gdal vsi sozip create	sozip-chunk-size			string	req=0	pos=0	in=1	out=0	cnt=0..1	def=32768	choices=	min=	max=	ds=	dsin=0	dsout=0	mx=	md=	deps=	hid=0/0/0	cat=Base	meta=	desc=Chunk size for a seek-optimized file
gdal vsi sozip create	sozip-min-file-size			string	req=0	pos=0	in=1	out=0	cnt=0..1	def=1 MB	choices=	min=	max=	ds=	dsin=0	dsout=0	mx=	md=	deps=	hid=0/0/0	cat=Base	meta=	desc=Minimum file size to decide if a file should be seek-optimized
gdal vsi sozip create	content-type			string	req=0	pos=0	in=1	out=0	cnt=0..1	def=	choices=	min=	max=	ds=	dsin=0	dsout=0	mx=	md=	deps=	hid=0/0/0	cat=Base	meta=	desc=Store the Content-Type of the file being added.
gdal vsi sozip create	output-string			string	req=0	pos=0	in=0	out=1	cnt=0..1	def=	choices=	min=	max=	ds=	dsin=0	dsout=0	mx=	md=	deps=	hid=0/1/0	cat=Base	meta=	desc=Output string, in which the result is placed
gdal vsi sozip create	stdout			boolean	req=0	pos=0	in=1	out=0	cnt=0..1	def=	choices=	min=	max=	ds=	dsin=0	dsout=0	mx=	md=	deps=	hid=1/1/1	cat=Base	meta=	desc=Directly output on stdout. If enabled, output-string will be empty
gdal vsi sozip list	help	h		boolean	req=0	pos=0	in=1	out=0	cnt=0..1	def=	choices=	min=	max=	ds=	dsin=0	dsout=0	mx=	md=	deps=	hid=0/0/1	cat=Common	meta=	desc=Display help message and exit
gdal vsi sozip list	help-doc			boolean	req=0	pos=0	in=1	out=0	cnt=0..1	def=	choices=	min=	max=	ds=	dsin=0	dsout=0	mx=	md=	deps=	hid=1/1/1	cat=Base	meta=	desc=Display help message for use by documentation
gdal vsi sozip list	json-usage			boolean	req=0	pos=0	in=1	out=0	cnt=0..1	def=	choices=	min=	max=	ds=	dsin=0	dsout=0	mx=	md=	deps=	hid=0/0/1	cat=Common	meta=	desc=Display usage as JSON document and exit
gdal vsi sozip list	config			string_list	req=0	pos=0	in=1	out=0	cnt=0..-1	def=	choices=	min=	max=	ds=	dsin=0	dsout=0	mx=	md=	deps=	hid=0/0/1	cat=Common	meta=	desc=Configuration option
gdal vsi sozip list	input	i		string	req=1	pos=1	in=1	out=0	cnt=0..1	def=	choices=	min=	max=	ds=	dsin=0	dsout=0	mx=	md=	deps=	hid=0/0/0	cat=Base	meta=	desc=Input ZIP filename
gdal vsi sozip list	output-string			string	req=0	pos=0	in=0	out=1	cnt=0..1	def=	choices=	min=	max=	ds=	dsin=0	dsout=0	mx=	md=	deps=	hid=0/1/0	cat=Base	meta=	desc=Output string, in which the result is placed
gdal vsi sozip optimize	help	h		boolean	req=0	pos=0	in=1	out=0	cnt=0..1	def=	choices=	min=	max=	ds=	dsin=0	dsout=0	mx=	md=	deps=	hid=0/0/1	cat=Common	meta=	desc=Display help message and exit
gdal vsi sozip optimize	help-doc			boolean	req=0	pos=0	in=1	out=0	cnt=0..1	def=	choices=	min=	max=	ds=	dsin=0	dsout=0	mx=	md=	deps=	hid=1/1/1	cat=Base	meta=	desc=Display help message for use by documentation
gdal vsi sozip optimize	json-usage			boolean	req=0	pos=0	in=1	out=0	cnt=0..1	def=	choices=	min=	max=	ds=	dsin=0	dsout=0	mx=	md=	deps=	hid=0/0/1	cat=Common	meta=	desc=Display usage as JSON document and exit
gdal vsi sozip optimize	config			string_list	req=0	pos=0	in=1	out=0	cnt=0..-1	def=	choices=	min=	max=	ds=	dsin=0	dsout=0	mx=	md=	deps=	hid=0/0/1	cat=Common	meta=	desc=Configuration option
gdal vsi sozip optimize	quiet	q		boolean	req=0	pos=0	in=1	out=0	cnt=0..1	def=	choices=	min=	max=	ds=	dsin=0	dsout=0	mx=	md=	deps=	hid=0/0/0	cat=Common	meta=	desc=Quiet mode (no progress bar or warning message)
gdal vsi sozip optimize	progress			boolean	req=0	pos=0	in=1	out=0	cnt=0..1	def=	choices=	min=	max=	ds=	dsin=0	dsout=0	mx=	md=	deps=	hid=1/1/1	cat=Base	meta=	desc=Display progress bar
gdal vsi sozip optimize	input	i		string_list	req=1	pos=1	in=1	out=0	cnt=0..1	def=	choices=	min=	max=	ds=	dsin=0	dsout=0	mx=	md=	deps=	hid=0/0/0	cat=Base	meta=	desc=Input ZIP filename
gdal vsi sozip optimize	output	o		string	req=1	pos=1	in=1	out=0	cnt=0..1	def=	choices=	min=	max=	ds=	dsin=0	dsout=0	mx=	md=	deps=	hid=0/0/0	cat=Base	meta=	desc=Output ZIP filename
gdal vsi sozip optimize	overwrite			boolean	req=0	pos=0	in=1	out=0	cnt=0..1	def=false	choices=	min=	max=	ds=	dsin=0	dsout=0	mx=	md=	deps=	hid=0/0/0	cat=Base	meta=	desc=Whether overwriting existing output dataset is allowed
gdal vsi sozip optimize	enable-sozip			string	req=0	pos=0	in=1	out=0	cnt=0..1	def=auto	choices=auto|yes|no	min=	max=	ds=	dsin=0	dsout=0	mx=	md=	deps=	hid=0/0/0	cat=Base	meta=	desc=Whether to automatically/systematically/never apply the SOZIP optimization
gdal vsi sozip optimize	sozip-chunk-size			string	req=0	pos=0	in=1	out=0	cnt=0..1	def=32768	choices=	min=	max=	ds=	dsin=0	dsout=0	mx=	md=	deps=	hid=0/0/0	cat=Base	meta=	desc=Chunk size for a seek-optimized file
gdal vsi sozip optimize	sozip-min-file-size			string	req=0	pos=0	in=1	out=0	cnt=0..1	def=1 MB	choices=	min=	max=	ds=	dsin=0	dsout=0	mx=	md=	deps=	hid=0/0/0	cat=Base	meta=	desc=Minimum file size to decide if a file should be seek-optimized
gdal vsi sozip optimize	output-string			string	req=0	pos=0	in=0	out=1	cnt=0..1	def=	choices=	min=	max=	ds=	dsin=0	dsout=0	mx=	md=	deps=	hid=0/1/0	cat=Base	meta=	desc=Output string, in which the result is placed
gdal vsi sozip optimize	stdout			boolean	req=0	pos=0	in=1	out=0	cnt=0..1	def=	choices=	min=	max=	ds=	dsin=0	dsout=0	mx=	md=	deps=	hid=1/1/1	cat=Base	meta=	desc=Directly output on stdout. If enabled, output-string will be empty
gdal vsi sozip validate	help	h		boolean	req=0	pos=0	in=1	out=0	cnt=0..1	def=	choices=	min=	max=	ds=	dsin=0	dsout=0	mx=	md=	deps=	hid=0/0/1	cat=Common	meta=	desc=Display help message and exit
gdal vsi sozip validate	help-doc			boolean	req=0	pos=0	in=1	out=0	cnt=0..1	def=	choices=	min=	max=	ds=	dsin=0	dsout=0	mx=	md=	deps=	hid=1/1/1	cat=Base	meta=	desc=Display help message for use by documentation
gdal vsi sozip validate	json-usage			boolean	req=0	pos=0	in=1	out=0	cnt=0..1	def=	choices=	min=	max=	ds=	dsin=0	dsout=0	mx=	md=	deps=	hid=0/0/1	cat=Common	meta=	desc=Display usage as JSON document and exit
gdal vsi sozip validate	config			string_list	req=0	pos=0	in=1	out=0	cnt=0..-1	def=	choices=	min=	max=	ds=	dsin=0	dsout=0	mx=	md=	deps=	hid=0/0/1	cat=Common	meta=	desc=Configuration option
gdal vsi sozip validate	input	i		string	req=1	pos=1	in=1	out=0	cnt=0..1	def=	choices=	min=	max=	ds=	dsin=0	dsout=0	mx=	md=	deps=	hid=0/0/0	cat=Base	meta=	desc=Input ZIP filename
gdal vsi sozip validate	output-string			string	req=0	pos=0	in=0	out=1	cnt=0..1	def=	choices=	min=	max=	ds=	dsin=0	dsout=0	mx=	md=	deps=	hid=0/1/0	cat=Base	meta=	desc=Output string, in which the result is placed
gdal vsi sozip validate	verbose	v		boolean	req=0	pos=0	in=1	out=0	cnt=0..1	def=	choices=	min=	max=	ds=	dsin=0	dsout=0	mx=	md=	deps=	hid=0/0/1	cat=Base	meta=	desc=Turn on verbose mode
gdal vsi sozip validate	stdout			boolean	req=0	pos=0	in=1	out=0	cnt=0..1	def=	choices=	min=	max=	ds=	dsin=0	dsout=0	mx=	md=	deps=	hid=1/1/1	cat=Base	meta=	desc=Directly output on stdout. If enabled, output-string will be empty
gdal vsi sync	help	h		boolean	req=0	pos=0	in=1	out=0	cnt=0..1	def=	choices=	min=	max=	ds=	dsin=0	dsout=0	mx=	md=	deps=	hid=0/0/1	cat=Common	meta=	desc=Display help message and exit
gdal vsi sync	help-doc			boolean	req=0	pos=0	in=1	out=0	cnt=0..1	def=	choices=	min=	max=	ds=	dsin=0	dsout=0	mx=	md=	deps=	hid=1/1/1	cat=Base	meta=	desc=Display help message for use by documentation
gdal vsi sync	json-usage			boolean	req=0	pos=0	in=1	out=0	cnt=0..1	def=	choices=	min=	max=	ds=	dsin=0	dsout=0	mx=	md=	deps=	hid=0/0/1	cat=Common	meta=	desc=Display usage as JSON document and exit
gdal vsi sync	config			string_list	req=0	pos=0	in=1	out=0	cnt=0..-1	def=	choices=	min=	max=	ds=	dsin=0	dsout=0	mx=	md=	deps=	hid=0/0/1	cat=Common	meta=	desc=Configuration option
gdal vsi sync	quiet	q		boolean	req=0	pos=0	in=1	out=0	cnt=0..1	def=	choices=	min=	max=	ds=	dsin=0	dsout=0	mx=	md=	deps=	hid=0/0/0	cat=Common	meta=	desc=Quiet mode (no progress bar or warning message)
gdal vsi sync	progress			boolean	req=0	pos=0	in=1	out=0	cnt=0..1	def=	choices=	min=	max=	ds=	dsin=0	dsout=0	mx=	md=	deps=	hid=1/1/1	cat=Base	meta=	desc=Display progress bar
gdal vsi sync	source			string	req=1	pos=1	in=1	out=0	cnt=0..1	def=	choices=	min=	max=	ds=	dsin=0	dsout=0	mx=	md=	deps=	hid=0/0/0	cat=Base	meta=	desc=Source file or directory name
gdal vsi sync	destination			string	req=1	pos=1	in=1	out=0	cnt=0..1	def=	choices=	min=	max=	ds=	dsin=0	dsout=0	mx=	md=	deps=	hid=0/0/0	cat=Base	meta=	desc=Destination file or directory name
gdal vsi sync	recursive	r		boolean	req=0	pos=0	in=1	out=0	cnt=0..1	def=	choices=	min=	max=	ds=	dsin=0	dsout=0	mx=	md=	deps=	hid=0/0/0	cat=Base	meta=	desc=Synchronize recursively
gdal vsi sync	strategy			string	req=0	pos=0	in=1	out=0	cnt=0..1	def=timestamp	choices=timestamp|ETag|overwrite	min=	max=	ds=	dsin=0	dsout=0	mx=	md=	deps=	hid=0/0/0	cat=Base	meta=	desc=Synchronization strategy
gdal vsi sync	num-threads	j		string	req=0	pos=0	in=1	out=0	cnt=0..1	def=	choices=	min=	max=	ds=	dsin=0	dsout=0	mx=	md=	deps=	hid=0/0/0	cat=Base	meta=	desc=Number of jobs (or ALL_CPUS)
gdal vsi sync	num-threads-int-hidden			integer	req=0	pos=0	in=1	out=0	cnt=0..1	def=	choices=	min=	max=	ds=	dsin=0	dsout=0	mx=	md=	deps=	hid=1/1/1	cat=Base	meta=	desc=Number of jobs (read-only, hidden argument)
